{
  "type" : "FeatureCollection",
  "features" : [
    {
      "geometry" : {
        "type" : "Point",
        "coordinates" : [
          -5.7090483859047154,
          55.556752548821272
        ]
      },
      "properties" : {
        "type" : "visit",
        "timestamp" : "2026-05-18T18:39:20Z",
        "weather" : "Bedeckter Himmel (10,4 °C)",
        "address" : "Tarbert, PA29, Schottland",
        "arrival" : "2026-05-18T18:39:20Z",
        "device" : "B9E47AEB-E54C-4563-96B6-06995DD4BC56 (iPhone 16 Pro)",
        "source" : "Geory 5.3.2",
        "duration" : 55672.298957824707,
        "departure" : "2026-05-19T10:07:13Z",
        "rating" : 0
      },
      "type" : "Feature"
    },
    {
      "type" : "Feature",
      "geometry" : {
        "type" : "Point",
        "coordinates" : [
          -5.4254108714436482,
          55.927355875719527
        ]
      },
      "properties" : {
        "rating" : 0,
        "type" : "visit",
        "device" : "B9E47AEB-E54C-4563-96B6-06995DD4BC56 (iPhone 16 Pro)",
        "weather" : "Leichter Regen (12,6 °C)",
        "arrival" : "2026-05-19T10:51:50Z",
        "duration" : 2307.9781851768494,
        "timestamp" : "2026-05-19T10:51:50Z",
        "source" : "Geory 5.3.2",
        "departure" : "2026-05-19T11:30:18Z",
        "address" : "Erines, 1 North Gate Lodge, Tarbert, PA29 6YL, Schottland"
      }
    },
    {
      "geometry" : {
        "type" : "Point",
        "coordinates" : [
          -5.4719377990021583,
          56.409499630132871
        ]
      },
      "properties" : {
        "address" : "Lochavullin Road, Oban, PA34, Schottland",
        "arrival" : "2026-05-19T12:55:28Z",
        "rating" : 0,
        "source" : "Geory 5.3.2",
        "departure" : "2026-05-19T14:03:50Z",
        "device" : "B9E47AEB-E54C-4563-96B6-06995DD4BC56 (iPhone 16 Pro)",
        "weather" : "Bedeckter Himmel (13,0 °C)",
        "type" : "visit",
        "duration" : 4101.8882310390472,
        "timestamp" : "2026-05-19T12:55:28Z"
      },
      "type" : "Feature"
    },
    {
      "properties" : {
        "rating" : 0,
        "type" : "visit",
        "source" : "Geory 5.3.2",
        "weather" : "Bedeckter Himmel (13,0 °C)",
        "timestamp" : "2026-05-19T14:05:30Z",
        "arrival" : "2026-05-19T14:05:30Z",
        "duration" : 1507.2939486503601,
        "device" : "B9E47AEB-E54C-4563-96B6-06995DD4BC56 (iPhone 16 Pro)",
        "departure" : "2026-05-19T14:30:38Z",
        "address" : "Lochavullin Road, Oban, PA34, Schottland"
      },
      "type" : "Feature",
      "geometry" : {
        "type" : "Point",
        "coordinates" : [
          -5.4721414267612944,
          56.409372329348301
        ]
      }
    },
    {
      "geometry" : {
        "type" : "Point",
        "coordinates" : [
          -5.4767440621604706,
          56.411770398722048
        ]
      },
      "properties" : {
        "arrival" : "2026-05-19T14:34:33Z",
        "weather" : "Leichter Regen (11,6 °C)",
        "address" : "Oban Ferry Terminal, Steam Packet Office, Railway Pier, Oban, PA34 4DB, Schottland",
        "rating" : 0,
        "departure" : "2026-05-19T16:08:26Z",
        "device" : "B9E47AEB-E54C-4563-96B6-06995DD4BC56 (iPhone 16 Pro)",
        "source" : "Geory 5.3.2",
        "duration" : 5633.999255657196,
        "timestamp" : "2026-05-19T14:34:33Z",
        "type" : "visit"
      },
      "type" : "Feature"
    },
    {
      "type" : "Feature",
      "geometry" : {
        "type" : "Point",
        "coordinates" : [
          -6.2453984001220979,
          56.289573442880481
        ]
      },
      "properties" : {
        "device" : "B9E47AEB-E54C-4563-96B6-06995DD4BC56 (iPhone 16 Pro)",
        "timestamp" : "2026-05-19T18:22:48Z",
        "type" : "visit",
        "address" : "Isle Of Mull, PA67, Schottland",
        "duration" : 1047.6964497566223,
        "weather" : "Bedeckter Himmel (12,8 °C)",
        "arrival" : "2026-05-19T18:22:48Z",
        "rating" : 0,
        "departure" : "2026-05-19T18:40:16Z",
        "source" : "Geory 5.3.2"
      }
    },
    {
      "type" : "Feature",
      "properties" : {
        "departure" : "2026-05-20T10:18:26Z",
        "type" : "visit",
        "address" : "Isle Of Mull, PA67, Schottland",
        "device" : "B9E47AEB-E54C-4563-96B6-06995DD4BC56 (iPhone 16 Pro)",
        "arrival" : "2026-05-19T18:52:59Z",
        "source" : "Geory 5.3.2",
        "timestamp" : "2026-05-19T18:52:59Z",
        "weather" : "Bedeckter Himmel (12,5 °C)",
        "duration" : 55526.000495672226,
        "rating" : 0
      },
      "geometry" : {
        "type" : "Point",
        "coordinates" : [
          -6.245674482297197,
          56.289883651962775
        ]
      }
    },
    {
      "properties" : {
        "source" : "Geory 5.3.2",
        "type" : "route",
        "end" : "2026-05-19T21:59:59Z",
        "start" : "2026-05-18T22:00:00Z",
        "device" : "B9E47AEB-E54C-4563-96B6-06995DD4BC56 (iPhone 16 Pro)"
      },
      "type" : "Feature",
      "geometry" : {
        "type" : "LineString",
        "coordinates" : [
          [
            -6.245674482297197,
            56.289883651962775
          ],
          [
            -6.2431656431676652,
            56.288817190154326
          ],
          [
            -6.2406878967651478,
            56.288715193364773
          ],
          [
            -6.2453984001220979,
            56.289573442880481
          ],
          [
            -6.2470882833333325,
            56.290868966666658
          ],
          [
            -6.2482396666666657,
            56.291529066666669
          ],
          [
            -6.248724283333333,
            56.292398450000007
          ],
          [
            -6.248239075754265,
            56.2934608686597
          ],
          [
            -6.247204233333334,
            56.293575283333332
          ],
          [
            -6.2459694999999993,
            56.29416573333333
          ],
          [
            -6.2447325166666667,
            56.294744833333333
          ],
          [
            -6.2434905166666663,
            56.2953495
          ],
          [
            -6.2422399500000001,
            56.295943733333324
          ],
          [
            -6.2409494999999993,
            56.296557433333334
          ],
          [
            -6.2403607666666669,
            56.297432416666666
          ],
          [
            -6.2417435166666655,
            56.298188033333332
          ],
          [
            -6.2431025166666672,
            56.298933133333342
          ],
          [
            -6.2444485500000004,
            56.299680500000008
          ],
          [
            -6.2456403000000007,
            56.300359783333334
          ],
          [
            -6.2462966333333325,
            56.301368900000007
          ],
          [
            -6.2469254333333328,
            56.302336666666662
          ],
          [
            -6.2475339999999999,
            56.303224183333334
          ],
          [
            -6.2479583333333339,
            56.30410475
          ],
          [
            -6.2475203668321324,
            56.305024183906063
          ],
          [
            -6.2471630542083263,
            56.305950683587831
          ],
          [
            -6.2459113500000001,
            56.306629133333338
          ],
          [
            -6.2451371833333331,
            56.30745095000001
          ],
          [
            -6.2455268333333347,
            56.308719166666663
          ],
          [
            -6.2455987666666655,
            56.309299300000006
          ],
          [
            -6.245527270850971,
            56.310223554711392
          ],
          [
            -6.2457651166666661,
            56.31112663333333
          ],
          [
            -6.2455400073566381,
            56.312067167378423
          ],
          [
            -6.2452932999999993,
            56.312965550000008
          ],
          [
            -6.243860716666668,
            56.313535249999994
          ],
          [
            -6.242491733333333,
            56.314095949999995
          ],
          [
            -6.2409872088508056,
            56.314621637500593
          ],
          [
            -6.2393605029179975,
            56.314811127103802
          ],
          [
            -6.2376383579606101,
            56.314802263478462
          ],
          [
            -6.2359033969569317,
            56.314871775242793
          ],
          [
            -6.2353191586635504,
            56.315743901411501
          ],
          [
            -6.2340562333333329,
            56.316312666666668
          ],
          [
            -6.2334929666666667,
            56.317171583333327
          ],
          [
            -6.2316326000000002,
            56.316993050000001
          ],
          [
            -6.2299590166666672,
            56.316377849999995
          ],
          [
            -6.2276957833333331,
            56.315797533333338
          ],
          [
            -6.2252818833333334,
            56.315630049999996
          ],
          [
            -6.2230795500000005,
            56.31623075000001
          ],
          [
            -6.221195016666667,
            56.317320000000002
          ],
          [
            -6.2197589499999992,
            56.318424283333329
          ],
          [
            -6.2181237166666659,
            56.319683133333335
          ],
          [
            -6.2166303666666671,
            56.320839600000006
          ],
          [
            -6.2148204500000004,
            56.321699033333338
          ],
          [
            -6.2129296666666676,
            56.322166616666664
          ],
          [
            -6.2105377499999994,
            56.32277486666667
          ],
          [
            -6.2083022666666672,
            56.323716033333334
          ],
          [
            -6.2064157166666671,
            56.324619066666671
          ],
          [
            -6.2044057666666674,
            56.325738416666667
          ],
          [
            -6.2026273000000005,
            56.326731050000006
          ],
          [
            -6.200712283333333,
            56.327603333333343
          ],
          [
            -6.198721383333333,
            56.328679383333338
          ],
          [
            -6.1970026999999996,
            56.329619800000003
          ],
          [
            -6.1947468666666667,
            56.330239266666659
          ],
          [
            -6.1922576833333336,
            56.330709616666667
          ],
          [
            -6.1901012333333325,
            56.33082035000001
          ],
          [
            -6.1878087333333323,
            56.330658283333328
          ],
          [
            -6.1859665333333336,
            56.330901300000001
          ],
          [
            -6.183411116666667,
            56.331312716666659
          ],
          [
            -6.1805571166666677,
            56.331861933333322
          ],
          [
            -6.1779210666666664,
            56.332405349999995
          ],
          [
            -6.1756989166666658,
            56.33288116666666
          ],
          [
            -6.1735022333333331,
            56.333392000000003
          ],
          [
            -6.1709042499999995,
            56.333962233333331
          ],
          [
            -6.1691646166666656,
            56.334300050000003
          ],
          [
            -6.166972266666666,
            56.334825716666664
          ],
          [
            -6.1650626833333346,
            56.335639933333333
          ],
          [
            -6.1627513333333335,
            56.336155899999994
          ],
          [
            -6.1603018833333323,
            56.336336233333334
          ],
          [
            -6.1578492499999999,
            56.336284583333324
          ],
          [
            -6.1556299500000007,
            56.33651011666668
          ],
          [
            -6.1531099500000002,
            56.336374849999991
          ],
          [
            -6.1507294666666672,
            56.33618993333333
          ],
          [
            -6.1480774999999994,
            56.336555199999999
          ],
          [
            -6.1454728500000009,
            56.336386966666673
          ],
          [
            -6.1433855333333325,
            56.335788066666659
          ],
          [
            -6.1411297000000014,
            56.336166933333331
          ],
          [
            -6.139540148888412,
            56.337270671851599
          ],
          [
            -6.1393806760427951,
            56.338546874965999
          ],
          [
            -6.1373526666666676,
            56.339494683333342
          ],
          [
            -6.1346487833333327,
            56.339885733333325
          ],
          [
            -6.1319023499999989,
            56.33979575
          ],
          [
            -6.1292353666666672,
            56.339709666666678
          ],
          [
            -6.1269865000000001,
            56.340364349999994
          ],
          [
            -6.1253585666666668,
            56.341238233333328
          ],
          [
            -6.1239884,
            56.342079366666667
          ],
          [
            -6.1229105000000006,
            56.342785583333338
          ],
          [
            -6.1210441833333338,
            56.343601616666668
          ],
          [
            -6.1188182166666678,
            56.343610099999999
          ],
          [
            -6.1161733666666676,
            56.343524333333335
          ],
          [
            -6.1139874166666663,
            56.343340033333341
          ],
          [
            -6.1114761666666668,
            56.343564833333325
          ],
          [
            -6.1092977666666668,
            56.34370005000001
          ],
          [
            -6.1075441833333324,
            56.343067216666668
          ],
          [
            -6.1060934999999992,
            56.342433450000001
          ],
          [
            -6.1037865500000015,
            56.341965899999998
          ],
          [
            -6.1018061500987208,
            56.342838112255308
          ],
          [
            -6.0999968462189162,
            56.344075231036221
          ],
          [
            -6.0982414500000006,
            56.344954033333337
          ],
          [
            -6.0957441000000001,
            56.345096966666674
          ],
          [
            -6.0932278499999999,
            56.345510883333326
          ],
          [
            -6.0911065000000013,
            56.3458781
          ],
          [
            -6.089456899362629,
            56.346428324068889
          ],
          [
            -6.0883882950799393,
            56.347567028901906
          ],
          [
            -6.0880129524238669,
            56.348646053613457
          ],
          [
            -6.0866496911153485,
            56.349544856794282
          ],
          [
            -6.085502782034979,
            56.350880973307731
          ],
          [
            -6.0834201723718513,
            56.351749368405279
          ],
          [
            -6.0813984000000003,
            56.352458616666674
          ],
          [
            -6.0787383499999992,
            56.352713166666668
          ],
          [
            -6.0764743666666678,
            56.352959633333327
          ],
          [
            -6.0748198632311734,
            56.353232841585161
          ],
          [
            -6.0728945656191815,
            56.354158675084989
          ],
          [
            -6.0705032705644379,
            56.354739468733335
          ],
          [
            -6.0680135471119137,
            56.355287645121251
          ],
          [
            -6.0652679604407549,
            56.355894954671093
          ],
          [
            -6.0652679604407549,
            56.355894954671093
          ],
          [
            -6.0628180503264542,
            56.35644375333333
          ],
          [
            -6.0605372000000006,
            56.356821016666665
          ],
          [
            -6.0581977833333331,
            56.357310383333335
          ],
          [
            -6.0561545833333339,
            56.357761183333331
          ],
          [
            -6.0542349166666662,
            56.358242233333343
          ],
          [
            -6.0522276201524638,
            56.358640173388601
          ],
          [
            -6.0503712559480753,
            56.359183513385155
          ],
          [
            -6.0484331166666658,
            56.359502850000005
          ],
          [
            -6.0461637902898495,
            56.359698765806691
          ],
          [
            -6.0439255511229719,
            56.359853026126373
          ],
          [
            -6.0424247372803643,
            56.360554190177986
          ],
          [
            -6.0405436833333344,
            56.361508400000005
          ],
          [
            -6.0383846666666674,
            56.362122933333325
          ],
          [
            -6.0362392166666661,
            56.362462749999999
          ],
          [
            -6.0343512999999991,
            56.362690166666667
          ],
          [
            -6.0318921666666672,
            56.363104233333331
          ],
          [
            -6.0296563496065323,
            56.363393892079351
          ],
          [
            -6.0279882666666671,
            56.363798066666675
          ],
          [
            -6.0260631333333334,
            56.364002866666674
          ],
          [
            -6.0240572657153395,
            56.364227972367352
          ],
          [
            -6.0221834663508433,
            56.3643067618533
          ],
          [
            -6.0205180246748569,
            56.364489766889925
          ],
          [
            -6.0188925166666669,
            56.364716566666658
          ],
          [
            -6.0181368333333332,
            56.365693166666674
          ],
          [
            -6.0169840119788729,
            56.366594537571174
          ],
          [
            -6.015699616666665,
            56.367693583333327
          ],
          [
            -6.0146514487785039,
            56.368867251728055
          ],
          [
            -6.0142753737411736,
            56.36934290492546
          ],
          [
            -6.0136024100439647,
            56.370174823937887
          ],
          [
            -6.0128217166666671,
            56.37118808333333
          ],
          [
            -6.0112140314949691,
            56.371936252069112
          ],
          [
            -6.0101129758103964,
            56.372859505673482
          ],
          [
            -6.0091283306143524,
            56.373657294689487
          ],
          [
            -6.0076231840640428,
            56.374443115523817
          ],
          [
            -6.0057283333333329,
            56.375191883333343
          ],
          [
            -6.0044901366968055,
            56.376274973937974
          ],
          [
            -6.003360020881118,
            56.377422013254574
          ],
          [
            -6.0026136519275841,
            56.378543088444935
          ],
          [
            -6.001848112457135,
            56.379554835082168
          ],
          [
            -6.0013774089479766,
            56.38070376870629
          ],
          [
            -5.9998735666666674,
            56.38184436666667
          ],
          [
            -5.9980337000000006,
            56.382589416666661
          ],
          [
            -5.9962276666666661,
            56.382790666666672
          ],
          [
            -5.9945678500000001,
            56.382820300000006
          ],
          [
            -5.9921864166666676,
            56.382615550000004
          ],
          [
            -5.9897702012644078,
            56.383091493275124
          ],
          [
            -5.9874916666666671,
            56.383385916666676
          ],
          [
            -5.9850419166666669,
            56.383338966666663
          ],
          [
            -5.982506246668688,
            56.383560946532697
          ],
          [
            -5.9807641183629539,
            56.384414869542731
          ],
          [
            -5.978954271049937,
            56.385479388671783
          ],
          [
            -5.9784217994081148,
            56.386696443286382
          ],
          [
            -5.9781861568074985,
            56.387869064690967
          ],
          [
            -5.9779316510106071,
            56.38857633946018
          ],
          [
            -5.9776984199452956,
            56.389215257299185
          ],
          [
            -5.9773360823107735,
            56.390218226713124
          ],
          [
            -5.976985544834271,
            56.391188837415982
          ],
          [
            -5.9762975333333328,
            56.392269599999992
          ],
          [
            -5.9751315333333332,
            56.392959350000005
          ],
          [
            -5.9737776574812376,
            56.394259155827335
          ],
          [
            -5.9735680029853944,
            56.395946218096661
          ],
          [
            -5.9733816643735018,
            56.397525554854639
          ],
          [
            -5.972602066666667,
            56.399069600000004
          ],
          [
            -5.9707513666666667,
            56.400290516666672
          ],
          [
            -5.9683115000000004,
            56.401446266666674
          ],
          [
            -5.9658241166666661,
            56.402624033333332
          ],
          [
            -5.963575783333332,
            56.403690033333334
          ],
          [
            -5.9617499500000006,
            56.404373716666669
          ],
          [
            -5.9589037499999993,
            56.404613633333341
          ],
          [
            -5.9557613333333332,
            56.404651433333321
          ],
          [
            -5.952447750000001,
            56.404693600000002
          ],
          [
            -5.9493650666666671,
            56.404734566666669
          ],
          [
            -5.9460761166666671,
            56.404786966666677
          ],
          [
            -5.9427062666666659,
            56.404834133333331
          ],
          [
            -5.9397294333333344,
            56.404820433333327
          ],
          [
            -5.9372240666666665,
            56.404481216666667
          ],
          [
            -5.9349699500000002,
            56.403993000000007
          ],
          [
            -5.9327517666666667,
            56.403512766666665
          ],
          [
            -5.9307020166666673,
            56.403005933333333
          ],
          [
            -5.9294422166666667,
            56.402325083333338
          ],
          [
            -5.9279067000000003,
            56.401437933333334
          ],
          [
            -5.9259303833333341,
            56.400260333333335
          ],
          [
            -5.9241228333333327,
            56.399215883333333
          ],
          [
            -5.9218682999999999,
            56.398437733333338
          ],
          [
            -5.9191866833333338,
            56.397964683333342
          ],
          [
            -5.9166571833333323,
            56.397545850000007
          ],
          [
            -5.914661033333334,
            56.396609599999998
          ],
          [
            -5.9126793333333332,
            56.395618183333333
          ],
          [
            -5.9100727166666669,
            56.394774216666669
          ],
          [
            -5.9073723666666673,
            56.394244366666662
          ],
          [
            -5.9048705666666663,
            56.3938086
          ],
          [
            -5.9021851333333348,
            56.39356106666667
          ],
          [
            -5.8998512000000005,
            56.393602783333336
          ],
          [
            -5.8974101333333326,
            56.393893750000004
          ],
          [
            -5.8949048333333334,
            56.394506716666669
          ],
          [
            -5.8929232833333325,
            56.395295900000008
          ],
          [
            -5.8911286,
            56.396367633333334
          ],
          [
            -5.8893887833333336,
            56.397699066666668
          ],
          [
            -5.8873701333333335,
            56.398741199999996
          ],
          [
            -5.8847524000000009,
            56.399349200000003
          ],
          [
            -5.8818724333333323,
            56.39991409999999
          ],
          [
            -5.8789340333333326,
            56.400594216666669
          ],
          [
            -5.8761165499999999,
            56.401257516666668
          ],
          [
            -5.8737062833333331,
            56.401914766666671
          ],
          [
            -5.8715886666666659,
            56.402529900000012
          ],
          [
            -5.8691937833333325,
            56.403232466666665
          ],
          [
            -5.8678636333333332,
            56.403627350000001
          ],
          [
            -5.8667211833333344,
            56.403965016666675
          ],
          [
            -5.8645165166666668,
            56.404449300000003
          ],
          [
            -5.8623088499999998,
            56.404456883333324
          ],
          [
            -5.8605568500000009,
            56.404559733333322
          ],
          [
            -5.8588983833333339,
            56.404794683333328
          ],
          [
            -5.8568265499999992,
            56.40516805
          ],
          [
            -5.8550384000000006,
            56.405478966666671
          ],
          [
            -5.8527769999999997,
            56.406016283333337
          ],
          [
            -5.8506404500000002,
            56.406915533333326
          ],
          [
            -5.8489181833333337,
            56.407968733333334
          ],
          [
            -5.8475155166666655,
            56.409068700000006
          ],
          [
            -5.8465858500000003,
            56.410362266666667
          ],
          [
            -5.8459062666666668,
            56.411868283333334
          ],
          [
            -5.8450242166666673,
            56.413310616666664
          ],
          [
            -5.8439996833333341,
            56.41460575
          ],
          [
            -5.842887066666667,
            56.415790933333327
          ],
          [
            -5.8414995833333325,
            56.417124600000001
          ],
          [
            -5.8395825499999994,
            56.418222583333339
          ],
          [
            -5.8372500833333332,
            56.419143166666665
          ],
          [
            -5.8350788999999992,
            56.419993999999996
          ],
          [
            -5.8331167499999994,
            56.42075741666666
          ],
          [
            -5.8316731166666678,
            56.421330516666664
          ],
          [
            -5.8299008499999996,
            56.422212199999997
          ],
          [
            -5.8284070333333338,
            56.423406700000001
          ],
          [
            -5.8274747654327932,
            56.424781918694435
          ],
          [
            -5.8271629501869393,
            56.426113563112722
          ],
          [
            -5.8269706269337647,
            56.427398663682325
          ],
          [
            -5.8261528666666669,
            56.428434850000002
          ],
          [
            -5.8249833999999998,
            56.429079950000009
          ],
          [
            -5.8233607000000012,
            56.429516933333332
          ],
          [
            -5.8211044333333328,
            56.429596400000008
          ],
          [
            -5.8192167000000001,
            56.429210099999999
          ],
          [
            -5.8176572166666665,
            56.428479766666669
          ],
          [
            -5.8164325666666672,
            56.42782050000001
          ],
          [
            -5.8147159938643656,
            56.427076367138497
          ],
          [
            -5.8123269999999989,
            56.426422899999999
          ],
          [
            -5.8099216,
            56.42584149999999
          ],
          [
            -5.8077236166666673,
            56.425244000000006
          ],
          [
            -5.8057922,
            56.424392066666663
          ],
          [
            -5.804395866666666,
            56.423581183333333
          ],
          [
            -5.8030837166666664,
            56.422900633333327
          ],
          [
            -5.8010060833333341,
            56.422089
          ],
          [
            -5.7988520166666664,
            56.421278466666678
          ],
          [
            -5.7972495833333335,
            56.420670749999999
          ],
          [
            -5.7951181666666667,
            56.41986106666667
          ],
          [
            -5.7931085666666666,
            56.419109200000001
          ],
          [
            -5.7916380666666667,
            56.418682583333343
          ],
          [
            -5.7889619333333338,
            56.41819361666667
          ],
          [
            -5.7865572000000007,
            56.417368233333335
          ],
          [
            -5.7838189666666668,
            56.41667300000001
          ],
          [
            -5.7817557666666675,
            56.416452700000008
          ],
          [
            -5.7791786666666667,
            56.416482799999997
          ],
          [
            -5.7763648666666674,
            56.416503900000002
          ],
          [
            -5.7736126666666658,
            56.416012033333324
          ],
          [
            -5.7709256166666671,
            56.415413416666659
          ],
          [
            -5.7685461333333325,
            56.414865200000001
          ],
          [
            -5.7665502999999996,
            56.414425299999998
          ],
          [
            -5.7649100166666658,
            56.41406263333333
          ],
          [
            -5.7628643333333329,
            56.413582099999999
          ],
          [
            -5.760845783333334,
            56.412893133333341
          ],
          [
            -5.7587547666666676,
            56.412484833333338
          ],
          [
            -5.7564727000000007,
            56.412323583333333
          ],
          [
            -5.7541708833333338,
            56.41215793333334
          ],
          [
            -5.7520591000000012,
            56.412355849999997
          ],
          [
            -5.7502572833333341,
            56.413221899999989
          ],
          [
            -5.7480844666666684,
            56.413947499999992
          ],
          [
            -5.7455153666666661,
            56.413842733333325
          ],
          [
            -5.7431721869471044,
            56.413185872748869
          ],
          [
            -5.7409497815768589,
            56.41255887476904
          ],
          [
            -5.7390782500000004,
            56.412137683333341
          ],
          [
            -5.7372831999999994,
            56.412124033333335
          ],
          [
            -5.7351204999999998,
            56.412760399999996
          ],
          [
            -5.7331201333333333,
            56.413549466666673
          ],
          [
            -5.7317285666666669,
            56.414097683333331
          ],
          [
            -5.7303979333333332,
            56.414623766666665
          ],
          [
            -5.728853683333333,
            56.415011033333336
          ],
          [
            -5.7262292333333331,
            56.415314050000006
          ],
          [
            -5.7238872166666663,
            56.415567799999991
          ],
          [
            -5.7219276666666659,
            56.415970783333321
          ],
          [
            -5.7197607166666673,
            56.416535833333334
          ],
          [
            -5.7180006666666676,
            56.417358633333336
          ],
          [
            -5.7167752666666667,
            56.418129183333335
          ],
          [
            -5.7143681166666669,
            56.419183249999996
          ],
          [
            -5.7121062833333323,
            56.42016241666667
          ],
          [
            -5.7099257333333338,
            56.420879200000009
          ],
          [
            -5.707135066666666,
            56.421170916666668
          ],
          [
            -5.7044600166666672,
            56.421319366666665
          ],
          [
            -5.7017056666666663,
            56.421624433333328
          ],
          [
            -5.6995949333333336,
            56.422557066666663
          ],
          [
            -5.6985043833333338,
            56.42403195
          ],
          [
            -5.6980936000000009,
            56.425634116666664
          ],
          [
            -5.6974547833333338,
            56.427183833333331
          ],
          [
            -5.6963496000000005,
            56.428646449999995
          ],
          [
            -5.6952965166666676,
            56.430005216666665
          ],
          [
            -5.6940600166666666,
            56.431159433333335
          ],
          [
            -5.6918579500000002,
            56.431933700000009
          ],
          [
            -5.6904995500000002,
            56.433026733333328
          ],
          [
            -5.6899095833333337,
            56.434497383333337
          ],
          [
            -5.6886611833333323,
            56.435748200000006
          ],
          [
            -5.686905433333334,
            56.436828283333341
          ],
          [
            -5.6855572833333321,
            56.437700066666665
          ],
          [
            -5.6849732333333334,
            56.438370566666663
          ],
          [
            -5.6840187000000002,
            56.439660100000005
          ],
          [
            -5.6830626333333321,
            56.440904466666673
          ],
          [
            -5.6821394791533066,
            56.442110957540031
          ],
          [
            -5.6817465886111327,
            56.443356923744027
          ],
          [
            -5.6821979331457317,
            56.444372425383712
          ],
          [
            -5.6837686273925927,
            56.445484422935593
          ],
          [
            -5.6853986296915711,
            56.446260224110901
          ],
          [
            -5.6869763618446116,
            56.447088411241047
          ],
          [
            -5.6883631991414418,
            56.447972772142286
          ],
          [
            -5.6894940848157347,
            56.44867974056821
          ],
          [
            -5.6903564780138991,
            56.44957547998942
          ],
          [
            -5.6907818873390124,
            56.450590829404234
          ],
          [
            -5.6906036467053553,
            56.451883481312642
          ],
          [
            -5.6905389550090053,
            56.453253898043563
          ],
          [
            -5.6911537997143196,
            56.454587965731662
          ],
          [
            -5.6919119785730725,
            56.456077025580406
          ],
          [
            -5.6926008927914253,
            56.4574214911488
          ],
          [
            -5.6932255027172713,
            56.458631983171877
          ],
          [
            -5.6940749929397576,
            56.460054135640881
          ],
          [
            -5.6952771412509371,
            56.461310946870803
          ],
          [
            -5.6962454313063295,
            56.462816765047137
          ],
          [
            -5.6970833593442869,
            56.464365963997885
          ],
          [
            -5.6978290654144645,
            56.465780032926538
          ],
          [
            -5.6988405621891527,
            56.467005999356502
          ],
          [
            -5.7003260100817013,
            56.468082507355014
          ],
          [
            -5.7022573262823757,
            56.468809979384012
          ],
          [
            -5.7042199251487054,
            56.469533491154486
          ],
          [
            -5.7050363930976138,
            56.471457175602232
          ],
          [
            -5.7034646487490583,
            56.471691918255566
          ],
          [
            -5.7026685126529211,
            56.472210051310128
          ],
          [
            -5.7012434604035569,
            56.472665904764689
          ],
          [
            -5.69985600878592,
            56.473151461634735
          ],
          [
            -5.698366070768607,
            56.473513695533285
          ],
          [
            -5.6967836710966155,
            56.473806877262206
          ],
          [
            -5.6953338311462147,
            56.474255216486846
          ],
          [
            -5.6937287523961535,
            56.474526901637844
          ],
          [
            -5.6920562382042972,
            56.474616161664748
          ],
          [
            -5.690419537246636,
            56.474464375787434
          ],
          [
            -5.6888378270502864,
            56.474166304264614
          ],
          [
            -5.6872902515827581,
            56.473786342910508
          ],
          [
            -5.6857589532188557,
            56.47343594329709
          ],
          [
            -5.6842293055151165,
            56.473112132996746
          ],
          [
            -5.682715489515064,
            56.472709499596561
          ],
          [
            -5.6811866497706474,
            56.472358403749247
          ],
          [
            -5.6796515068672839,
            56.471996093157912
          ],
          [
            -5.6781027544605891,
            56.471668750477697
          ],
          [
            -5.6765470731030625,
            56.471316391254696
          ],
          [
            -5.6749855312213384,
            56.470975870033413
          ],
          [
            -5.6734011694771596,
            56.470649812759916
          ],
          [
            -5.6718420740635649,
            56.47035662671999
          ],
          [
            -5.6702648147690322,
            56.47011746353698
          ],
          [
            -5.668721636266854,
            56.469789262583447
          ],
          [
            -5.6671260474785994,
            56.469460003046422
          ],
          [
            -5.66556221097371,
            56.469137079841524
          ],
          [
            -5.664012024767227,
            56.468743458016583
          ],
          [
            -5.6624421373268019,
            56.46840628386267
          ],
          [
            -5.6609207191187831,
            56.468070520926808
          ],
          [
            -5.6593958347320568,
            56.46773603874761
          ],
          [
            -5.6578643961582147,
            56.467403052216476
          ],
          [
            -5.6563158660286081,
            56.467048583122818
          ],
          [
            -5.6548029708711303,
            56.466692844118846
          ],
          [
            -5.6532427109713659,
            56.466372998869197
          ],
          [
            -5.6515847612426935,
            56.466245394821996
          ],
          [
            -5.6499521531687753,
            56.466110019689303
          ],
          [
            -5.648500549712649,
            56.465644864643174
          ],
          [
            -5.647105159035239,
            56.465091999351579
          ],
          [
            -5.645776334913557,
            56.464576805534485
          ],
          [
            -5.6444553962073787,
            56.463977058873262
          ],
          [
            -5.6431350347593501,
            56.463394931041506
          ],
          [
            -5.6418681003885771,
            56.462829289866882
          ],
          [
            -5.6405751392922188,
            56.462267791674336
          ],
          [
            -5.6392594953650779,
            56.461673737656348
          ],
          [
            -5.6379624040603638,
            56.461089236686142
          ],
          [
            -5.6366618044813981,
            56.460533391110694
          ],
          [
            -5.6353930386300783,
            56.45995894091282
          ],
          [
            -5.6340595440107721,
            56.459348389387955
          ],
          [
            -5.6326140445105297,
            56.458822550449796
          ],
          [
            -5.631188657870366,
            56.45831639706725
          ],
          [
            -5.6298077786597984,
            56.457805040462517
          ],
          [
            -5.628380183825902,
            56.457281854783758
          ],
          [
            -5.6269320304423092,
            56.456777702853735
          ],
          [
            -5.6254522877643147,
            56.456369802523113
          ],
          [
            -5.6239649593706202,
            56.455900794399632
          ],
          [
            -5.6225431721174504,
            56.455468108751589
          ],
          [
            -5.6211464258737598,
            56.454979399045847
          ],
          [
            -5.6196081799038451,
            56.454517489447817
          ],
          [
            -5.6181055114646847,
            56.454139248572716
          ],
          [
            -5.6166243333157224,
            56.453732308118731
          ],
          [
            -5.6151027949841499,
            56.453264273517355
          ],
          [
            -5.6136078224301178,
            56.452777136888393
          ],
          [
            -5.612170566046915,
            56.452343873362452
          ],
          [
            -5.6106697176655613,
            56.451893007220193
          ],
          [
            -5.6091797750416559,
            56.451457801466923
          ],
          [
            -5.6074390554605902,
            56.450957852972699
          ],
          [
            -5.6062437255981115,
            56.450516806177887
          ],
          [
            -5.60471570853408,
            56.450101386130136
          ],
          [
            -5.6031985586004778,
            56.449740271722234
          ],
          [
            -5.6016673500021215,
            56.449397126215622
          ],
          [
            -5.6000844994408103,
            56.449046858402689
          ],
          [
            -5.5985398415864287,
            56.448761768328673
          ],
          [
            -5.5969293777343516,
            56.448488686194324
          ],
          [
            -5.5952785607526252,
            56.448312647978724
          ],
          [
            -5.5936651761354117,
            56.448102522721598
          ],
          [
            -5.5920497063900774,
            56.447868091179608
          ],
          [
            -5.5903741865642314,
            56.447637347924214
          ],
          [
            -5.5887140110619988,
            56.447416304689099
          ],
          [
            -5.5870732486481582,
            56.447182858232843
          ],
          [
            -5.5854135042902113,
            56.446969884575523
          ],
          [
            -5.5838291232002426,
            56.446750729432253
          ],
          [
            -5.582214658687219,
            56.446520088491205
          ],
          [
            -5.5803788217558434,
            56.446250919720299
          ],
          [
            -5.5790369102108999,
            56.446081634051289
          ],
          [
            -5.5774267478689321,
            56.445875993413829
          ],
          [
            -5.5758519367410049,
            56.445630105852267
          ],
          [
            -5.574212684458792,
            56.445374404932579
          ],
          [
            -5.5726076206959858,
            56.445095247562961
          ],
          [
            -5.5709777046638589,
            56.44483510870139
          ],
          [
            -5.5693973103816461,
            56.444588034022019
          ],
          [
            -5.5677524812759529,
            56.444355727017644
          ],
          [
            -5.5661748611878146,
            56.444096565677334
          ],
          [
            -5.5645870582052073,
            56.443839968140317
          ],
          [
            -5.5629823598068588,
            56.443587511729007
          ],
          [
            -5.5613735331883349,
            56.443312698068851
          ],
          [
            -5.5597208742991375,
            56.443063221383468
          ],
          [
            -5.5580991170549456,
            56.44281757729938
          ],
          [
            -5.5565191024857601,
            56.442548092447751
          ],
          [
            -5.5543062982171136,
            56.442208084348145
          ],
          [
            -5.5532604292832577,
            56.442040884855452
          ],
          [
            -5.5516536681898243,
            56.441780391914129
          ],
          [
            -5.5500902670094634,
            56.441540712713262
          ],
          [
            -5.5484781579162457,
            56.441278950489391
          ],
          [
            -5.5468846987363838,
            56.440987571744252
          ],
          [
            -5.5452836070037295,
            56.440696689830055
          ],
          [
            -5.5436942415537258,
            56.440411467137004
          ],
          [
            -5.5420886475666364,
            56.440127823692002
          ],
          [
            -5.5405289569580463,
            56.439856079354982
          ],
          [
            -5.5389135669882359,
            56.439573791963085
          ],
          [
            -5.5373192120394492,
            56.439273898067171
          ],
          [
            -5.5357242659428723,
            56.438955340665537
          ],
          [
            -5.5341438565938486,
            56.438632787630176
          ],
          [
            -5.5326050078227773,
            56.438341103210021
          ],
          [
            -5.5310764178970668,
            56.438039936981617
          ],
          [
            -5.5289291282468804,
            56.437615473334937
          ],
          [
            -5.5279308525371658,
            56.43737088579185
          ],
          [
            -5.5263615114619862,
            56.437011793122025
          ],
          [
            -5.5247839923565678,
            56.436672078536589
          ],
          [
            -5.523214641830017,
            56.436338466805992
          ],
          [
            -5.5216393280709815,
            56.435987693465968
          ],
          [
            -5.5200937459995396,
            56.435647791989901
          ],
          [
            -5.5185324969932559,
            56.435313311084229
          ],
          [
            -5.5169758795208557,
            56.434957961021659
          ],
          [
            -5.5153906064580802,
            56.43461256836283
          ],
          [
            -5.5138274488907655,
            56.434262551507445
          ],
          [
            -5.5122907287848859,
            56.433887186991718
          ],
          [
            -5.5107343327052627,
            56.433506611027219
          ],
          [
            -5.509255924825851,
            56.433137445656669
          ],
          [
            -5.507696975985592,
            56.432755980533514
          ],
          [
            -5.5061480720308937,
            56.432372992515717
          ],
          [
            -5.5041918810090982,
            56.431874771484679
          ],
          [
            -5.5030544058287205,
            56.431594386605383
          ],
          [
            -5.5015559659417432,
            56.431240179515186
          ],
          [
            -5.5000997234879172,
            56.43083815792896
          ],
          [
            -5.4987120110232306,
            56.430353225486996
          ],
          [
            -5.4973001596526077,
            56.42982573386589
          ],
          [
            -5.4959764253633097,
            56.429261531499805
          ],
          [
            -5.4947378664065143,
            56.42863649662457
          ],
          [
            -5.4935526624766062,
            56.42797911090608
          ],
          [
            -5.4924595847251183,
            56.427304614421452
          ],
          [
            -5.4913615958923367,
            56.42663755636076
          ],
          [
            -5.4902177361656817,
            56.425976188128686
          ],
          [
            -5.4889807075814971,
            56.425348758392666
          ],
          [
            -5.4877366927485669,
            56.42473114067711
          ],
          [
            -5.4867032672376217,
            56.424023980239305
          ],
          [
            -5.4860483438948293,
            56.423155965779529
          ],
          [
            -5.4857948978066098,
            56.4222398871865
          ],
          [
            -5.4857558940468421,
            56.421340256221313
          ],
          [
            -5.4856890281484478,
            56.420441803690153
          ],
          [
            -5.4854404840579027,
            56.419549657887849
          ],
          [
            -5.4849282045027863,
            56.418680942897652
          ],
          [
            -5.4842697637954654,
            56.417848871590834
          ],
          [
            -5.4833085875363103,
            56.417078951202974
          ],
          [
            -5.4821199431863672,
            56.416464964289595
          ],
          [
            -5.4808286943347717,
            56.415911388342479
          ],
          [
            -5.4795159369332849,
            56.415365691819247
          ],
          [
            -5.4782610943149885,
            56.414792151577721
          ],
          [
            -5.4767440621604706,
            56.411770398722048
          ],
          [
            -5.4766167166666664,
            56.411602049999992
          ],
          [
            -5.4772370727782231,
            56.410762696033764
          ],
          [
            -5.4775221343264979,
            56.409860750298677
          ],
          [
            -5.4703737500000011,
            56.411089099999991
          ],
          [
            -5.4721414267612944,
            56.409372329348301
          ],
          [
            -5.4719377990021583,
            56.409499630132871
          ],
          [
            -5.4709146666666655,
            56.408025600000002
          ],
          [
            -5.4694233058744155,
            56.406648434621282
          ],
          [
            -5.4702945358248769,
            56.405023216535731
          ],
          [
            -5.4706545333333336,
            56.404401800000002
          ],
          [
            -5.4712047999999998,
            56.403522683333328
          ],
          [
            -5.4723589166666677,
            56.402576166666663
          ],
          [
            -5.4729002499999995,
            56.401672800000007
          ],
          [
            -5.4722418833333339,
            56.400367683333329
          ],
          [
            -5.4705078833333332,
            56.39985566666666
          ],
          [
            -5.4689202235542647,
            56.399041674910912
          ],
          [
            -5.4681995379469601,
            56.398066663381776
          ],
          [
            -5.4682580666666674,
            56.3967113
          ],
          [
            -5.4699444500000007,
            56.395518099999997
          ],
          [
            -5.4693847166666671,
            56.394160349999993
          ],
          [
            -5.4674068333333325,
            56.393288333333338
          ],
          [
            -5.4650987833333335,
            56.393498883333329
          ],
          [
            -5.4624665499999994,
            56.39270226666666
          ],
          [
            -5.4607313833333331,
            56.391366199999993
          ],
          [
            -5.4596485666666679,
            56.389882549999989
          ],
          [
            -5.4583071666666667,
            56.388790733333323
          ],
          [
            -5.4585739333333336,
            56.387243516666665
          ],
          [
            -5.458342233333334,
            56.385778500000001
          ],
          [
            -5.4589283000000011,
            56.384228666666672
          ],
          [
            -5.4588596878759592,
            56.382759579902498
          ],
          [
            -5.4590768333333344,
            56.381198566666669
          ],
          [
            -5.4599402166666664,
            56.379839716666659
          ],
          [
            -5.4599768548388523,
            56.37918392299359
          ],
          [
            -5.459411274902811,
            56.378636625310911
          ],
          [
            -5.4581088627444982,
            56.377592918252503
          ],
          [
            -5.4559902775787315,
            56.37721856474738
          ],
          [
            -5.4538997238049429,
            56.377388486582262
          ],
          [
            -5.4519650499999992,
            56.377818700000006
          ],
          [
            -5.4498760166666669,
            56.376981516666667
          ],
          [
            -5.4473810499999997,
            56.376230700000001
          ],
          [
            -5.4445961333333326,
            56.375901549999995
          ],
          [
            -5.4421501833333332,
            56.374941583333339
          ],
          [
            -5.4400620833333333,
            56.373525166666667
          ],
          [
            -5.4386610166666669,
            56.372103716666672
          ],
          [
            -5.4382956833333322,
            56.370327166666662
          ],
          [
            -5.4381936833333322,
            56.368659666666659
          ],
          [
            -5.4383355833333331,
            56.367201366666663
          ],
          [
            -5.4399827333333333,
            56.365565550000007
          ],
          [
            -5.4418987794186036,
            56.363752669854364
          ],
          [
            -5.4438422580998118,
            56.362292205684753
          ],
          [
            -5.4467837348691717,
            56.36142853885692
          ],
          [
            -5.4503800901814321,
            56.361097312112634
          ],
          [
            -5.4535557563163044,
            56.360256763013048
          ],
          [
            -5.4558247914233142,
            56.358830841996074
          ],
          [
            -5.458354162527371,
            56.357421922386095
          ],
          [
            -5.4614120868631071,
            56.35680913238
          ],
          [
            -5.4643226983968232,
            56.355883602141262
          ],
          [
            -5.4671693744959935,
            56.35453397915785
          ],
          [
            -5.4706565965213239,
            56.353552709909188
          ],
          [
            -5.4741515371703127,
            56.352899763578179
          ],
          [
            -5.477660593563809,
            56.352369258373962
          ],
          [
            -5.4815538839791698,
            56.352504303195964
          ],
          [
            -5.4855386084019173,
            56.353075125131951
          ],
          [
            -5.4893108028978359,
            56.353046093913541
          ],
          [
            -5.4934153168354971,
            56.352706996966738
          ],
          [
            -5.497056166666666,
            56.352291666666666
          ],
          [
            -5.5003865833333334,
            56.35127751666667
          ],
          [
            -5.502673399999999,
            56.349837233333332
          ],
          [
            -5.5043536,
            56.348089683333335
          ],
          [
            -5.505955450000001,
            56.346374466666674
          ],
          [
            -5.5078130999999999,
            56.344894866666664
          ],
          [
            -5.5102617666666669,
            56.343523449999999
          ],
          [
            -5.5124878500000003,
            56.342066366666664
          ],
          [
            -5.5141324166666665,
            56.340650866666657
          ],
          [
            -5.5151445166666671,
            56.338976550000005
          ],
          [
            -5.5136415000000003,
            56.337463666666665
          ],
          [
            -5.5125112333333339,
            56.335910100000007
          ],
          [
            -5.5136091333333335,
            56.334215683333333
          ],
          [
            -5.5131042666666659,
            56.332782633333338
          ],
          [
            -5.5117185333333341,
            56.332074883333341
          ],
          [
            -5.5105362833333329,
            56.331423049999998
          ],
          [
            -5.5089896166666659,
            56.330574683333332
          ],
          [
            -5.5067097492465997,
            56.329909847210871
          ],
          [
            -5.5044934685768228,
            56.329628663071631
          ],
          [
            -5.5031039333333336,
            56.328444516666664
          ],
          [
            -5.5024203833333338,
            56.326952033333335
          ],
          [
            -5.5012421333333332,
            56.3255944
          ],
          [
            -5.4997608999999992,
            56.324151583333325
          ],
          [
            -5.4983514333333332,
            56.322778900000003
          ],
          [
            -5.4962364999999993,
            56.321347966666664
          ],
          [
            -5.4947545666666668,
            56.320617766666658
          ],
          [
            -5.4924641666666671,
            56.319472533333325
          ],
          [
            -5.4901795166666663,
            56.318275166666666
          ],
          [
            -5.4877711333333323,
            56.317259416666673
          ],
          [
            -5.4854286833333328,
            56.316440466666663
          ],
          [
            -5.4833684666666676,
            56.315241166666659
          ],
          [
            -5.4812490500000006,
            56.314301066666665
          ],
          [
            -5.4797533000000014,
            56.313038900000002
          ],
          [
            -5.4781663666666667,
            56.311867533333327
          ],
          [
            -5.4752299499999992,
            56.311556900000006
          ],
          [
            -5.4722550991253813,
            56.312111783167644
          ],
          [
            -5.4695521166666667,
            56.311194033333337
          ],
          [
            -5.4687791833333339,
            56.309498733333335
          ],
          [
            -5.4672761999999997,
            56.30807746666666
          ],
          [
            -5.4677630833333337,
            56.306487283333333
          ],
          [
            -5.4690505166666661,
            56.305262099999993
          ],
          [
            -5.4685183666666664,
            56.303990383333336
          ],
          [
            -5.4666813500000009,
            56.303172383333333
          ],
          [
            -5.4656509756305391,
            56.301916078347972
          ],
          [
            -5.4641675333333337,
            56.300608583333329
          ],
          [
            -5.4632201000000009,
            56.299307533333334
          ],
          [
            -5.4639941666666667,
            56.298030950000005
          ],
          [
            -5.4650504499999988,
            56.296749866666673
          ],
          [
            -5.4660423833333338,
            56.295389350000008
          ],
          [
            -5.4674554999999998,
            56.294230849999998
          ],
          [
            -5.4684311833333332,
            56.293209566666668
          ],
          [
            -5.4689158333333339,
            56.291958466666671
          ],
          [
            -5.4703094000000005,
            56.290512566666663
          ],
          [
            -5.4718745999999987,
            56.288987550000002
          ],
          [
            -5.4742017833333323,
            56.28789341666667
          ],
          [
            -5.475697433333333,
            56.286521566666664
          ],
          [
            -5.477027033333334,
            56.285315049999987
          ],
          [
            -5.4791022333333332,
            56.284658300000004
          ],
          [
            -5.4808429666666676,
            56.283817366666668
          ],
          [
            -5.4822111666666666,
            56.282383716666665
          ],
          [
            -5.4832127166666655,
            56.281041949999988
          ],
          [
            -5.4840488499999989,
            56.279795616666661
          ],
          [
            -5.4828366252247918,
            56.278584018653476
          ],
          [
            -5.4808416666666666,
            56.277837233333337
          ],
          [
            -5.4798195333333339,
            56.276789400000006
          ],
          [
            -5.4789240500000007,
            56.275537699999994
          ],
          [
            -5.4775692833333345,
            56.274488283333326
          ],
          [
            -5.4779077500000009,
            56.273030533333333
          ],
          [
            -5.4786221333333325,
            56.271366833333332
          ],
          [
            -5.4792014499999997,
            56.26980673333334
          ],
          [
            -5.4794464333333339,
            56.268550966666659
          ],
          [
            -5.4797079666666662,
            56.267318333333328
          ],
          [
            -5.4792298333333331,
            56.266427116666662
          ],
          [
            -5.479012833333333,
            56.265366066666665
          ],
          [
            -5.4776655333333331,
            56.264840450000008
          ],
          [
            -5.4757269500000003,
            56.264697283333334
          ],
          [
            -5.4749250666666658,
            56.263807283333328
          ],
          [
            -5.4748065500000003,
            56.262571733333331
          ],
          [
            -5.4743984166666664,
            56.2615877
          ],
          [
            -5.474794366666667,
            56.260624966666668
          ],
          [
            -5.4753271000000003,
            56.259577883333328
          ],
          [
            -5.4765946666666663,
            56.258378716666662
          ],
          [
            -5.4777451666666668,
            56.257435299999997
          ],
          [
            -5.4793660333333332,
            56.256362683333329
          ],
          [
            -5.481199966666666,
            56.255282166666667
          ],
          [
            -5.4838205999999987,
            56.254569699999998
          ],
          [
            -5.4868458999999996,
            56.254722666666673
          ],
          [
            -5.4893433499999995,
            56.255104333333342
          ],
          [
            -5.4922970666666666,
            56.254699283333338
          ],
          [
            -5.4952696166666666,
            56.25424386666667
          ],
          [
            -5.4979798999999989,
            56.253654516666664
          ],
          [
            -5.5001702999999997,
            56.252732883333323
          ],
          [
            -5.5029899499999999,
            56.252301366666678
          ],
          [
            -5.5058115333333344,
            56.251885883333337
          ],
          [
            -5.5080216000000011,
            56.250997166666671
          ],
          [
            -5.5099231333333325,
            56.250246566666661
          ],
          [
            -5.5104987333333328,
            56.248829400000005
          ],
          [
            -5.5105281166666673,
            56.247193500000002
          ],
          [
            -5.5126706999999984,
            56.246399716666673
          ],
          [
            -5.5157729666666668,
            56.246361533333328
          ],
          [
            -5.5192282333333331,
            56.245763100000005
          ],
          [
            -5.5227455833333332,
            56.244938633333334
          ],
          [
            -5.5260003833333338,
            56.244050366666663
          ],
          [
            -5.5293517489467989,
            56.243662849836248
          ],
          [
            -5.5327944000000002,
            56.243808199999989
          ],
          [
            -5.5362716166666663,
            56.243045349999996
          ],
          [
            -5.539122766666666,
            56.241613883333336
          ],
          [
            -5.5411742833333335,
            56.239935000000003
          ],
          [
            -5.5436210333333333,
            56.238524166666672
          ],
          [
            -5.5469511166666656,
            56.237976083333329
          ],
          [
            -5.5500698997905964,
            56.237203747890241
          ],
          [
            -5.5521378193715298,
            56.236196533825314
          ],
          [
            -5.5527025166666659,
            56.234592116666668
          ],
          [
            -5.5510363333333332,
            56.233089050000004
          ],
          [
            -5.549074383333334,
            56.231918949999994
          ],
          [
            -5.5479326999999996,
            56.230176383333344
          ],
          [
            -5.5479795333333337,
            56.22828208333334
          ],
          [
            -5.547226335607415,
            56.226327958249904
          ],
          [
            -5.5465129551574019,
            56.224533407388677
          ],
          [
            -5.5461655833333339,
            56.222583883333328
          ],
          [
            -5.5462686166666666,
            56.220789550000006
          ],
          [
            -5.5445501833333326,
            56.219202216666666
          ],
          [
            -5.5415527166666658,
            56.218622450000005
          ],
          [
            -5.5382338500000001,
            56.218373466666662
          ],
          [
            -5.5353498833333328,
            56.21799978333334
          ],
          [
            -5.5326764000000006,
            56.217091583333328
          ],
          [
            -5.5301282499999997,
            56.216212083333325
          ],
          [
            -5.5280296833333331,
            56.215351550000001
          ],
          [
            -5.5266169666666674,
            56.214158333333344
          ],
          [
            -5.5245567060495011,
            56.213673605175828
          ],
          [
            -5.522620183069038,
            56.213417613391258
          ],
          [
            -5.5219965000000011,
            56.212396099999992
          ],
          [
            -5.5202328500000002,
            56.211981566666665
          ],
          [
            -5.5195033333333328,
            56.210794599999993
          ],
          [
            -5.5182568666666674,
            56.210063599999991
          ],
          [
            -5.5164391105500608,
            56.209390783391207
          ],
          [
            -5.515352109408532,
            56.208410046081362
          ],
          [
            -5.5154854276020746,
            56.20734503600859
          ],
          [
            -5.5137241166666664,
            56.206651849999993
          ],
          [
            -5.5136405481511304,
            56.205337247612029
          ],
          [
            -5.5131069333333338,
            56.204480433333345
          ],
          [
            -5.5117978000000001,
            56.202971949999998
          ],
          [
            -5.51102895,
            56.201630416666667
          ],
          [
            -5.5102202833333322,
            56.200238199999994
          ],
          [
            -5.5093352333333332,
            56.199034033333326
          ],
          [
            -5.5092085500000003,
            56.197712683333343
          ],
          [
            -5.5072246000000007,
            56.19638641666667
          ],
          [
            -5.5055540166666672,
            56.194859333333341
          ],
          [
            -5.5040562714364949,
            56.193457591341023
          ],
          [
            -5.5025703833333335,
            56.192132366666662
          ],
          [
            -5.5012758999999996,
            56.190951233333337
          ],
          [
            -5.499631066666665,
            56.190121083333331
          ],
          [
            -5.4983442596758003,
            56.189307307009628
          ],
          [
            -5.4986556166666674,
            56.188114333333338
          ],
          [
            -5.4982510482377789,
            56.187229711658773
          ],
          [
            -5.4968196035787988,
            56.186498443021058
          ],
          [
            -5.496802476256784,
            56.185571569373735
          ],
          [
            -5.4953250999999996,
            56.185052700000007
          ],
          [
            -5.4936515000000004,
            56.185184999999997
          ],
          [
            -5.4919772166666672,
            56.18517485000001
          ],
          [
            -5.4898154999999988,
            56.1851743
          ],
          [
            -5.4879062999999988,
            56.184987833333331
          ],
          [
            -5.4859633412804296,
            56.18455693291294
          ],
          [
            -5.4835535333333327,
            56.184602083333324
          ],
          [
            -5.4806489166666665,
            56.184370133333339
          ],
          [
            -5.4777516608965238,
            56.184109927656422
          ],
          [
            -5.474397081323521,
            56.184365072112847
          ],
          [
            -5.4715767526583381,
            56.184016262111633
          ],
          [
            -5.4695846666666661,
            56.18397268333333
          ],
          [
            -5.4685001936381132,
            56.185195590320376
          ],
          [
            -5.4664188500000002,
            56.18567783333333
          ],
          [
            -5.4644285500000001,
            56.184558500000001
          ],
          [
            -5.4624712000000013,
            56.183410100000003
          ],
          [
            -5.4616015143795762,
            56.181790237922073
          ],
          [
            -5.4619267833333325,
            56.180222666666666
          ],
          [
            -5.4620332833333336,
            56.178446699999995
          ],
          [
            -5.4624942999999995,
            56.176692566666667
          ],
          [
            -5.4624122833333333,
            56.17499213333334
          ],
          [
            -5.463613333333333,
            56.173347100000001
          ],
          [
            -5.4655059687537779,
            56.172082336907884
          ],
          [
            -5.4673098894963852,
            56.17073554012395
          ],
          [
            -5.4687463884012422,
            56.169400466324589
          ],
          [
            -5.4696551780072751,
            56.167626313303863
          ],
          [
            -5.4702754336182453,
            56.166012388019034
          ],
          [
            -5.4714606000000003,
            56.164696333333332
          ],
          [
            -5.471130866666666,
            56.163287333333329
          ],
          [
            -5.4695764999999996,
            56.162030300000005
          ],
          [
            -5.4701545769685351,
            56.160319632880572
          ],
          [
            -5.4703317263254867,
            56.159270466302068
          ],
          [
            -5.4714528389999257,
            56.158227122495418
          ],
          [
            -5.4721689232622168,
            56.157225240102832
          ],
          [
            -5.4729926321508513,
            56.156336929433735
          ],
          [
            -5.4735653974925995,
            56.155486979506975
          ],
          [
            -5.4740418398457988,
            56.15455139530053
          ],
          [
            -5.4748664687442341,
            56.153731282866076
          ],
          [
            -5.4752745333333337,
            56.152601749999995
          ],
          [
            -5.4751537166666671,
            56.151255616666667
          ],
          [
            -5.476279758655223,
            56.149746216146887
          ],
          [
            -5.4776771482378628,
            56.148313147812665
          ],
          [
            -5.4790636827323329,
            56.146858464673613
          ],
          [
            -5.4800358047051869,
            56.14542377058622
          ],
          [
            -5.4807088085000997,
            56.143760349751595
          ],
          [
            -5.4817407053614531,
            56.142050450756471
          ],
          [
            -5.4832498167211048,
            56.140334734900733
          ],
          [
            -5.484278444377912,
            56.13875234423336
          ],
          [
            -5.4851273950663257,
            56.137386422528202
          ],
          [
            -5.486127254162346,
            56.136154423299843
          ],
          [
            -5.4862745166666667,
            56.134831349999999
          ],
          [
            -5.4863758126091531,
            56.133686564891413
          ],
          [
            -5.485029537739412,
            56.132911569180457
          ],
          [
            -5.4844185902827318,
            56.131359412028182
          ],
          [
            -5.4861769562141971,
            56.129401815563249
          ],
          [
            -5.487124827727996,
            56.127878690619305
          ],
          [
            -5.4883073486087355,
            56.126097677197137
          ],
          [
            -5.4896395528346433,
            56.124509464601559
          ],
          [
            -5.4911626768334916,
            56.123074416773278
          ],
          [
            -5.49224702315278,
            56.121503235533332
          ],
          [
            -5.4918881252457501,
            56.119735398242177
          ],
          [
            -5.4917098342273922,
            56.118106511482097
          ],
          [
            -5.4898527881755346,
            56.116595817563329
          ],
          [
            -5.4872639861777088,
            56.115578756875067
          ],
          [
            -5.485377052905358,
            56.114121817254436
          ],
          [
            -5.4835292042718402,
            56.112616644312773
          ],
          [
            -5.4819587556667955,
            56.110853222310446
          ],
          [
            -5.4805481650208341,
            56.10927453523383
          ],
          [
            -5.4792024196642766,
            56.107749858609431
          ],
          [
            -5.4779296000000004,
            56.106337333333343
          ],
          [
            -5.4771656153711392,
            56.104894281048985
          ],
          [
            -5.4766957833333345,
            56.103167266666667
          ],
          [
            -5.4768902748200077,
            56.101515880133512
          ],
          [
            -5.4762070174298323,
            56.099701160411648
          ],
          [
            -5.4753987587970681,
            56.097781756069942
          ],
          [
            -5.4746504824539368,
            56.095975082337965
          ],
          [
            -5.473865042721286,
            56.094048716195658
          ],
          [
            -5.4725749362312337,
            56.09213426832671
          ],
          [
            -5.4705801083625545,
            56.090372001911199
          ],
          [
            -5.4686700326791993,
            56.088745746629989
          ],
          [
            -5.4660403355372162,
            56.087282789345778
          ],
          [
            -5.4634619666666673,
            56.086001550000006
          ],
          [
            -5.4609697333333331,
            56.084723783333331
          ],
          [
            -5.45971464552865,
            56.08419005150364
          ],
          [
            -5.45843208445807,
            56.083694862643739
          ],
          [
            -5.4555793403592538,
            56.082591108943369
          ],
          [
            -5.453479633333334,
            56.08126253333333
          ],
          [
            -5.4527665166666663,
            56.07939103333333
          ],
          [
            -5.452851299999999,
            56.077403050000008
          ],
          [
            -5.4544393499999995,
            56.075627500000003
          ],
          [
            -5.45625055,
            56.074051716666659
          ],
          [
            -5.4573093833333344,
            56.072182916666669
          ],
          [
            -5.4594521666666669,
            56.070649216666666
          ],
          [
            -5.4617485183176973,
            56.069285740650407
          ],
          [
            -5.4633472000000003,
            56.067430333333341
          ],
          [
            -5.4647564166666678,
            56.065775183333336
          ],
          [
            -5.4655392500000008,
            56.064010350000004
          ],
          [
            -5.4664896166666663,
            56.062439466666667
          ],
          [
            -5.4676166000000004,
            56.061130116666668
          ],
          [
            -5.4659104999999988,
            56.059624383333322
          ],
          [
            -5.4626548333333327,
            56.058681033333343
          ],
          [
            -5.459616866666666,
            56.057326633333332
          ],
          [
            -5.4571559333333335,
            56.055588066666665
          ],
          [
            -5.4549662166666666,
            56.054028199999998
          ],
          [
            -5.4523214666666657,
            56.052485999999995
          ],
          [
            -5.4497792166666672,
            56.05121616666667
          ],
          [
            -5.4476409000000006,
            56.049726899999996
          ],
          [
            -5.4460181999999993,
            56.048242716666664
          ],
          [
            -5.4446492666666666,
            56.046780800000001
          ],
          [
            -5.4436045999999996,
            56.045677933333337
          ],
          [
            -5.4425513000000008,
            56.044519049999991
          ],
          [
            -5.4416487999999994,
            56.043490999999996
          ],
          [
            -5.4408185000000007,
            56.04253328333332
          ],
          [
            -5.4402853999999996,
            56.041199966666667
          ],
          [
            -5.4404245500000004,
            56.039944566666655
          ],
          [
            -5.4410584666666679,
            56.038878733333334
          ],
          [
            -5.4415808000000006,
            56.037996383333336
          ],
          [
            -5.4423452499999998,
            56.036576799999999
          ],
          [
            -5.4426609166666671,
            56.034775266666671
          ],
          [
            -5.4425143666666678,
            56.033022449999997
          ],
          [
            -5.4426477499999999,
            56.031411166666672
          ],
          [
            -5.443250383333333,
            56.029754266666664
          ],
          [
            -5.4437329166666659,
            56.028209933333329
          ],
          [
            -5.4451251999999988,
            56.026933716666655
          ],
          [
            -5.4455197000000002,
            56.02559939999999
          ],
          [
            -5.4461564666666682,
            56.024400349999993
          ],
          [
            -5.446561916666667,
            56.023082199999997
          ],
          [
            -5.4467300500000002,
            56.021746
          ],
          [
            -5.4470964666666664,
            56.020593183333332
          ],
          [
            -5.4474044499999987,
            56.019697716666663
          ],
          [
            -5.4477139166666673,
            56.01876768333333
          ],
          [
            -5.4480520499999994,
            56.017865766666674
          ],
          [
            -5.4484866333333324,
            56.016961233333326
          ],
          [
            -5.4481985500000008,
            56.016074266666656
          ],
          [
            -5.4478522833333329,
            56.015123683333336
          ],
          [
            -5.4472072000000002,
            56.014191466666674
          ],
          [
            -5.4464249666666662,
            56.013273033333341
          ],
          [
            -5.4465391333333324,
            56.012062950000001
          ],
          [
            -5.4473638999999991,
            56.011566366666663
          ],
          [
            -5.4486853833333324,
            56.010859333333336
          ],
          [
            -5.449638216666667,
            56.009954166666667
          ],
          [
            -5.4504361166666664,
            56.008769266666668
          ],
          [
            -5.4505449666666665,
            56.007396883333335
          ],
          [
            -5.4506575166666664,
            56.005921016666662
          ],
          [
            -5.449828366666666,
            56.004632499999992
          ],
          [
            -5.4491053833333334,
            56.003382633333331
          ],
          [
            -5.4479765000000002,
            56.002251666666673
          ],
          [
            -5.4475835833333326,
            56.001144999999994
          ],
          [
            -5.4480523333333339,
            56.000262666666671
          ],
          [
            -5.448861166666668,
            55.998906000000005
          ],
          [
            -5.4485264166666658,
            55.997226183333332
          ],
          [
            -5.4477004666666673,
            55.995466683333341
          ],
          [
            -5.4479616333333336,
            55.99369646666667
          ],
          [
            -5.4475055333333327,
            55.992070133333328
          ],
          [
            -5.4461664500000007,
            55.990626766666672
          ],
          [
            -5.4461051666666664,
            55.989051833333328
          ],
          [
            -5.4465227500000006,
            55.987367449999994
          ],
          [
            -5.446850050000001,
            55.985565799999989
          ],
          [
            -5.4463238333333335,
            55.983815233333338
          ],
          [
            -5.4463418500000005,
            55.982027533333337
          ],
          [
            -5.4471722833333329,
            55.980220099999997
          ],
          [
            -5.4485310666666678,
            55.978393833333328
          ],
          [
            -5.449440516666666,
            55.976760100000007
          ],
          [
            -5.4493816582910766,
            55.974841152374651
          ],
          [
            -5.4495522166666666,
            55.974303899999995
          ],
          [
            -5.4505245833333333,
            55.973041049999999
          ],
          [
            -5.4512373333333342,
            55.971555900000006
          ],
          [
            -5.4499819166666663,
            55.96995780000001
          ],
          [
            -5.4488941833333344,
            55.968135066666669
          ],
          [
            -5.4483359333333343,
            55.966396583333335
          ],
          [
            -5.4475289333333334,
            55.964899283333338
          ],
          [
            -5.4465358833333326,
            55.96333478333333
          ],
          [
            -5.4464024333333327,
            55.961610416666666
          ],
          [
            -5.4465894500000012,
            55.959836333333335
          ],
          [
            -5.4456447166666679,
            55.957999416666674
          ],
          [
            -5.44306099177851,
            55.956908027529138
          ],
          [
            -5.4400328399240214,
            55.95623877970155
          ],
          [
            -5.4373198000000009,
            55.955483199999996
          ],
          [
            -5.4351347666666658,
            55.954594550000003
          ],
          [
            -5.4334224999999998,
            55.953338033333331
          ],
          [
            -5.4321355333333337,
            55.951767233333342
          ],
          [
            -5.4310453999999995,
            55.950141966666656
          ],
          [
            -5.4300375333333335,
            55.948659966666675
          ],
          [
            -5.4294173000000008,
            55.9471013
          ],
          [
            -5.4290938666666664,
            55.9455198
          ],
          [
            -5.4292714322342484,
            55.944046545910346
          ],
          [
            -5.4295097999999991,
            55.942487533333335
          ],
          [
            -5.4293304499999993,
            55.940930116666671
          ],
          [
            -5.428796966666666,
            55.939325716666659
          ],
          [
            -5.4286601166666664,
            55.937791716666666
          ],
          [
            -5.4254108714436482,
            55.927355875719527
          ],
          [
            -5.4254797666666663,
            55.927447766666667
          ],
          [
            -5.4253501333333345,
            55.926060549999995
          ],
          [
            -5.4251642166666674,
            55.924872750000006
          ],
          [
            -5.4248779166666665,
            55.923733466666661
          ],
          [
            -5.4240275499999999,
            55.922448283333338
          ],
          [
            -5.423162866666666,
            55.920998849999989
          ],
          [
            -5.4227408833333337,
            55.919653199999999
          ],
          [
            -5.4229084409284436,
            55.918245278317912
          ],
          [
            -5.4229512499999997,
            55.916822216666667
          ],
          [
            -5.42229464221729,
            55.915298999132403
          ],
          [
            -5.4214706864758044,
            55.913726196080241
          ],
          [
            -5.4205029446986401,
            55.912365224309148
          ],
          [
            -5.4214203150809759,
            55.910733153475064
          ],
          [
            -5.4213151166666664,
            55.908771499999993
          ],
          [
            -5.4210834856846075,
            55.906872985994156
          ],
          [
            -5.4210018500000015,
            55.904886233333343
          ],
          [
            -5.4214777153757892,
            55.903134977153307
          ],
          [
            -5.4226285189256886,
            55.901395149587522
          ],
          [
            -5.4227018666666673,
            55.899769433333326
          ],
          [
            -5.4224797576407218,
            55.898008310805515
          ],
          [
            -5.4211837000000003,
            55.896537666666667
          ],
          [
            -5.4212695021248658,
            55.895043524791276
          ],
          [
            -5.4214514362495132,
            55.893356016182288
          ],
          [
            -5.4204930333333339,
            55.891612283333338
          ],
          [
            -5.4199739790206758,
            55.890051575754107
          ],
          [
            -5.4207424768558061,
            55.888186215109236
          ],
          [
            -5.422139372235379,
            55.886680149865342
          ],
          [
            -5.4224784798912617,
            55.884730464784028
          ],
          [
            -5.4232267537713348,
            55.882963895119786
          ],
          [
            -5.4224623000000003,
            55.881491183333338
          ],
          [
            -5.4198668333333329,
            55.880790616666665
          ],
          [
            -5.4172179500000004,
            55.879844616666666
          ],
          [
            -5.4142184500000008,
            55.879769700000004
          ],
          [
            -5.4117906833333329,
            55.878578550000007
          ],
          [
            -5.4105140000000009,
            55.876935233333334
          ],
          [
            -5.4092946333333334,
            55.875482099999999
          ],
          [
            -5.4096758000000005,
            55.873810550000002
          ],
          [
            -5.4102934907651976,
            55.872272698215909
          ],
          [
            -5.4111618666666672,
            55.870832733333323
          ],
          [
            -5.4118137063305882,
            55.869606263635447
          ],
          [
            -5.4128840666666678,
            55.868624583333336
          ],
          [
            -5.4132281654187082,
            55.867732448351958
          ],
          [
            -5.4138189333333324,
            55.86681003333333
          ],
          [
            -5.414392266666666,
            55.865868200000008
          ],
          [
            -5.4147610166666666,
            55.86493325
          ],
          [
            -5.4151111666666658,
            55.86399711666666
          ],
          [
            -5.4163178999999992,
            55.86337373333334
          ],
          [
            -5.4177407999999998,
            55.862915066666666
          ],
          [
            -5.4190915833333335,
            55.862219549999992
          ],
          [
            -5.420447116666665,
            55.861688799999996
          ],
          [
            -5.4221490999999995,
            55.861102516666676
          ],
          [
            -5.4241015333333333,
            55.860406416666663
          ],
          [
            -5.4261357499999994,
            55.859811666666673
          ],
          [
            -5.4280753833333337,
            55.859182449999999
          ],
          [
            -5.4303595833333347,
            55.858508916666672
          ],
          [
            -5.4321849500000008,
            55.857953516666676
          ],
          [
            -5.4337178999999995,
            55.857485233333328
          ],
          [
            -5.4361860000000002,
            55.856701083333334
          ],
          [
            -5.438210016666666,
            55.855409300000005
          ],
          [
            -5.4401979279861923,
            55.854417233776012
          ],
          [
            -5.4407907182330275,
            55.852947617189216
          ],
          [
            -5.4419146566344354,
            55.851093585375125
          ],
          [
            -5.4431453176858176,
            55.849234449947907
          ],
          [
            -5.4442643666666664,
            55.847469266666664
          ],
          [
            -5.4456582166666676,
            55.845574716666668
          ],
          [
            -5.4466245500000001,
            55.843799066666662
          ],
          [
            -5.4466014333333321,
            55.842074383333326
          ],
          [
            -5.4461017115383923,
            55.840339999999998
          ],
          [
            -5.4464778000000003,
            55.838679433333333
          ],
          [
            -5.4472703833333336,
            55.837052700000001
          ],
          [
            -5.4501325333333339,
            55.835833666666666
          ],
          [
            -5.4527086833333325,
            55.83456005
          ],
          [
            -5.4547265333333339,
            55.832516033333327
          ],
          [
            -5.4561838000000007,
            55.830495166666665
          ],
          [
            -5.4574521999999996,
            55.828875533333331
          ],
          [
            -5.4595637500000009,
            55.827602399999989
          ],
          [
            -5.4607841166666669,
            55.826034583333332
          ],
          [
            -5.4616030000000002,
            55.824203116666659
          ],
          [
            -5.4625052666666667,
            55.823056133333324
          ],
          [
            -5.4627952166666658,
            55.822584499999998
          ],
          [
            -5.464387628390595,
            55.820944933584471
          ],
          [
            -5.4655431713678535,
            55.818927193483461
          ],
          [
            -5.4662364001141635,
            55.817020228546845
          ],
          [
            -5.4674160862600321,
            55.815023746695836
          ],
          [
            -5.4688415114465405,
            55.813151735795408
          ],
          [
            -5.470314055898676,
            55.811533282143188
          ],
          [
            -5.4721313282772464,
            55.809910482631494
          ],
          [
            -5.4750380500000011,
            55.808692999999991
          ],
          [
            -5.4770280166666661,
            55.807173349999992
          ],
          [
            -5.4778623833333331,
            55.805442966666668
          ],
          [
            -5.478017516666668,
            55.803870466666666
          ],
          [
            -5.4760253499999996,
            55.80278666666667
          ],
          [
            -5.4753233130458341,
            55.80115357164761
          ],
          [
            -5.4761227888061743,
            55.799741493676038
          ],
          [
            -5.4783463500000007,
            55.798541800000002
          ],
          [
            -5.4807429155383227,
            55.797508217287564
          ],
          [
            -5.4832541558339951,
            55.796497333029578
          ],
          [
            -5.4844502997725346,
            55.794788475965014
          ],
          [
            -5.4857569333333318,
            55.793404066666668
          ],
          [
            -5.4883900500000005,
            55.792759733333334
          ],
          [
            -5.4910675666666675,
            55.791163549999993
          ],
          [
            -5.4936330833333331,
            55.789461449999997
          ],
          [
            -5.4957797166666671,
            55.78799823333334
          ],
          [
            -5.4982686833333334,
            55.786500283333332
          ],
          [
            -5.5005020333333334,
            55.785039850000004
          ],
          [
            -5.5023705833333336,
            55.783377333333327
          ],
          [
            -5.5050538666666657,
            55.78144076666667
          ],
          [
            -5.5067900500000002,
            55.779947666666672
          ],
          [
            -5.5097142166666666,
            55.778852616666668
          ],
          [
            -5.5127796666666677,
            55.778339233333327
          ],
          [
            -5.515764916666666,
            55.777397400000005
          ],
          [
            -5.5184782500000003,
            55.776080233333339
          ],
          [
            -5.5218830558277734,
            55.774793461515173
          ],
          [
            -5.524871937761648,
            55.773730410525289
          ],
          [
            -5.527560364580733,
            55.77234598184468
          ],
          [
            -5.5297395470518778,
            55.770912403074547
          ],
          [
            -5.531618923438316,
            55.769046988643744
          ],
          [
            -5.5333310090252761,
            55.767324069727096
          ],
          [
            -5.5336875566001238,
            55.765415332575884
          ],
          [
            -5.5361893144238135,
            55.763585501650972
          ],
          [
            -5.5388108666666671,
            55.761881616666678
          ],
          [
            -5.5410331166666671,
            55.760429199999997
          ],
          [
            -5.5425213000000007,
            55.758460183333334
          ],
          [
            -5.5436060499999993,
            55.756422766666674
          ],
          [
            -5.5450592666666667,
            55.754354533333327
          ],
          [
            -5.545691849999999,
            55.752376783333325
          ],
          [
            -5.5468767999999988,
            55.750565016666663
          ],
          [
            -5.5491965333333324,
            55.749377366666678
          ],
          [
            -5.5525457499999993,
            55.748810466666662
          ],
          [
            -5.5555830999999998,
            55.748342766666674
          ],
          [
            -5.5585689166666663,
            55.747782600000001
          ],
          [
            -5.5607286666666669,
            55.746500266666665
          ],
          [
            -5.5635237000000002,
            55.745726216666661
          ],
          [
            -5.5667609166666674,
            55.745068733333333
          ],
          [
            -5.5701870000000007,
            55.744424616666656
          ],
          [
            -5.5735834666666655,
            55.743884783333336
          ],
          [
            -5.5768231666666663,
            55.743390799999993
          ],
          [
            -5.5800635833333327,
            55.74273418333334
          ],
          [
            -5.5831877000000008,
            55.741828616666666
          ],
          [
            -5.5859381666666668,
            55.740838550000007
          ],
          [
            -5.5884381322898191,
            55.739717224205926
          ],
          [
            -5.5912787418097292,
            55.738590688517412
          ],
          [
            -5.5937912666666669,
            55.737168616666672
          ],
          [
            -5.5956077833333326,
            55.735692599999993
          ],
          [
            -5.5980321000000002,
            55.73434326666667
          ],
          [
            -5.6005313499999998,
            55.732779266666661
          ],
          [
            -5.6024323666666662,
            55.731142416666671
          ],
          [
            -5.6037815333333336,
            55.729356116666672
          ],
          [
            -5.6048919166666655,
            55.727657866666675
          ],
          [
            -5.6054814333333329,
            55.725837000000006
          ],
          [
            -5.6064864500000002,
            55.724151749999997
          ],
          [
            -5.6083447666666659,
            55.722520233333334
          ],
          [
            -5.6097932499999992,
            55.720610249999993
          ],
          [
            -5.6115686833333331,
            55.718721233333326
          ],
          [
            -5.6134093666666667,
            55.716969333333324
          ],
          [
            -5.6151220000000004,
            55.715130383333324
          ],
          [
            -5.6165035333333346,
            55.713501200000003
          ],
          [
            -5.6177460499999992,
            55.711738799999999
          ],
          [
            -5.6193667666666665,
            55.710177216666665
          ],
          [
            -5.6217608666666665,
            55.708838216666656
          ],
          [
            -5.6240095166666659,
            55.707349850000007
          ],
          [
            -5.6259615166666661,
            55.705676250000003
          ],
          [
            -5.6278453666666657,
            55.703984266666673
          ],
          [
            -5.6295203833333334,
            55.702458683333333
          ],
          [
            -5.6304448833333334,
            55.700530100000002
          ],
          [
            -5.6313424166666666,
            55.698497283333339
          ],
          [
            -5.6321462166666665,
            55.69667651666667
          ],
          [
            -5.6333908833333339,
            55.695016766666669
          ],
          [
            -5.6351773499999993,
            55.693149533333326
          ],
          [
            -5.6365708000000003,
            55.691348299999994
          ],
          [
            -5.6379149499999999,
            55.689604800000005
          ],
          [
            -5.6393319166666664,
            55.687742083333326
          ],
          [
            -5.6406551666666669,
            55.685741749999998
          ],
          [
            -5.6419268500000008,
            55.683685333333344
          ],
          [
            -5.6432019666666662,
            55.681630666666663
          ],
          [
            -5.644323599999999,
            55.679810766666662
          ],
          [
            -5.6454957166666668,
            55.677899399999994
          ],
          [
            -5.646647933333333,
            55.675997833333334
          ],
          [
            -5.647832366666667,
            55.67423556666666
          ],
          [
            -5.6489355333333346,
            55.672369133333333
          ],
          [
            -5.6500365500000003,
            55.670421449999999
          ],
          [
            -5.6511877333333338,
            55.668377016666668
          ],
          [
            -5.6523383333333337,
            55.666366500000002
          ],
          [
            -5.6534957666666656,
            55.664314799999993
          ],
          [
            -5.6545212833333345,
            55.662506499999999
          ],
          [
            -5.6555617333333341,
            55.660648549999991
          ],
          [
            -5.6565028333333336,
            55.658968966666663
          ],
          [
            -5.6576575225072476,
            55.656952763009045
          ],
          [
            -5.6585797525965598,
            55.655203617075365
          ],
          [
            -5.659506839073237,
            55.653511209728393
          ],
          [
            -5.6600073016701602,
            55.652613533725152
          ],
          [
            -5.6605291833054761,
            55.651916181864621
          ],
          [
            -5.6616802552695331,
            55.650426017145143
          ],
          [
            -5.6621192114284087,
            55.648572741906783
          ],
          [
            -5.6628886166666668,
            55.646738466666662
          ],
          [
            -5.6631771239940489,
            55.644964939650087
          ],
          [
            -5.6632179897012165,
            55.642974961438327
          ],
          [
            -5.6632395584804769,
            55.641222363210865
          ],
          [
            -5.6636310166666668,
            55.639384100000008
          ],
          [
            -5.6649200741474646,
            55.637597514222485
          ],
          [
            -5.6663322306891262,
            55.635946656768745
          ],
          [
            -5.667742493014468,
            55.634121973799424
          ],
          [
            -5.6689416666666661,
            55.632440600000002
          ],
          [
            -5.6703633141718139,
            55.630561912835873
          ],
          [
            -5.6716195507138325,
            55.628861057401309
          ],
          [
            -5.6727399334510267,
            55.627051307310474
          ],
          [
            -5.6736013582706475,
            55.625083231730592
          ],
          [
            -5.6743739415706065,
            55.623269761181731
          ],
          [
            -5.6751470639776684,
            55.621281579445593
          ],
          [
            -5.6758300867231855,
            55.619483287826888
          ],
          [
            -5.6764698611871003,
            55.617809649692823
          ],
          [
            -5.6777109333333327,
            55.616139250000003
          ],
          [
            -5.6796985500000003,
            55.614828350000003
          ],
          [
            -5.6815147166666673,
            55.613554049999998
          ],
          [
            -5.68213685,
            55.611816766666671
          ],
          [
            -5.6823527833333323,
            55.609910933333339
          ],
          [
            -5.682576533333334,
            55.608027849999992
          ],
          [
            -5.6830944333333333,
            55.606254066666658
          ],
          [
            -5.6837290499999993,
            55.604595616666664
          ],
          [
            -5.6839901166666662,
            55.60289250000001
          ],
          [
            -5.6845216833333323,
            55.601350550000006
          ],
          [
            -5.6845479166666664,
            55.599910966666663
          ],
          [
            -5.6853220999999996,
            55.59853536666666
          ],
          [
            -5.6861402166666659,
            55.597310699999994
          ],
          [
            -5.6872385500000009,
            55.59595435
          ],
          [
            -5.6883804666666666,
            55.594573733333334
          ],
          [
            -5.6893057000000002,
            55.592916333333342
          ],
          [
            -5.6902203000000009,
            55.591259000000008
          ],
          [
            -5.6911924166666665,
            55.589547849999995
          ],
          [
            -5.6920344500000004,
            55.588027883333346
          ],
          [
            -5.6932330833333333,
            55.586891883333323
          ],
          [
            -5.6951780166666666,
            55.586418516666662
          ],
          [
            -5.695777500000001,
            55.585143883333338
          ],
          [
            -5.6946418333333328,
            55.583477533333337
          ],
          [
            -5.6946302000000006,
            55.581561933333326
          ],
          [
            -5.6947134000000004,
            55.579526383333324
          ],
          [
            -5.6947244499999989,
            55.577474033333331
          ],
          [
            -5.6950573499999999,
            55.575718683333328
          ],
          [
            -5.6961306,
            55.573893900000002
          ],
          [
            -5.6973722000000011,
            55.572230233333329
          ],
          [
            -5.6973651333333324,
            55.570370716666673
          ],
          [
            -5.6970093666666664,
            55.568598166666668
          ],
          [
            -5.6979245333333326,
            55.566993799999999
          ],
          [
            -5.7003619999999993,
            55.565746133333334
          ],
          [
            -5.7018269166666657,
            55.565147033333339
          ],
          [
            -5.7090483859047154,
            55.556752548821272
          ]
        ]
      }
    }
  ]
}