{
  "type" : "FeatureCollection",
  "features" : [
    {
      "properties" : {
        "type" : "visit",
        "departure" : "2026-05-06T22:50:57Z",
        "weather" : "Bedeckter Himmel (6,0 °C)",
        "arrival" : "2026-05-06T20:43:36Z",
        "rating" : 0,
        "source" : "Geory 5.3.2",
        "timestamp" : "2026-05-06T20:43:36Z",
        "address" : "North Inishowen Coast SAC, County Donegal, Irland",
        "device" : "B9E47AEB-E54C-4563-96B6-06995DD4BC56 (iPhone 16 Pro)",
        "duration" : 7640.2142338752747
      },
      "type" : "Feature",
      "geometry" : {
        "type" : "Point",
        "coordinates" : [
          -7.4509513652566621,
          55.289532332026724
        ]
      }
    },
    {
      "type" : "Feature",
      "geometry" : {
        "coordinates" : [
          -7.4508322184442619,
          55.289548399571878
        ],
        "type" : "Point"
      },
      "properties" : {
        "weather" : "Bedeckter Himmel (6,1 °C)",
        "rating" : 0,
        "departure" : "2026-05-07T09:31:07Z",
        "duration" : 36928.310650110245,
        "timestamp" : "2026-05-06T23:15:38Z",
        "source" : "Geory 5.3.2",
        "device" : "B9E47AEB-E54C-4563-96B6-06995DD4BC56 (iPhone 16 Pro)",
        "type" : "visit",
        "arrival" : "2026-05-06T23:15:38Z",
        "address" : "North Inishowen Coast SAC, County Donegal, Irland"
      }
    },
    {
      "type" : "Feature",
      "geometry" : {
        "coordinates" : [
          -7.3919457204648404,
          55.280797188802211
        ],
        "type" : "Point"
      },
      "properties" : {
        "address" : "4 Rossaor Cottages, Ballyliffin, County Donegal, F93 VY75, Irland",
        "arrival" : "2026-05-07T09:47:08Z",
        "timestamp" : "2026-05-07T09:47:08Z",
        "weather" : "Bedeckter Himmel (11,5 °C)",
        "rating" : 0,
        "source" : "Geory 5.3.2",
        "type" : "visit",
        "device" : "B9E47AEB-E54C-4563-96B6-06995DD4BC56 (iPhone 16 Pro)",
        "duration" : 3411.5764901638031,
        "departure" : "2026-05-07T10:44:00Z"
      }
    },
    {
      "geometry" : {
        "coordinates" : [
          -7.4577775042633911,
          55.128177978441883
        ],
        "type" : "Point"
      },
      "type" : "Feature",
      "properties" : {
        "timestamp" : "2026-05-07T11:11:31Z",
        "weather" : "Bedeckter Himmel (14,0 °C)",
        "source" : "Geory 5.3.2",
        "duration" : 1123.9726610183716,
        "arrival" : "2026-05-07T11:11:31Z",
        "departure" : "2026-05-07T11:30:15Z",
        "rating" : 0,
        "device" : "B9E47AEB-E54C-4563-96B6-06995DD4BC56 (iPhone 16 Pro)",
        "address" : "Amazing Grace Park, Inishowen Tourist Information, Railway Road, Buncrana, County Donegal, F93 V0AC, Irland",
        "type" : "visit"
      }
    },
    {
      "geometry" : {
        "type" : "Point",
        "coordinates" : [
          -6.2730927762658526,
          54.332071601942033
        ]
      },
      "type" : "Feature",
      "properties" : {
        "type" : "visit",
        "timestamp" : "2026-05-07T14:18:50Z",
        "source" : "Geory 5.3.2",
        "departure" : "2026-05-07T14:39:58Z",
        "device" : "B9E47AEB-E54C-4563-96B6-06995DD4BC56 (iPhone 16 Pro)",
        "weather" : "Leichter Regen (13,4 °C)",
        "address" : "25 Cascum Link, Banbridge, BT32 4GN, Nordirland",
        "rating" : 0,
        "duration" : 1268.6979722976685,
        "arrival" : "2026-05-07T14:18:50Z"
      }
    },
    {
      "properties" : {
        "rating" : 0,
        "address" : "245 Castlewellan Road, Banbridge, BT32 3SG, Nordirland",
        "duration" : 7782.6103711128235,
        "timestamp" : "2026-05-07T14:49:44Z",
        "arrival" : "2026-05-07T14:49:44Z",
        "type" : "visit",
        "departure" : "2026-05-07T16:59:27Z",
        "weather" : "Bedeckter Himmel (13,7 °C)",
        "source" : "Geory 5.3.2",
        "device" : "B9E47AEB-E54C-4563-96B6-06995DD4BC56 (iPhone 16 Pro)"
      },
      "geometry" : {
        "type" : "Point",
        "coordinates" : [
          -6.2151047274652864,
          54.339558971551426
        ]
      },
      "type" : "Feature"
    },
    {
      "properties" : {
        "timestamp" : "2026-05-07T17:08:47Z",
        "duration" : 2134.9985566139221,
        "device" : "B9E47AEB-E54C-4563-96B6-06995DD4BC56 (iPhone 16 Pro)",
        "departure" : "2026-05-07T17:44:21Z",
        "weather" : "Überwiegend bewölkt (13,3 °C)",
        "source" : "Geory 5.3.2",
        "arrival" : "2026-05-07T17:08:47Z",
        "type" : "visit",
        "rating" : 0,
        "address" : "25 Cascum Link, Banbridge, BT32 4GN, Nordirland"
      },
      "geometry" : {
        "type" : "Point",
        "coordinates" : [
          -6.2731241321647975,
          54.33213256081963
        ]
      },
      "type" : "Feature"
    },
    {
      "properties" : {
        "departure" : "2026-05-07T19:15:25Z",
        "type" : "visit",
        "weather" : "Bedeckter Himmel (11,6 °C)",
        "duration" : 1912.6977064609528,
        "device" : "B9E47AEB-E54C-4563-96B6-06995DD4BC56 (iPhone 16 Pro)",
        "address" : "36–42 Old Park Road, Downpatrick, BT30, Nordirland",
        "arrival" : "2026-05-07T18:43:32Z",
        "timestamp" : "2026-05-07T18:43:32Z",
        "rating" : 0,
        "source" : "Geory 5.3.2"
      },
      "type" : "Feature",
      "geometry" : {
        "type" : "Point",
        "coordinates" : [
          -5.8394901044881964,
          54.346028534468196
        ]
      }
    },
    {
      "properties" : {
        "rating" : 0,
        "duration" : 10629.999661922455,
        "address" : "36–42 Old Park Road, Downpatrick, BT30, Nordirland",
        "timestamp" : "2026-05-07T19:32:52Z",
        "arrival" : "2026-05-07T19:32:52Z",
        "weather" : "Bedeckter Himmel (12,3 °C)",
        "source" : "Geory 5.3.2",
        "device" : "B9E47AEB-E54C-4563-96B6-06995DD4BC56 (iPhone 16 Pro)",
        "departure" : "2026-05-07T22:30:02Z",
        "type" : "visit"
      },
      "geometry" : {
        "type" : "Point",
        "coordinates" : [
          -5.8395175344259691,
          54.345955874694496
        ]
      },
      "type" : "Feature"
    },
    {
      "geometry" : {
        "type" : "LineString",
        "coordinates" : [
          [
            -5.8395175344259691,
            54.345955874694496
          ],
          [
            -5.8450547744948906,
            54.348067263872395
          ],
          [
            -5.8460023356761903,
            54.349723920410121
          ],
          [
            -5.8452530190266279,
            54.350514008700962
          ],
          [
            -5.8437192524747319,
            54.350391781124024
          ],
          [
            -5.8421705344825616,
            54.350364640944967
          ],
          [
            -5.8412113444937281,
            54.349654078531699
          ],
          [
            -5.8415338394397658,
            54.34877563914511
          ],
          [
            -5.8394901044881964,
            54.346028534468196
          ],
          [
            -5.8388994760686845,
            54.345598806563224
          ],
          [
            -5.8386689424208082,
            54.345084796294067
          ],
          [
            -5.8382554469635197,
            54.344027731630518
          ],
          [
            -5.8377245666666662,
            54.343063066666673
          ],
          [
            -5.8371123333333328,
            54.342084499999991
          ],
          [
            -5.836594016666667,
            54.341231883333329
          ],
          [
            -5.8360268333333334,
            54.340358600000002
          ],
          [
            -5.8354742166666673,
            54.339208516666673
          ],
          [
            -5.8350759333333331,
            54.338222250000001
          ],
          [
            -5.8346959333333341,
            54.33731396666667
          ],
          [
            -5.8343003833333347,
            54.336311733333332
          ],
          [
            -5.8340225787015374,
            54.335356793597228
          ],
          [
            -5.8349284333333324,
            54.334612683333333
          ],
          [
            -5.8356924166666655,
            54.333351350000001
          ],
          [
            -5.8352828333333342,
            54.331596783333332
          ],
          [
            -5.8350083333333327,
            54.32945238333334
          ],
          [
            -5.8351066166666676,
            54.327380499999997
          ],
          [
            -5.8352755499999995,
            54.325434949999995
          ],
          [
            -5.8367917833333323,
            54.323593716666664
          ],
          [
            -5.8375050000000011,
            54.321800066666675
          ],
          [
            -5.8376451666666656,
            54.319831099999995
          ],
          [
            -5.8384597500000002,
            54.31796636666666
          ],
          [
            -5.8392251833333333,
            54.316198666666672
          ],
          [
            -5.8400825166666657,
            54.314244583333327
          ],
          [
            -5.8408812499999989,
            54.312301566666669
          ],
          [
            -5.8415902666666666,
            54.310528416666664
          ],
          [
            -5.8419914333333338,
            54.30896486666667
          ],
          [
            -5.842062499999999,
            54.308246883333339
          ],
          [
            -5.8417762166666671,
            54.30746091666667
          ],
          [
            -5.8410196833333341,
            54.305989500000003
          ],
          [
            -5.8406532500000008,
            54.304337716666666
          ],
          [
            -5.8403497333333325,
            54.30260311666666
          ],
          [
            -5.839987466666666,
            54.300704233333335
          ],
          [
            -5.8395901333333331,
            54.298666966666666
          ],
          [
            -5.8392301166666662,
            54.296882466666666
          ],
          [
            -5.8388677333333323,
            54.295321700000009
          ],
          [
            -5.8385472666666658,
            54.293892233333324
          ],
          [
            -5.8384553333333331,
            54.292883549999999
          ],
          [
            -5.8377842166666678,
            54.291986333333334
          ],
          [
            -5.837023746384765,
            54.290924678996838
          ],
          [
            -5.8364057833333334,
            54.290061399999999
          ],
          [
            -5.8380148666666667,
            54.289607283333332
          ],
          [
            -5.8399324999999997,
            54.289131966666673
          ],
          [
            -5.842427766666666,
            54.288522533333328
          ],
          [
            -5.8449536000000002,
            54.287891883333337
          ],
          [
            -5.8479629333333341,
            54.287503550000004
          ],
          [
            -5.8510689166666667,
            54.28712276666667
          ],
          [
            -5.853605533333333,
            54.286477299999994
          ],
          [
            -5.8558310666666671,
            54.285273366666658
          ],
          [
            -5.8576545666666675,
            54.2840244
          ],
          [
            -5.8600164333333336,
            54.282932433333329
          ],
          [
            -5.8630547333333327,
            54.281943950000006
          ],
          [
            -5.8658666166666666,
            54.281050366666662
          ],
          [
            -5.8689747666666658,
            54.280057283333321
          ],
          [
            -5.8721271999999995,
            54.279047733333329
          ],
          [
            -5.8733010999999999,
            54.278679783333338
          ],
          [
            -5.8753246333333342,
            54.278038283333338
          ],
          [
            -5.8781283358476681,
            54.277203229999159
          ],
          [
            -5.8811277238358395,
            54.276289432260469
          ],
          [
            -5.8839174492561463,
            54.275445613736814
          ],
          [
            -5.8868896717935666,
            54.27454231861639
          ],
          [
            -5.8896216666666668,
            54.273692949999997
          ],
          [
            -5.8924680500000006,
            54.272843683333335
          ],
          [
            -5.8952948666666671,
            54.27199195
          ],
          [
            -5.8979713499999997,
            54.271189366666675
          ],
          [
            -5.9010057333333332,
            54.270263033333336
          ],
          [
            -5.9037621833333329,
            54.2694203
          ],
          [
            -5.9066456666666669,
            54.268548833333334
          ],
          [
            -5.9093589333333343,
            54.267733516666674
          ],
          [
            -5.9118834637496969,
            54.26698378272652
          ],
          [
            -5.9141118157110784,
            54.266303385181565
          ],
          [
            -5.9165061939574928,
            54.265593136901977
          ],
          [
            -5.9188794092170118,
            54.264883788082031
          ],
          [
            -5.9209918563422699,
            54.264230958653634
          ],
          [
            -5.9234446622556201,
            54.26347491839946
          ],
          [
            -5.9254155199738419,
            54.26286789278128
          ],
          [
            -5.927495582921777,
            54.262267536036333
          ],
          [
            -5.9298280965380838,
            54.261632933857044
          ],
          [
            -5.9319024055675511,
            54.261063629150804
          ],
          [
            -5.9336494625752758,
            54.260554811435057
          ],
          [
            -5.9351719236696017,
            54.260094236954536
          ],
          [
            -5.9370226080747877,
            54.259529075965744
          ],
          [
            -5.9388193441877224,
            54.25895776463809
          ],
          [
            -5.9404525545510936,
            54.258443609548763
          ],
          [
            -5.9423277895838531,
            54.257840285985459
          ],
          [
            -5.9433145613344927,
            54.25751457795112
          ],
          [
            -5.9446926236019539,
            54.257057489571892
          ],
          [
            -5.9461265166666672,
            54.256597599999999
          ],
          [
            -5.9475526999999992,
            54.256165433333337
          ],
          [
            -5.9489509333333332,
            54.255728400000002
          ],
          [
            -5.9504179960890538,
            54.255232718595607
          ],
          [
            -5.9520811166666663,
            54.254703166666665
          ],
          [
            -5.9545202166666664,
            54.253873033333335
          ],
          [
            -5.9567397666666677,
            54.253119366666667
          ],
          [
            -5.9589157166666666,
            54.252399533333332
          ],
          [
            -5.9611317000000001,
            54.251643349999995
          ],
          [
            -5.963190166666668,
            54.250976700000002
          ],
          [
            -5.9655367333333329,
            54.250198733333342
          ],
          [
            -5.9677631833333331,
            54.249453200000005
          ],
          [
            -5.9700113333333338,
            54.248691449999995
          ],
          [
            -5.97143235625781,
            54.248212620744603
          ],
          [
            -5.972848853051774,
            54.248629707307543
          ],
          [
            -5.9742851408058808,
            54.249093560307713
          ],
          [
            -5.9759053333333325,
            54.2490922
          ],
          [
            -5.9780584499999998,
            54.249083866666659
          ],
          [
            -5.981195828735836,
            54.248885344145265
          ],
          [
            -5.9819340833333348,
            54.248648533333331
          ],
          [
            -5.9835375500000003,
            54.248094549999998
          ],
          [
            -5.9845881666666667,
            54.247713800000007
          ],
          [
            -5.9860218499999993,
            54.247238166666662
          ],
          [
            -5.9875118333333335,
            54.24687218333333
          ],
          [
            -5.9888278333333327,
            54.247419949999994
          ],
          [
            -5.9898844333333336,
            54.248088416666661
          ],
          [
            -5.9908990499999994,
            54.248840466666664
          ],
          [
            -5.9919067000000004,
            54.249567183333333
          ],
          [
            -5.9928596166666681,
            54.250290016666668
          ],
          [
            -5.9934148833333323,
            54.251157216666662
          ],
          [
            -5.9938134333333348,
            54.252215233333331
          ],
          [
            -5.9944329999999999,
            54.253333033333334
          ],
          [
            -5.9952259000000012,
            54.254265833333328
          ],
          [
            -5.9959973666666668,
            54.255213633333341
          ],
          [
            -5.9967236166666664,
            54.2562681
          ],
          [
            -5.9974189032137852,
            54.257148557488968
          ],
          [
            -5.9979345000000004,
            54.258002066666663
          ],
          [
            -5.9981957166666673,
            54.258923333333328
          ],
          [
            -5.9999623666666677,
            54.259998283333331
          ],
          [
            -6.0025065166666671,
            54.260556433333342
          ],
          [
            -6.0050906166666662,
            54.260924716666658
          ],
          [
            -6.0079079666666662,
            54.261331033333335
          ],
          [
            -6.0105101833333334,
            54.261697916666662
          ],
          [
            -6.0130267333333336,
            54.262054233333345
          ],
          [
            -6.0152772166666679,
            54.262447599999994
          ],
          [
            -6.0167161,
            54.263656933333337
          ],
          [
            -6.0182494000000002,
            54.264904250000001
          ],
          [
            -6.0202126833333338,
            54.265927616666673
          ],
          [
            -6.0218071833333333,
            54.267192966666663
          ],
          [
            -6.0228987666666658,
            54.268748833333333
          ],
          [
            -6.0242622500000005,
            54.269975366666664
          ],
          [
            -6.026083083333333,
            54.270996866666664
          ],
          [
            -6.0285247333333336,
            54.271626233333343
          ],
          [
            -6.0308222666666662,
            54.272344066666669
          ],
          [
            -6.0325031000000005,
            54.273451616666669
          ],
          [
            -6.0345735166666685,
            54.274386766666673
          ],
          [
            -6.0369272833333332,
            54.274924466666668
          ],
          [
            -6.038842654948505,
            54.275811137926993
          ],
          [
            -6.0402926654350813,
            54.276804892532653
          ],
          [
            -6.0424138500000009,
            54.27711608333334
          ],
          [
            -6.0448854333333335,
            54.277502466666661
          ],
          [
            -6.0473025000000016,
            54.277252016666672
          ],
          [
            -6.0496518833333326,
            54.277063900000002
          ],
          [
            -6.0519049499999991,
            54.277581499999997
          ],
          [
            -6.0543461166666663,
            54.277763183333342
          ],
          [
            -6.0570210333333323,
            54.277885550000001
          ],
          [
            -6.0594415833333342,
            54.278109733333331
          ],
          [
            -6.0614274333333338,
            54.278873733333327
          ],
          [
            -6.063097466666667,
            54.279973900000009
          ],
          [
            -6.0648167833333337,
            54.281087750000005
          ],
          [
            -6.0664226000000001,
            54.282083450000002
          ],
          [
            -6.0685609997916705,
            54.282952985681966
          ],
          [
            -6.0708514166666667,
            54.283600283333328
          ],
          [
            -6.0733403294845436,
            54.284334267105116
          ],
          [
            -6.0733403294845436,
            54.284334267105116
          ],
          [
            -6.0756257500000004,
            54.284962016666668
          ],
          [
            -6.0779187878508578,
            54.285639717143717
          ],
          [
            -6.0801957587048188,
            54.286294557564013
          ],
          [
            -6.0824536009026442,
            54.286940222114005
          ],
          [
            -6.0845418880490039,
            54.287508911066183
          ],
          [
            -6.086662716666666,
            54.287898466666668
          ],
          [
            -6.0887968666666668,
            54.288306016666667
          ],
          [
            -6.0909863666666668,
            54.288557549999993
          ],
          [
            -6.0933564666666671,
            54.28865866666667
          ],
          [
            -6.0953890666666668,
            54.288964233333338
          ],
          [
            -6.0975950333333326,
            54.289539266666665
          ],
          [
            -6.0998349630833255,
            54.290405770969848
          ],
          [
            -6.1021860651415052,
            54.290761963072562
          ],
          [
            -6.1045630638350952,
            54.290958651040611
          ],
          [
            -6.1069117666666672,
            54.291649716666676
          ],
          [
            -6.109040500466663,
            54.29221180654752
          ],
          [
            -6.1112664666666658,
            54.292871566666662
          ],
          [
            -6.113103950399509,
            54.293846085357558
          ],
          [
            -6.1153557833333334,
            54.294400300000007
          ],
          [
            -6.1174488510229788,
            54.294906710552382
          ],
          [
            -6.1198527999999985,
            54.295412366666675
          ],
          [
            -6.1215699166666653,
            54.296384966666665
          ],
          [
            -6.1241701657023278,
            54.296555501938244
          ],
          [
            -6.1265933666545225,
            54.296280339138356
          ],
          [
            -6.1292027661731012,
            54.296488573010627
          ],
          [
            -6.1313673999999994,
            54.297171250000005
          ],
          [
            -6.1332633000000003,
            54.298455466666667
          ],
          [
            -6.1354393833333321,
            54.299881466666662
          ],
          [
            -6.1363596166666659,
            54.300456666666669
          ],
          [
            -6.1381250666666674,
            54.301375266666675
          ],
          [
            -6.1405108000000013,
            54.302609266666664
          ],
          [
            -6.1430783500000006,
            54.303887833333334
          ],
          [
            -6.1455528499999996,
            54.305137000000002
          ],
          [
            -6.1480488581172148,
            54.306445180890059
          ],
          [
            -6.1500022166666675,
            54.307750733333329
          ],
          [
            -6.1516436333333333,
            54.30907936666668
          ],
          [
            -6.1530049333333325,
            54.310453966666664
          ],
          [
            -6.1538757166666658,
            54.31194106666667
          ],
          [
            -6.1537135833333325,
            54.313443616666667
          ],
          [
            -6.1541851166666675,
            54.314996500000007
          ],
          [
            -6.1555272333333333,
            54.316171749999995
          ],
          [
            -6.1569606559145198,
            54.316668554807208
          ],
          [
            -6.1588326178014023,
            54.316247525239518
          ],
          [
            -6.1607607,
            54.31706943333333
          ],
          [
            -6.1625674770111365,
            54.31795999285756
          ],
          [
            -6.1645282570557534,
            54.319012946195109
          ],
          [
            -6.1666677873460047,
            54.31992439512986
          ],
          [
            -6.1685899414652283,
            54.320936401175018
          ],
          [
            -6.1706853183660391,
            54.321815805114269
          ],
          [
            -6.1719754666666669,
            54.322968999999993
          ],
          [
            -6.1728298405362372,
            54.324175731080992
          ],
          [
            -6.1746142729645026,
            54.325111407777186
          ],
          [
            -6.1759273574671019,
            54.326430087833302
          ],
          [
            -6.1769610933240795,
            54.327781380407821
          ],
          [
            -6.1781964899959299,
            54.328850641054586
          ],
          [
            -6.1802411248018219,
            54.329781226171313
          ],
          [
            -6.1814515500000002,
            54.330763116666674
          ],
          [
            -6.1831044164310036,
            54.331875432909847
          ],
          [
            -6.1852273647822278,
            54.333156867961101
          ],
          [
            -6.1872487549252462,
            54.334445701149093
          ],
          [
            -6.1894148489218992,
            54.335073594018084
          ],
          [
            -6.1911823333333338,
            54.335664283333337
          ],
          [
            -6.1927637666666673,
            54.337065349999996
          ],
          [
            -6.1954466814998002,
            54.337976058985049
          ],
          [
            -6.1981334666666674,
            54.338592416666678
          ],
          [
            -6.2009112333333327,
            54.339178899999993
          ],
          [
            -6.2035105833333333,
            54.339541250000003
          ],
          [
            -6.2060160499999997,
            54.339773250000007
          ],
          [
            -6.2083448666666667,
            54.34053518333333
          ],
          [
            -6.2108490074736515,
            54.341048794340004
          ],
          [
            -6.2131658967914252,
            54.341353572550595
          ],
          [
            -6.2153517308424258,
            54.342042304266336
          ],
          [
            -6.2172696192993806,
            54.343210653897749
          ],
          [
            -6.2199177853643617,
            54.343591574456738
          ],
          [
            -6.2222206810786815,
            54.343569155950398
          ],
          [
            -6.2244074601967139,
            54.343651541592877
          ],
          [
            -6.2267839166666663,
            54.343188866666672
          ],
          [
            -6.2294160241443892,
            54.342938257355058
          ],
          [
            -6.2322552166666663,
            54.342886349999993
          ],
          [
            -6.2349119827871311,
            54.343353525359674
          ],
          [
            -6.2372345875107644,
            54.343779514849196
          ],
          [
            -6.2397344343144185,
            54.343578595918238
          ],
          [
            -6.2426207726200973,
            54.343525477754362
          ],
          [
            -6.2452309193482476,
            54.343489310036425
          ],
          [
            -6.2476346216488139,
            54.343523466513126
          ],
          [
            -6.2492040499999995,
            54.344358433333333
          ],
          [
            -6.250729178730821,
            54.345598445004661
          ],
          [
            -6.253585066666667,
            54.34459786666666
          ],
          [
            -6.2562791666666664,
            54.343256250000003
          ],
          [
            -6.2588171666666677,
            54.342043016666672
          ],
          [
            -6.2618298000000001,
            54.341022250000002
          ],
          [
            -6.2650384166666662,
            54.340486366666667
          ],
          [
            -6.2686624000000002,
            54.339910283333332
          ],
          [
            -6.2716827812838503,
            54.338983538772275
          ],
          [
            -6.2742929787482771,
            54.337434027071367
          ],
          [
            -6.2761550371775305,
            54.335704490904646
          ],
          [
            -6.2776877059669811,
            54.334070158884934
          ],
          [
            -6.2793420619983502,
            54.332540297597156
          ],
          [
            -6.2819091796057798,
            54.33128237313354
          ],
          [
            -6.2843546543774682,
            54.330713071015218
          ],
          [
            -6.2859238001686837,
            54.330532523496906
          ],
          [
            -6.2857480978203988,
            54.331430727625275
          ],
          [
            -6.284157826899377,
            54.331228408502248
          ],
          [
            -6.2832206621811517,
            54.330514663999814
          ],
          [
            -6.2817587937393276,
            54.330152000843619
          ],
          [
            -6.280027640133655,
            54.330523728733034
          ],
          [
            -6.2786229017990243,
            54.331010793312764
          ],
          [
            -6.2731241321647975,
            54.33213256081963
          ],
          [
            -6.2761111205545737,
            54.333422890946053
          ],
          [
            -6.2761515233517944,
            54.333455680126754
          ],
          [
            -6.2777001761290467,
            54.333472955752292
          ],
          [
            -6.2784631831787205,
            54.332664382918878
          ],
          [
            -6.2787685393180697,
            54.331782681167219
          ],
          [
            -6.2792244412460603,
            54.330897583276759
          ],
          [
            -6.2805908820625023,
            54.330438510694442
          ],
          [
            -6.2821639112700707,
            54.330657780281463
          ],
          [
            -6.2805844063787344,
            54.33141911978251
          ],
          [
            -6.2789822842722112,
            54.332377406059045
          ],
          [
            -6.2774420018735784,
            54.333985399484554
          ],
          [
            -6.2756034673315737,
            54.335943890046828
          ],
          [
            -6.2734379955196724,
            54.337840986718369
          ],
          [
            -6.2704091652749403,
            54.339266747532712
          ],
          [
            -6.2671340487213252,
            54.340033351511124
          ],
          [
            -6.2637440231297834,
            54.340539458111515
          ],
          [
            -6.2601542086488173,
            54.341305936514161
          ],
          [
            -6.2568154774614095,
            54.342750687893115
          ],
          [
            -6.2538970075513607,
            54.344256222480936
          ],
          [
            -6.2513973783650503,
            54.34522760562357
          ],
          [
            -6.2497991893158806,
            54.345571778244086
          ],
          [
            -6.2481165219547252,
            54.343576138485425
          ],
          [
            -6.2430862132313321,
            54.343351235480732
          ],
          [
            -6.2399684614887949,
            54.343500617447724
          ],
          [
            -6.2383357957602774,
            54.343780687444216
          ],
          [
            -6.2362255579763346,
            54.343598611585548
          ],
          [
            -6.2345247959292491,
            54.343233562867255
          ],
          [
            -6.2314226825852304,
            54.342718349265112
          ],
          [
            -6.2291024746545789,
            54.342969496161885
          ],
          [
            -6.2270973708020252,
            54.343175384840492
          ],
          [
            -6.225425779538873,
            54.343352229426351
          ],
          [
            -6.2239432111786765,
            54.343676247027069
          ],
          [
            -6.2220299497227041,
            54.343514990590762
          ],
          [
            -6.220250151876086,
            54.343503807958975
          ],
          [
            -6.2192043781125301,
            54.342782511884614
          ],
          [
            -6.2151047274652864,
            54.339558971551426
          ],
          [
            -6.2175353282570951,
            54.341763363784274
          ],
          [
            -6.2188351089824732,
            54.34237553073956
          ],
          [
            -6.2203150139855241,
            54.343553804247613
          ],
          [
            -6.2227771214756489,
            54.343639631688333
          ],
          [
            -6.2253065508857146,
            54.343391651876694
          ],
          [
            -6.2282760264334032,
            54.343098234006078
          ],
          [
            -6.230976340280268,
            54.342745361029003
          ],
          [
            -6.2342381517519421,
            54.343226833372164
          ],
          [
            -6.2370477577555219,
            54.343768583682809
          ],
          [
            -6.2400129438862786,
            54.343519489511408
          ],
          [
            -6.2431994049408859,
            54.343521091450576
          ],
          [
            -6.2457792243095742,
            54.343488238585614
          ],
          [
            -6.2479187860124625,
            54.34352775652615
          ],
          [
            -6.2489193853649638,
            54.344778907801036
          ],
          [
            -6.2466815478043163,
            54.34633594307423
          ],
          [
            -6.2431514154012246,
            54.347649479586593
          ],
          [
            -6.2410020851904866,
            54.349475106704723
          ],
          [
            -6.240191766451832,
            54.351343601401574
          ],
          [
            -6.240074217677722,
            54.353039851397028
          ],
          [
            -6.2400694868221542,
            54.354420969681911
          ],
          [
            -6.2417597871063251,
            54.354922003797341
          ],
          [
            -6.2402409074615042,
            54.355127867752351
          ],
          [
            -6.2404021943847976,
            54.352759672670643
          ],
          [
            -6.2409150215254217,
            54.350177229121236
          ],
          [
            -6.243197752726414,
            54.347951453570353
          ],
          [
            -6.2465887774003415,
            54.346659122393277
          ],
          [
            -6.2502309520649462,
            54.34580733301263
          ],
          [
            -6.2538751395012877,
            54.344518341253718
          ],
          [
            -6.2572022557901787,
            54.342797201009965
          ],
          [
            -6.2605186994309543,
            54.341425485676666
          ],
          [
            -6.2647631462924211,
            54.340588841716659
          ],
          [
            -6.2691012188635149,
            54.33986824757222
          ],
          [
            -6.2728670777010054,
            54.338450751471335
          ],
          [
            -6.2755847757393717,
            54.336367009843563
          ],
          [
            -6.2775515073421797,
            54.334229917916893
          ],
          [
            -6.2796010370857953,
            54.33229954639372
          ],
          [
            -6.2820150975071023,
            54.33119238580138
          ],
          [
            -6.2844212871416945,
            54.330642925362831
          ],
          [
            -6.2860837601523718,
            54.331323978846001
          ],
          [
            -6.2844735941595866,
            54.331434647968628
          ],
          [
            -6.2834027452318271,
            54.330690254943534
          ],
          [
            -6.2820432275117257,
            54.330150003587121
          ],
          [
            -6.2800684190063425,
            54.330530067113777
          ],
          [
            -6.2786947497245711,
            54.331020043709785
          ],
          [
            -6.2730927762658526,
            54.332071601942033
          ],
          [
            -6.2734054666666665,
            54.331937533333331
          ],
          [
            -6.2745258666666661,
            54.332561233333337
          ],
          [
            -6.275703634672122,
            54.333185929933649
          ],
          [
            -6.2769633689234086,
            54.333712211481981
          ],
          [
            -6.278061124037519,
            54.333068970594056
          ],
          [
            -6.2788512500000007,
            54.332265199999995
          ],
          [
            -6.2785286630080348,
            54.331351331667364
          ],
          [
            -6.2802238333333342,
            54.330527916666675
          ],
          [
            -6.2818144499999997,
            54.330215349999996
          ],
          [
            -6.2834123333333327,
            54.330851616666664
          ],
          [
            -6.284291716666667,
            54.331635933333331
          ],
          [
            -6.2836871166666652,
            54.333190083333328
          ],
          [
            -6.2825584499999989,
            54.333883883333328
          ],
          [
            -6.2807277666666668,
            54.335110083333333
          ],
          [
            -6.2789196666666669,
            54.336336616666657
          ],
          [
            -6.2777194333333339,
            54.338008183333343
          ],
          [
            -6.2770990666666666,
            54.339515666666664
          ],
          [
            -6.275997966666667,
            54.340667416666669
          ],
          [
            -6.2749073666666675,
            54.341849699999997
          ],
          [
            -6.2741066166666677,
            54.343008233333329
          ],
          [
            -6.2734462666666673,
            54.34393536666667
          ],
          [
            -6.2728451000000014,
            54.344784233333328
          ],
          [
            -6.2721987499999985,
            54.345635400000006
          ],
          [
            -6.272900299999999,
            54.346460700000002
          ],
          [
            -6.2728046666666675,
            54.347391766666675
          ],
          [
            -6.2721715499999995,
            54.348242200000008
          ],
          [
            -6.2715283499999996,
            54.349133799999997
          ],
          [
            -6.2729752166666666,
            54.349500466666669
          ],
          [
            -6.2745102499999987,
            54.349750433333334
          ],
          [
            -6.2760625166666673,
            54.349900399999996
          ],
          [
            -6.2776324333333333,
            54.350025916666659
          ],
          [
            -6.279189033333334,
            54.35017655
          ],
          [
            -6.2807095999999998,
            54.350346450000004
          ],
          [
            -6.2825746864007019,
            54.350407013668288
          ],
          [
            -6.2846555412888794,
            54.350271375532841
          ],
          [
            -6.2865511477912053,
            54.350147685328395
          ],
          [
            -6.2884578499999995,
            54.350004166666672
          ],
          [
            -6.2905780605652604,
            54.349910488034375
          ],
          [
            -6.2926432499999994,
            54.34978963333333
          ],
          [
            -6.2952455945170867,
            54.349562270154394
          ],
          [
            -6.2979449500000007,
            54.348854283333331
          ],
          [
            -6.3003477666666656,
            54.347971499999993
          ],
          [
            -6.3030605500000005,
            54.347159966666673
          ],
          [
            -6.3051689166666662,
            54.346583066666668
          ],
          [
            -6.3051689166666662,
            54.346583066666668
          ],
          [
            -6.3077174666666664,
            54.345741200000006
          ],
          [
            -6.3096124333333332,
            54.344722199999993
          ],
          [
            -6.3127385333333335,
            54.344569433333334
          ],
          [
            -6.315774366666667,
            54.344499683333332
          ],
          [
            -6.3185829999999985,
            54.344954400000006
          ],
          [
            -6.3213420166666676,
            54.345625083333339
          ],
          [
            -6.3243022333333325,
            54.345275133333345
          ],
          [
            -6.3272080166666669,
            54.344392266666667
          ],
          [
            -6.3298739166666653,
            54.343555133333332
          ],
          [
            -6.3320653499999997,
            54.342528849999994
          ],
          [
            -6.3331872499999999,
            54.341080349999991
          ],
          [
            -6.3350251035087295,
            54.340103910154646
          ],
          [
            -6.3368656666666672,
            54.340513183333329
          ],
          [
            -6.3377736678718861,
            54.341726358217286
          ],
          [
            -6.338730591547189,
            54.343039208677027
          ],
          [
            -6.3400255646598964,
            54.344220025874847
          ],
          [
            -6.3407620588856526,
            54.345501376783147
          ],
          [
            -6.3414275,
            54.346492199999993
          ],
          [
            -6.3408924999999989,
            54.347801550000007
          ],
          [
            -6.3411409499999989,
            54.349124166666662
          ],
          [
            -6.3416539166666661,
            54.350228516666661
          ],
          [
            -6.341179949999999,
            54.35115913333334
          ],
          [
            -6.3411168730587972,
            54.352448048350645
          ],
          [
            -6.3418299145382173,
            54.353887046975636
          ],
          [
            -6.3424378284649849,
            54.355020740028877
          ],
          [
            -6.3430354631019217,
            54.355937349977715
          ],
          [
            -6.3435353756528361,
            54.357112787590253
          ],
          [
            -6.3443256333333338,
            54.357762766666667
          ],
          [
            -6.3452959160425637,
            54.358852615506883
          ],
          [
            -6.3467062666666667,
            54.359960216666664
          ],
          [
            -6.3480461166666657,
            54.361046766666668
          ],
          [
            -6.3497108833333336,
            54.361909466666667
          ],
          [
            -6.3517142333333334,
            54.362301233333334
          ],
          [
            -6.3536092333333336,
            54.362989066666657
          ],
          [
            -6.3547322000000008,
            54.364250599999998
          ],
          [
            -6.355458800000001,
            54.365610950000004
          ],
          [
            -6.3561771411266461,
            54.366654628639701
          ],
          [
            -6.3572726342618751,
            54.367706281344248
          ],
          [
            -6.3584747666666663,
            54.36874601666667
          ],
          [
            -6.3596986333333332,
            54.370038516666668
          ],
          [
            -6.360593999999999,
            54.371035766666665
          ],
          [
            -6.3603713333333349,
            54.371934416666669
          ],
          [
            -6.3592892666666669,
            54.372658799999996
          ],
          [
            -6.3595131999999994,
            54.373594550000007
          ],
          [
            -6.3611327207130408,
            54.374176684867777
          ],
          [
            -6.3630099033167404,
            54.374849374772452
          ],
          [
            -6.3645297771524305,
            54.375989364939926
          ],
          [
            -6.365240416177727,
            54.377228023447344
          ],
          [
            -6.3660122833333332,
            54.378357083333334
          ],
          [
            -6.366505833333334,
            54.379322833333326
          ],
          [
            -6.3670582166666678,
            54.380397333333335
          ],
          [
            -6.3678140833333341,
            54.38125646666667
          ],
          [
            -6.3693781518705874,
            54.381867754246187
          ],
          [
            -6.3709569176956622,
            54.382629974091984
          ],
          [
            -6.3724927666666664,
            54.383445600000002
          ],
          [
            -6.3738034500000005,
            54.384816000000001
          ],
          [
            -6.3752881833333328,
            54.386376749999997
          ],
          [
            -6.3765587166666675,
            54.387753616666672
          ],
          [
            -6.378213333333334,
            54.389245633333331
          ],
          [
            -6.3803488666666661,
            54.390546350000001
          ],
          [
            -6.3822231333333335,
            54.392225366666665
          ],
          [
            -6.3837877333333317,
            54.393694500000009
          ],
          [
            -6.3853562866465587,
            54.394895416689486
          ],
          [
            -6.3869743428750718,
            54.395979927511867
          ],
          [
            -6.3880381166666664,
            54.397136183333338
          ],
          [
            -6.3889477999999995,
            54.39832413333334
          ],
          [
            -6.3896191000000009,
            54.399186449999995
          ],
          [
            -6.3905024666666668,
            54.399931216666666
          ],
          [
            -6.3923180999999998,
            54.400655833333332
          ],
          [
            -6.39397225,
            54.400959533333328
          ],
          [
            -6.3960182666666654,
            54.401306566666676
          ],
          [
            -6.3987828590831484,
            54.401685059461862
          ],
          [
            -6.4019440271247543,
            54.402204016529573
          ],
          [
            -6.4052046833333325,
            54.403143533333335
          ],
          [
            -6.4073694333333346,
            54.404839833333334
          ],
          [
            -6.4091954500000003,
            54.406495416666665
          ],
          [
            -6.4111367499999989,
            54.408261683333329
          ],
          [
            -6.4130921000000001,
            54.410029550000004
          ],
          [
            -6.4148667166666673,
            54.411678950000002
          ],
          [
            -6.4167774333333343,
            54.413526950000005
          ],
          [
            -6.418473800000001,
            54.415183099999993
          ],
          [
            -6.4199742333333321,
            54.416671916666672
          ],
          [
            -6.4214506666666678,
            54.418076699999993
          ],
          [
            -6.4228644666666659,
            54.419344583333334
          ],
          [
            -6.4242234999999992,
            54.420296683333333
          ],
          [
            -6.4255801833333335,
            54.421166750000005
          ],
          [
            -6.4268147500000001,
            54.42197973333333
          ],
          [
            -6.4278490333333327,
            54.422739783333327
          ],
          [
            -6.4287706833333322,
            54.423510699999994
          ],
          [
            -6.42915905,
            54.424430933333326
          ],
          [
            -6.4294915166666673,
            54.42534766666666
          ],
          [
            -6.4296169333333335,
            54.426307766666667
          ],
          [
            -6.4316858666666663,
            54.4266383
          ],
          [
            -6.4337855833333339,
            54.426482233333338
          ],
          [
            -6.4354875833333329,
            54.426308283333341
          ],
          [
            -6.4370962499999997,
            54.426104049999999
          ],
          [
            -6.4387203500000005,
            54.425463350000001
          ],
          [
            -6.4400432500000004,
            54.424843700000004
          ],
          [
            -6.4413570499999988,
            54.42531413333333
          ],
          [
            -6.4417421833333339,
            54.426232166666658
          ],
          [
            -6.4425736124363695,
            54.427079273785239
          ],
          [
            -6.4436509309356991,
            54.427762641808371
          ],
          [
            -6.4451721666666666,
            54.428343616666673
          ],
          [
            -6.4466221999999993,
            54.428920249999997
          ],
          [
            -6.4479845499999993,
            54.429449566666669
          ],
          [
            -6.4494599499999996,
            54.430015166666671
          ],
          [
            -6.4508074666666673,
            54.43052578333333
          ],
          [
            -6.4522411166666664,
            54.431070233333337
          ],
          [
            -6.4535287833333337,
            54.431552766666663
          ],
          [
            -6.4550355833333342,
            54.432121850000009
          ],
          [
            -6.456604183333333,
            54.432724616666675
          ],
          [
            -6.4579470666666658,
            54.433196266666663
          ],
          [
            -6.4596028950100592,
            54.433347913219031
          ],
          [
            -6.4611221826026428,
            54.432969155819791
          ],
          [
            -6.4627081666666655,
            54.432850533333337
          ],
          [
            -6.4638108500000007,
            54.433533883333332
          ],
          [
            -6.4648149500000009,
            54.434263566666672
          ],
          [
            -6.4658749499999999,
            54.435028216666666
          ],
          [
            -6.4669174999999992,
            54.435803883333328
          ],
          [
            -6.468080866666666,
            54.436614300000002
          ],
          [
            -6.4693956999999997,
            54.437529616666673
          ],
          [
            -6.4706536333333347,
            54.438407966666666
          ],
          [
            -6.4720807499999999,
            54.439393416666661
          ],
          [
            -6.4738522833333345,
            54.440609049999992
          ],
          [
            -6.4755728333333327,
            54.441803749999998
          ],
          [
            -6.476996783333334,
            54.442762266666662
          ],
          [
            -6.4783764000000001,
            54.443640566666659
          ],
          [
            -6.4800175333333341,
            54.444685583333332
          ],
          [
            -6.4822485333333342,
            54.446078100000008
          ],
          [
            -6.484459066666667,
            54.44739426666667
          ],
          [
            -6.4867437833333321,
            54.448906083333334
          ],
          [
            -6.4891176833333342,
            54.45004611666667
          ],
          [
            -6.4916800666666665,
            54.451355250000006
          ],
          [
            -6.4942210833333336,
            54.452761166666669
          ],
          [
            -6.4953456166666665,
            54.453443499999999
          ],
          [
            -6.4967319666666663,
            54.454319683333338
          ],
          [
            -6.4991420666666668,
            54.455831966666665
          ],
          [
            -6.5013601666666654,
            54.457223450000001
          ],
          [
            -6.5039094500000001,
            54.458811699999998
          ],
          [
            -6.5063467500000005,
            54.460332666666673
          ],
          [
            -6.5087402666666661,
            54.461833099999993
          ],
          [
            -6.5110574000000003,
            54.463275599999996
          ],
          [
            -6.5135583500000003,
            54.464849183333335
          ],
          [
            -6.5158798000000004,
            54.466305183333333
          ],
          [
            -6.5181186666666671,
            54.467705366666664
          ],
          [
            -6.5202348833333339,
            54.469038299999994
          ],
          [
            -6.5226263999999992,
            54.470520950000008
          ],
          [
            -6.5249632333333336,
            54.472241833333328
          ],
          [
            -6.5276533500000005,
            54.473988216666669
          ],
          [
            -6.5301612666666662,
            54.475606933333331
          ],
          [
            -6.5326036333333333,
            54.477058100000008
          ],
          [
            -6.5353411833333324,
            54.478620233333331
          ],
          [
            -6.5377421911325619,
            54.479788595981503
          ],
          [
            -6.5392468788562716,
            54.480916182510363
          ],
          [
            -6.5398402999999989,
            54.482135916666657
          ],
          [
            -6.5415865041378236,
            54.482393155645809
          ],
          [
            -6.5441308833333336,
            54.481488283333327
          ],
          [
            -6.5476084999999999,
            54.481077849999998
          ],
          [
            -6.551659683333332,
            54.481030433333338
          ],
          [
            -6.5559608666666671,
            54.481042049999992
          ],
          [
            -6.5599108333333334,
            54.480993233333322
          ],
          [
            -6.5641970499999998,
            54.480663050000004
          ],
          [
            -6.5684590833333329,
            54.480299066666667
          ],
          [
            -6.5692369666666677,
            54.480234216666666
          ],
          [
            -6.572752883333334,
            54.480192050000007
          ],
          [
            -6.5769624000000002,
            54.480770600000007
          ],
          [
            -6.5810845833333342,
            54.481495633333331
          ],
          [
            -6.5850098666666668,
            54.481583466666677
          ],
          [
            -6.5892012000000006,
            54.481055083333331
          ],
          [
            -6.5934688666666652,
            54.480674516666674
          ],
          [
            -6.5976811833333331,
            54.481140400000001
          ],
          [
            -6.601436866666667,
            54.481866883333332
          ],
          [
            -6.6055011333333331,
            54.48264961666667
          ],
          [
            -6.6097838666666666,
            54.482971016666674
          ],
          [
            -6.6139845333333334,
            54.482457416666662
          ],
          [
            -6.6182166833333325,
            54.481862516666659
          ],
          [
            -6.622030800000001,
            54.4818043
          ],
          [
            -6.6258734666666674,
            54.482326633333336
          ],
          [
            -6.6289544499999993,
            54.48377236666667
          ],
          [
            -6.6307174666666659,
            54.486017733333334
          ],
          [
            -6.6319990000000004,
            54.488407966666671
          ],
          [
            -6.6347771666666668,
            54.49029178333334
          ],
          [
            -6.6385536666666667,
            54.491497766666662
          ],
          [
            -6.6420697833333326,
            54.492522700000002
          ],
          [
            -6.6459342166666655,
            54.493650250000002
          ],
          [
            -6.6498225833333349,
            54.494739283333338
          ],
          [
            -6.6535581833333328,
            54.495434333333328
          ],
          [
            -6.6578229333333336,
            54.495772366666678
          ],
          [
            -6.6621306833333334,
            54.495717299999995
          ],
          [
            -6.6660615833333337,
            54.495618533333328
          ],
          [
            -6.6703893999999995,
            54.495506933333338
          ],
          [
            -6.6743111833333328,
            54.495406716666672
          ],
          [
            -6.675096233333333,
            54.495386583333328
          ],
          [
            -6.6786265999999985,
            54.495299299999999
          ],
          [
            -6.6825373499999996,
            54.495201683333335
          ],
          [
            -6.6868577333333326,
            54.495089700000001
          ],
          [
            -6.6911794333333336,
            54.494979883333322
          ],
          [
            -6.6954974499999995,
            54.494870899999988
          ],
          [
            -6.6994409666666668,
            54.49475661666667
          ],
          [
            -6.7036983999999995,
            54.494413299999998
          ],
          [
            -6.7075259333333328,
            54.493844233333327
          ],
          [
            -6.7115382499999994,
            54.492946083333329
          ],
          [
            -6.7153523333333336,
            54.491756299999999
          ],
          [
            -6.7188876833333326,
            54.490320466666667
          ],
          [
            -6.7223549666666669,
            54.488815433333336
          ],
          [
            -6.7258200166666677,
            54.487311850000005
          ],
          [
            -6.7289774666666666,
            54.485945283333329
          ],
          [
            -6.7324470499999993,
            54.484440550000002
          ],
          [
            -6.7356052000000002,
            54.483064366666667
          ],
          [
            -6.7390582333333331,
            54.481560016666656
          ],
          [
            -6.7422041000000004,
            54.480195183333336
          ],
          [
            -6.7458101333333333,
            54.478820700000007
          ],
          [
            -6.7497375499999999,
            54.47779083333333
          ],
          [
            -6.7539102999999985,
            54.4771231
          ],
          [
            -6.7578145500000009,
            54.476827266666668
          ],
          [
            -6.7617574166666685,
            54.476836116666668
          ],
          [
            -6.7660080333333319,
            54.477193050000004
          ],
          [
            -6.7701706999999995,
            54.477888950000001
          ],
          [
            -6.7739008666666658,
            54.478620116666661
          ],
          [
            -6.7776147833333331,
            54.479368333333333
          ],
          [
            -6.7813102333333326,
            54.480136949999995
          ],
          [
            -6.7831570666666661,
            54.480502750000007
          ],
          [
            -6.7854310499999997,
            54.480840166666667
          ],
          [
            -6.7896940666666676,
            54.481281299999999
          ],
          [
            -6.7935517000000001,
            54.48168616666667
          ],
          [
            -6.7973953333333332,
            54.482088633333326
          ],
          [
            -6.801634933333335,
            54.482530100000005
          ],
          [
            -6.805872683333333,
            54.483046749999993
          ],
          [
            -6.8096508500000015,
            54.483683066666657
          ],
          [
            -6.8137967333333327,
            54.484384266666666
          ],
          [
            -6.8179448499999991,
            54.485094466666666
          ],
          [
            -6.8217340499999999,
            54.485716466666659
          ],
          [
            -6.8258144500000002,
            54.48648978333334
          ],
          [
            -6.8300726833333325,
            54.486884433333344
          ],
          [
            -6.8343839000000006,
            54.48663723333334
          ],
          [
            -6.8380807666666668,
            54.485893799999999
          ],
          [
            -6.8420247666666665,
            54.484866966666665
          ],
          [
            -6.8461761000000001,
            54.484167333333332
          ],
          [
            -6.8500455499999999,
            54.483730266666662
          ],
          [
            -6.8542877166666667,
            54.483368933333331
          ],
          [
            -6.8581894333333322,
            54.483130216666659
          ],
          [
            -6.8624923000000004,
            54.482979266666675
          ],
          [
            -6.8664376333333337,
            54.482938600000004
          ],
          [
            -6.8707455166666671,
            54.483011033333334
          ],
          [
            -6.8749818833333336,
            54.483492550000001
          ],
          [
            -6.8785641833333324,
            54.484428216666664
          ],
          [
            -6.8821153999999991,
            54.485815833333326
          ],
          [
            -6.8858715166666657,
            54.487012566666664
          ],
          [
            -6.8899312333333347,
            54.487884183333342
          ],
          [
            -6.8940269333333335,
            54.488688266666664
          ],
          [
            -6.8966529166666666,
            54.489165850000006
          ],
          [
            -6.8981965500000006,
            54.489301683333331
          ],
          [
            -6.9024370166666662,
            54.489041683333333
          ],
          [
            -6.9066437000000009,
            54.488438433333343
          ],
          [
            -6.9106376166666665,
            54.487451566666671
          ],
          [
            -6.9140954333333342,
            54.486337466666662
          ],
          [
            -6.9179529166666667,
            54.485198616666665
          ],
          [
            -6.9214960833333334,
            54.484235633333341
          ],
          [
            -6.9254452166666658,
            54.48322373333334
          ],
          [
            -6.9293473833333339,
            54.482115083333341
          ],
          [
            -6.9327744499999993,
            54.480998600000007
          ],
          [
            -6.9364032000000009,
            54.479656283333334
          ],
          [
            -6.9402413500000009,
            54.478505133333329
          ],
          [
            -6.9444216000000001,
            54.477849683333332
          ],
          [
            -6.9487502833333341,
            54.477733933333333
          ],
          [
            -6.953066083333332,
            54.477909749999995
          ],
          [
            -6.956982166666668,
            54.478070266666656
          ],
          [
            -6.9612617500000002,
            54.478244383333333
          ],
          [
            -6.9655716833333328,
            54.478421516666671
          ],
          [
            -6.9698872166666659,
            54.478326249999995
          ],
          [
            -6.9740822666666666,
            54.477711166666666
          ],
          [
            -6.9779436666666657,
            54.476611349999999
          ],
          [
            -6.981318083333333,
            54.475080766666665
          ],
          [
            -6.9840931166666662,
            54.473155266666659
          ],
          [
            -6.9860139666666674,
            54.471148033333336
          ],
          [
            -6.9879357666666673,
            54.468891283333335
          ],
          [
            -6.9896717833333328,
            54.466834233333337
          ],
          [
            -6.9915624499999991,
            54.464600549999993
          ],
          [
            -6.9937678833333337,
            54.462449299999989
          ],
          [
            -6.9952060666666664,
            54.461361616666665
          ],
          [
            -6.996518833333333,
            54.460513550000002
          ],
          [
            -6.9997549166666655,
            54.45884301666667
          ],
          [
            -7.003380766666667,
            54.457481933333334
          ],
          [
            -7.006963916666666,
            54.456540399999994
          ],
          [
            -7.010681766666667,
            54.455896716666665
          ],
          [
            -7.0142898333333337,
            54.455420050000008
          ],
          [
            -7.0183441999999996,
            54.454936349999997
          ],
          [
            -7.0221399166666663,
            54.45472809999999
          ],
          [
            -7.0257242,
            54.454864833333339
          ],
          [
            -7.0289239999999999,
            54.455098250000013
          ],
          [
            -7.0308790166666677,
            54.455173049999999
          ],
          [
            -7.0327807500000006,
            54.456123599999998
          ],
          [
            -7.0323076166666656,
            54.457501866666675
          ],
          [
            -7.0323020999999999,
            54.458780099999998
          ],
          [
            -7.0347824333333335,
            54.460126850000009
          ],
          [
            -7.0380197166666676,
            54.461881099999992
          ],
          [
            -7.0410364333333328,
            54.463518199999996
          ],
          [
            -7.0438774333333338,
            54.465050216666668
          ],
          [
            -7.0465158333333333,
            54.466745283333324
          ],
          [
            -7.0478049166666663,
            54.468667666666668
          ],
          [
            -7.0494880000000002,
            54.470505233333341
          ],
          [
            -7.0522164499999995,
            54.471846716666668
          ],
          [
            -7.055406950000001,
            54.472849683333337
          ],
          [
            -7.0589947166666658,
            54.473334933333341
          ],
          [
            -7.0626429666666679,
            54.473765783333334
          ],
          [
            -7.0661257500000003,
            54.474183966666672
          ],
          [
            -7.0696030833333339,
            54.474637749999999
          ],
          [
            -7.0733851666666663,
            54.475039666666667
          ],
          [
            -7.0763250666666675,
            54.476066850000002
          ],
          [
            -7.0795139666666671,
            54.477443399999991
          ],
          [
            -7.0823367833333331,
            54.479068583333337
          ],
          [
            -7.0847511333333326,
            54.480857100000001
          ],
          [
            -7.0873145000000006,
            54.482364883333332
          ],
          [
            -7.0907274666666673,
            54.483137083333332
          ],
          [
            -7.0947660833333339,
            54.482494966666678
          ],
          [
            -7.0989965500000007,
            54.481986966666661
          ],
          [
            -7.1032504333333328,
            54.482385499999992
          ],
          [
            -7.1072366333333337,
            54.482706416666666
          ],
          [
            -7.1114598833333336,
            54.482817133333342
          ],
          [
            -7.1153184500000011,
            54.482915733333321
          ],
          [
            -7.1191830166666668,
            54.483538933333328
          ],
          [
            -7.1225927666666653,
            54.484343966666664
          ],
          [
            -7.1263296833333332,
            54.485315416666658
          ],
          [
            -7.1295095333333336,
            54.486363749999995
          ],
          [
            -7.1323401333333338,
            54.487638116666666
          ],
          [
            -7.1348301833333343,
            54.488718699999993
          ],
          [
            -7.1373741833333328,
            54.489625033333333
          ],
          [
            -7.1401664499999997,
            54.490846133333328
          ],
          [
            -7.1432807000000009,
            54.492222133333343
          ],
          [
            -7.1459171833333341,
            54.493922266666672
          ],
          [
            -7.148194000000001,
            54.495614183333323
          ],
          [
            -7.1515798666666663,
            54.496913383333336
          ],
          [
            -7.1549396833333327,
            54.498234866666657
          ],
          [
            -7.1577150166666668,
            54.499666783333339
          ],
          [
            -7.1611480666666676,
            54.500972433333331
          ],
          [
            -7.1644422999999993,
            54.502086400000003
          ],
          [
            -7.1653089666666672,
            54.502511466666661
          ],
          [
            -7.1670230833333335,
            54.503714033333331
          ],
          [
            -7.1692892666666674,
            54.505471566666664
          ],
          [
            -7.1715011333333338,
            54.507179766666667
          ],
          [
            -7.1739274333333336,
            54.509016466666658
          ],
          [
            -7.1769643333333324,
            54.510539016666669
          ],
          [
            -7.1798238000000003,
            54.511869866666665
          ],
          [
            -7.1823863499999998,
            54.513540633333328
          ],
          [
            -7.1846759499999999,
            54.515260133333335
          ],
          [
            -7.1865415333333331,
            54.517173966666661
          ],
          [
            -7.1884940666666672,
            54.51887455
          ],
          [
            -7.1914516333333331,
            54.520254000000008
          ],
          [
            -7.1938100999999994,
            54.521688833333336
          ],
          [
            -7.196586299999999,
            54.522777883333347
          ],
          [
            -7.1997368333333327,
            54.52434516666667
          ],
          [
            -7.2029016666666656,
            54.525833516666673
          ],
          [
            -7.2068348499999999,
            54.526967233333338
          ],
          [
            -7.2102127499999993,
            54.528046366666658
          ],
          [
            -7.2125640833333327,
            54.529697783333333
          ],
          [
            -7.2149457999999997,
            54.53164438333333
          ],
          [
            -7.2178607333333336,
            54.532957933333336
          ],
          [
            -7.2215758333333326,
            54.533905400000002
          ],
          [
            -7.224923716666666,
            54.534847966666661
          ],
          [
            -7.2283216666666661,
            54.536019299999992
          ],
          [
            -7.2313148833333321,
            54.537249183333344
          ],
          [
            -7.2340413999999997,
            54.538540250000004
          ],
          [
            -7.2357638333333334,
            54.540491083333336
          ],
          [
            -7.2372661166666665,
            54.542688399999996
          ],
          [
            -7.2388522499999999,
            54.544485250000001
          ],
          [
            -7.2406558999999993,
            54.546439283333335
          ],
          [
            -7.2423634499999991,
            54.5484504
          ],
          [
            -7.243677533333333,
            54.550520033333335
          ],
          [
            -7.2452992999999992,
            54.552580633333335
          ],
          [
            -7.2476679500000003,
            54.554136333333325
          ],
          [
            -7.2501371666666667,
            54.555537750000006
          ],
          [
            -7.2527033333333337,
            54.557216249999989
          ],
          [
            -7.2551352333333341,
            54.559066699999988
          ],
          [
            -7.2575639666666669,
            54.560928616666658
          ],
          [
            -7.2597812333333334,
            54.562616399999996
          ],
          [
            -7.2621668499999998,
            54.564435683333343
          ],
          [
            -7.2646126666666664,
            54.566301916666667
          ],
          [
            -7.2669152499999994,
            54.568036766666665
          ],
          [
            -7.2693295666666664,
            54.569880233333329
          ],
          [
            -7.2715102666666667,
            54.571545950000001
          ],
          [
            -7.2738286833333321,
            54.573053449999996
          ],
          [
            -7.2767445166666676,
            54.573826599999997
          ],
          [
            -7.2789178499999991,
            54.57522345000001
          ],
          [
            -7.2803593666666657,
            54.576747766666657
          ],
          [
            -7.2823538333333335,
            54.57828743333333
          ],
          [
            -7.2838791166666663,
            54.580325250000001
          ],
          [
            -7.2841722999999998,
            54.58231275
          ],
          [
            -7.2832939500000009,
            54.584492133333335
          ],
          [
            -7.2827019000000011,
            54.586643783333329
          ],
          [
            -7.2835402166666672,
            54.588846533333331
          ],
          [
            -7.2852060666666665,
            54.590691516666659
          ],
          [
            -7.2868744666666663,
            54.592436916666671
          ],
          [
            -7.2882065333333319,
            54.593831666666667
          ],
          [
            -7.2890598666666655,
            54.594816049999991
          ],
          [
            -7.289627733333333,
            54.595230683333334
          ],
          [
            -7.2903160499999995,
            54.595475466666663
          ],
          [
            -7.2918830000000003,
            54.596266183333334
          ],
          [
            -7.2942562333333347,
            54.596897133333343
          ],
          [
            -7.2965725166666662,
            54.597372933333325
          ],
          [
            -7.2991931000000001,
            54.597318466666671
          ],
          [
            -7.301516366666668,
            54.596983283333337
          ],
          [
            -7.3031685500000005,
            54.596672933333338
          ],
          [
            -7.3047316666666662,
            54.596483783333333
          ],
          [
            -7.3068821833333324,
            54.596733083333326
          ],
          [
            -7.3087687166666671,
            54.597330716666661
          ],
          [
            -7.3098661166666652,
            54.598219033333329
          ],
          [
            -7.3105519333333326,
            54.599070500000003
          ],
          [
            -7.3126838666666663,
            54.600302900000003
          ],
          [
            -7.314983616666666,
            54.601344699999999
          ],
          [
            -7.3167045166666655,
            54.602335499999995
          ],
          [
            -7.318414849999999,
            54.603575766666665
          ],
          [
            -7.3199075333333328,
            54.604884999999996
          ],
          [
            -7.3212633666666669,
            54.606262516666661
          ],
          [
            -7.3226745499999994,
            54.607842700000006
          ],
          [
            -7.3236115333333336,
            54.608928399999996
          ],
          [
            -7.3243075333333332,
            54.610379533333322
          ],
          [
            -7.3242081333333333,
            54.61137690000001
          ],
          [
            -7.3248472499999995,
            54.612858233333327
          ],
          [
            -7.3265274666666667,
            54.614237633333339
          ],
          [
            -7.3283211666666661,
            54.615597016666669
          ],
          [
            -7.3299792000000012,
            54.61683476666667
          ],
          [
            -7.331314466666667,
            54.618136883333328
          ],
          [
            -7.3326390999999997,
            54.619456233333331
          ],
          [
            -7.3337689333333316,
            54.620879100000003
          ],
          [
            -7.3350883500000013,
            54.622594083333325
          ],
          [
            -7.3366508500000016,
            54.624434633333344
          ],
          [
            -7.3378748333333323,
            54.626265616666657
          ],
          [
            -7.3386652000000012,
            54.628082933333332
          ],
          [
            -7.3394823666666653,
            54.630027349999999
          ],
          [
            -7.3403421,
            54.632108116666664
          ],
          [
            -7.3412358833333329,
            54.634213933333328
          ],
          [
            -7.3421716666666663,
            54.636387333333339
          ],
          [
            -7.3430856333333336,
            54.63854378333334
          ],
          [
            -7.3439258499999989,
            54.640468933333338
          ],
          [
            -7.3442365833333323,
            54.642252183333333
          ],
          [
            -7.3427656333333333,
            54.64397176666666
          ],
          [
            -7.3411783666666661,
            54.6455348
          ],
          [
            -7.3402557499999999,
            54.647449099999996
          ],
          [
            -7.3391222833333343,
            54.649507249999999
          ],
          [
            -7.3386848833333334,
            54.651469533333326
          ],
          [
            -7.3383066166666664,
            54.653340433333334
          ],
          [
            -7.3378593333333333,
            54.654458933333338
          ],
          [
            -7.3373421333333342,
            54.655389233333338
          ],
          [
            -7.3363582833333343,
            54.65710155
          ],
          [
            -7.3372935000000004,
            54.65904878333334
          ],
          [
            -7.337932666666668,
            54.660809199999996
          ],
          [
            -7.3386488999999999,
            54.662764833333327
          ],
          [
            -7.3393426833333333,
            54.664671566666655
          ],
          [
            -7.3405116333333336,
            54.666412616666669
          ],
          [
            -7.3428675500000002,
            54.667850533333329
          ],
          [
            -7.345515016666667,
            54.669135450000006
          ],
          [
            -7.3480511333333327,
            54.670350850000005
          ],
          [
            -7.3504490666666653,
            54.671848116666659
          ],
          [
            -7.3513771999999999,
            54.673776533333324
          ],
          [
            -7.3517492000000004,
            54.675637766666654
          ],
          [
            -7.3522594333333338,
            54.677324016666674
          ],
          [
            -7.352791550000001,
            54.679173000000013
          ],
          [
            -7.3528234499999989,
            54.681100100000009
          ],
          [
            -7.3527040666666661,
            54.682867199999997
          ],
          [
            -7.3525325666666674,
            54.684781000000001
          ],
          [
            -7.3523074333333343,
            54.686656499999991
          ],
          [
            -7.352102416666666,
            54.688449183333326
          ],
          [
            -7.3523177833333326,
            54.690270399999996
          ],
          [
            -7.3531046833333331,
            54.691789116666662
          ],
          [
            -7.3536781666666666,
            54.693570833333325
          ],
          [
            -7.3535691999999999,
            54.695476916666664
          ],
          [
            -7.3531064499999994,
            54.69741470000001
          ],
          [
            -7.3539034166666664,
            54.699141800000007
          ],
          [
            -7.3545144999999987,
            54.701000450000009
          ],
          [
            -7.3547973833333327,
            54.702990633333336
          ],
          [
            -7.3559327833333334,
            54.704608033333336
          ],
          [
            -7.3573290500000006,
            54.706417783333336
          ],
          [
            -7.358496866666667,
            54.708544183333338
          ],
          [
            -7.3598410499999991,
            54.710735499999991
          ],
          [
            -7.3615850833333338,
            54.712467383333326
          ],
          [
            -7.3635090666666674,
            54.714203883333326
          ],
          [
            -7.3645058666666676,
            54.7161671
          ],
          [
            -7.3652169999999995,
            54.718007333333333
          ],
          [
            -7.3672398833333341,
            54.719578249999991
          ],
          [
            -7.3696379166666661,
            54.720720783333341
          ],
          [
            -7.3724007333333335,
            54.721712466666666
          ],
          [
            -7.3755163833333333,
            54.722602383333339
          ],
          [
            -7.3792054166666672,
            54.72312088333333
          ],
          [
            -7.3825305666666665,
            54.723446233333334
          ],
          [
            -7.3861040166666667,
            54.723530933333329
          ],
          [
            -7.3893109333333333,
            54.723061250000001
          ],
          [
            -7.3923106000000001,
            54.722876399999997
          ],
          [
            -7.3948563333333324,
            54.723268533333339
          ],
          [
            -7.3975172333333337,
            54.723756799999997
          ],
          [
            -7.4008136666666662,
            54.724433366666666
          ],
          [
            -7.4039811666666671,
            54.725784850000004
          ],
          [
            -7.4072884000000005,
            54.727275683333332
          ],
          [
            -7.4102732000000007,
            54.728619883333337
          ],
          [
            -7.4133006000000004,
            54.729880833333333
          ],
          [
            -7.4166579499999985,
            54.731216416666662
          ],
          [
            -7.4196569333333322,
            54.732428949999999
          ],
          [
            -7.4226084499999985,
            54.73359288333333
          ],
          [
            -7.4254982500000004,
            54.73470811666666
          ],
          [
            -7.4290289499999984,
            54.735409533333325
          ],
          [
            -7.4323997833333335,
            54.73631988333333
          ],
          [
            -7.4349041666666666,
            54.738002733333332
          ],
          [
            -7.4369759000000011,
            54.739671683333341
          ],
          [
            -7.4382381833333335,
            54.741432066666661
          ],
          [
            -7.4393110833333331,
            54.743044016666666
          ],
          [
            -7.4405727833333328,
            54.744331616666663
          ],
          [
            -7.4414890413581807,
            54.745180508768961
          ],
          [
            -7.4422749166666655,
            54.74596383333332
          ],
          [
            -7.4431089999999998,
            54.746766733333338
          ],
          [
            -7.4444039333333327,
            54.748076433333338
          ],
          [
            -7.4454305166666668,
            54.749420449999995
          ],
          [
            -7.4464170166666674,
            54.750932300000009
          ],
          [
            -7.447442183333334,
            54.752522299999995
          ],
          [
            -7.4488849166666657,
            54.754207016666669
          ],
          [
            -7.4506231166666659,
            54.75591455
          ],
          [
            -7.4525404999999996,
            54.757772383333332
          ],
          [
            -7.4547441833333341,
            54.75945316666666
          ],
          [
            -7.457714600000001,
            54.76095935
          ],
          [
            -7.4608445333333338,
            54.762407450000005
          ],
          [
            -7.464071883333335,
            54.763913166666661
          ],
          [
            -7.4668827357940231,
            54.765244166531858
          ],
          [
            -7.4688407934196084,
            54.766962419032573
          ],
          [
            -7.4683747,
            54.768972566666662
          ],
          [
            -7.4666462166666667,
            54.770686083333338
          ],
          [
            -7.4660455999999993,
            54.772471233333327
          ],
          [
            -7.4662573666666674,
            54.774544116666654
          ],
          [
            -7.4669170166666676,
            54.776539533333334
          ],
          [
            -7.4681672666666685,
            54.778594833333337
          ],
          [
            -7.4692131000000002,
            54.780347016666667
          ],
          [
            -7.4701504333333331,
            54.781855783333334
          ],
          [
            -7.4710193666666669,
            54.783276183333335
          ],
          [
            -7.4717682000000005,
            54.784516750000002
          ],
          [
            -7.4723569166666666,
            54.786033449999998
          ],
          [
            -7.4728750833333342,
            54.787585450000009
          ],
          [
            -7.4732045586168336,
            54.788715547511856
          ],
          [
            -7.4736555666666673,
            54.790077383333326
          ],
          [
            -7.4740532166666656,
            54.791293399999994
          ],
          [
            -7.4746086606853535,
            54.793057173740081
          ],
          [
            -7.4752373270119046,
            54.794975521266643
          ],
          [
            -7.4756349333333327,
            54.796989883333332
          ],
          [
            -7.4750512666666662,
            54.799000100000001
          ],
          [
            -7.4735793666666659,
            54.800864950000005
          ],
          [
            -7.4730506833333346,
            54.802620866666672
          ],
          [
            -7.4730305166666673,
            54.80441905
          ],
          [
            -7.4729726166666683,
            54.805841966666669
          ],
          [
            -7.4729319337892663,
            54.806792896190643
          ],
          [
            -7.4747284429088534,
            54.807887572630307
          ],
          [
            -7.4772444365633515,
            54.809149253093238
          ],
          [
            -7.479696692649723,
            54.810478436334002
          ],
          [
            -7.480541153986624,
            54.811288637006143
          ],
          [
            -7.4809611166666663,
            54.812287666666663
          ],
          [
            -7.4805586833333333,
            54.814494583333328
          ],
          [
            -7.4801545499999991,
            54.816459916666659
          ],
          [
            -7.4797201833333347,
            54.81855241666667
          ],
          [
            -7.4793357499999988,
            54.820319249999997
          ],
          [
            -7.478917066666666,
            54.821848166666662
          ],
          [
            -7.47851395,
            54.822976016666679
          ],
          [
            -7.4771133000000001,
            54.824621616666676
          ],
          [
            -7.4752780666666672,
            54.826087516666668
          ],
          [
            -7.4741481166666661,
            54.826983083333332
          ],
          [
            -7.4732733333333332,
            54.828178600000001
          ],
          [
            -7.4721785166666663,
            54.829260883333333
          ],
          [
            -7.4722262931133798,
            54.83026392008297
          ],
          [
            -7.4735052851661026,
            54.829594787215711
          ],
          [
            -7.4751548821780354,
            54.829888157793249
          ],
          [
            -7.476878216666667,
            54.830343033333335
          ],
          [
            -7.4783303455386489,
            54.830757088524784
          ],
          [
            -7.4800495857959577,
            54.831192594052887
          ],
          [
            -7.481782864442736,
            54.83163685552892
          ],
          [
            -7.483372855866139,
            54.831851032740843
          ],
          [
            -7.4850132874289441,
            54.832661303996019
          ],
          [
            -7.486928100000001,
            54.833352299999994
          ],
          [
            -7.4880362983646727,
            54.834428921275702
          ],
          [
            -7.4880362983646727,
            54.834428921275702
          ],
          [
            -7.4884547325970274,
            54.835386306297643
          ],
          [
            -7.488983666666666,
            54.836265249999997
          ],
          [
            -7.4897874500000006,
            54.837049350000008
          ],
          [
            -7.4906317666666666,
            54.837860249999999
          ],
          [
            -7.4916053636008675,
            54.838602359084497
          ],
          [
            -7.4933282671323376,
            54.839511254474054
          ],
          [
            -7.4954202054741543,
            54.840597934194797
          ],
          [
            -7.4977826563648273,
            54.841953012754729
          ],
          [
            -7.4988291341333513,
            54.843935921396486
          ],
          [
            -7.4995858222831426,
            54.845720390593684
          ],
          [
            -7.50035586803362,
            54.847631744281479
          ],
          [
            -7.5011242666666664,
            54.849352866666671
          ],
          [
            -7.5025239206499936,
            54.851134672085372
          ],
          [
            -7.5045954835936257,
            54.852789942490411
          ],
          [
            -7.5062398946021096,
            54.854257193659208
          ],
          [
            -7.5068647999999998,
            54.856236900000006
          ],
          [
            -7.5072515833333346,
            54.858244516666673
          ],
          [
            -7.5070166666666669,
            54.860409949999998
          ],
          [
            -7.5069996666666672,
            54.862670000000001
          ],
          [
            -7.5075012000000001,
            54.864531716666669
          ],
          [
            -7.5093515332384921,
            54.866426593643084
          ],
          [
            -7.5111015000000014,
            54.868168133333334
          ],
          [
            -7.5132979666666655,
            54.869758866666672
          ],
          [
            -7.5165960500000004,
            54.869861566666664
          ],
          [
            -7.5194823000000008,
            54.868727233333324
          ],
          [
            -7.5222305567228887,
            54.867930972784748
          ],
          [
            -7.5243908592749129,
            54.868141670142712
          ],
          [
            -7.5250958329698294,
            54.868377892854923
          ],
          [
            -7.5268139000000005,
            54.86932805
          ],
          [
            -7.5277616408256147,
            54.870119427713227
          ],
          [
            -7.528757716666667,
            54.871024583333337
          ],
          [
            -7.5308577153721785,
            54.872164477035497
          ],
          [
            -7.5326744666666663,
            54.87356956666666
          ],
          [
            -7.5347842333333332,
            54.874771783333337
          ],
          [
            -7.5378972381474609,
            54.875093687561453
          ],
          [
            -7.5407713948095605,
            54.875254261874034
          ],
          [
            -7.5431620500000012,
            54.876147333333329
          ],
          [
            -7.544725566666667,
            54.877724400000005
          ],
          [
            -7.546114966666666,
            54.879292666666672
          ],
          [
            -7.548391716666667,
            54.880873166666667
          ],
          [
            -7.5504598333333339,
            54.882210550000003
          ],
          [
            -7.5524310999999997,
            54.88377728333333
          ],
          [
            -7.5547027333333325,
            54.88512621666667
          ],
          [
            -7.5564435833333334,
            54.886662683333334
          ],
          [
            -7.5569413833333332,
            54.888492033333328
          ],
          [
            -7.5575076833333332,
            54.890520083333328
          ],
          [
            -7.5581724333333336,
            54.892664683333336
          ],
          [
            -7.5592548000000006,
            54.894784049999998
          ],
          [
            -7.5602503999999993,
            54.896783883333335
          ],
          [
            -7.5613668333333326,
            54.898978533333334
          ],
          [
            -7.5624059000000008,
            54.901036233333329
          ],
          [
            -7.5639376531225011,
            54.902733078309247
          ],
          [
            -7.565903802127929,
            54.904412271056962
          ],
          [
            -7.567805064776417,
            54.906118770384886
          ],
          [
            -7.5690435000000003,
            54.907201333333326
          ],
          [
            -7.5698172499999998,
            54.907763733333333
          ],
          [
            -7.5725382500000009,
            54.909018100000004
          ],
          [
            -7.5749773833333336,
            54.910207183333327
          ],
          [
            -7.5770957500000007,
            54.911408550000004
          ],
          [
            -7.5779994666666672,
            54.913056633333326
          ],
          [
            -7.5778500000000006,
            54.914630166666669
          ],
          [
            -7.5778321333333336,
            54.915653033333335
          ],
          [
            -7.5768574499999994,
            54.917084066666668
          ],
          [
            -7.575373766666667,
            54.918500350000009
          ],
          [
            -7.5745654499999997,
            54.919791000000004
          ],
          [
            -7.5745706333333338,
            54.921241166666668
          ],
          [
            -7.5745867999999996,
            54.922694166666666
          ],
          [
            -7.5744295500000005,
            54.924296566666662
          ],
          [
            -7.5742052499999994,
            54.925958049999998
          ],
          [
            -7.5739492833333335,
            54.927652900000005
          ],
          [
            -7.5737605499999994,
            54.928916133333331
          ],
          [
            -7.5735878999999988,
            54.930161366666667
          ],
          [
            -7.5733760666666665,
            54.931639783333338
          ],
          [
            -7.5732083333333344,
            54.932794933333327
          ],
          [
            -7.573037733333333,
            54.934058566666671
          ],
          [
            -7.5728621166666663,
            54.935210566666669
          ],
          [
            -7.5726450166666668,
            54.93681003333333
          ],
          [
            -7.5724244499999998,
            54.938294799999994
          ],
          [
            -7.5722081333333335,
            54.939746366666668
          ],
          [
            -7.5720061000000003,
            54.9413652
          ],
          [
            -7.5719210666666656,
            54.941978533333334
          ],
          [
            -7.57177525,
            54.943002533333342
          ],
          [
            -7.5715050000000002,
            54.944959733333327
          ],
          [
            -7.5712302166666676,
            54.946972099999989
          ],
          [
            -7.5709730333333329,
            54.948765933333334
          ],
          [
            -7.5707487333333328,
            54.950451800000003
          ],
          [
            -7.5704897000000004,
            54.952226249999995
          ],
          [
            -7.5703389666666663,
            54.953798383333336
          ],
          [
            -7.5700615999999998,
            54.954964799999999
          ],
          [
            -7.5698427666666666,
            54.956486666666663
          ],
          [
            -7.5696574666666665,
            54.957652166666669
          ],
          [
            -7.5694938499999997,
            54.958546416666664
          ],
          [
            -7.5693210333333338,
            54.959939950000006
          ],
          [
            -7.5690075499999994,
            54.961296666666676
          ],
          [
            -7.5684988999999989,
            54.962698966666665
          ],
          [
            -7.5680863500000006,
            54.963826283333347
          ],
          [
            -7.5677030500000004,
            54.964894566666665
          ],
          [
            -7.5673797499999997,
            54.965840049999997
          ],
          [
            -7.5670240333333325,
            54.966799533333337
          ],
          [
            -7.5665265166666664,
            54.968134466666669
          ],
          [
            -7.5657104333333338,
            54.969370833333336
          ],
          [
            -7.5650083333333331,
            54.970379599999994
          ],
          [
            -7.5643628666666656,
            54.97128541666666
          ],
          [
            -7.5635181333333339,
            54.972522383333335
          ],
          [
            -7.5627126333333328,
            54.973699216666667
          ],
          [
            -7.5617673833333336,
            54.975046199999994
          ],
          [
            -7.5607604500000001,
            54.976517399999999
          ],
          [
            -7.5599873500000001,
            54.977689949999991
          ],
          [
            -7.5589298736911488,
            54.979153133311733
          ],
          [
            -7.5581286052637369,
            54.980433856476516
          ],
          [
            -7.5573780392128107,
            54.981836360319399
          ],
          [
            -7.5565788666666664,
            54.983194216666668
          ],
          [
            -7.5560278666666667,
            54.984138283333337
          ],
          [
            -7.5559582680757575,
            54.985265741943216
          ],
          [
            -7.5540205012071722,
            54.986737581605666
          ],
          [
            -7.5519415193039814,
            54.988310053157093
          ],
          [
            -7.5495031899178802,
            54.989886343687147
          ],
          [
            -7.5467997833333333,
            54.991006199999994
          ],
          [
            -7.5432623999999988,
            54.991587949999996
          ],
          [
            -7.5393621833333331,
            54.992162633333329
          ],
          [
            -7.5357583666666654,
            54.992384899959184
          ],
          [
            -7.5324589834923579,
            54.992871719378307
          ],
          [
            -7.5299155833333336,
            54.994294633333325
          ],
          [
            -7.5265698119187752,
            54.995406264505803
          ],
          [
            -7.5230540705514137,
            54.996395042351431
          ],
          [
            -7.519462926928572,
            54.99737108692004
          ],
          [
            -7.5159884497295417,
            54.99811847286896
          ],
          [
            -7.5125485814412647,
            54.998764128744831
          ],
          [
            -7.5088091666666665,
            54.999453616666678
          ],
          [
            -7.5053769500000005,
            55.000092750000007
          ],
          [
            -7.5016483833333325,
            55.001010749999992
          ],
          [
            -7.4980364333333345,
            55.002526933333336
          ],
          [
            -7.4947571166666664,
            55.003984800000005
          ],
          [
            -7.4916367333333334,
            55.005369183333336
          ],
          [
            -7.4898497666666666,
            55.006153966666673
          ],
          [
            -7.4884462999999997,
            55.006764800000006
          ],
          [
            -7.4856738500000004,
            55.008010516666673
          ],
          [
            -7.4835331999999992,
            55.0097874
          ],
          [
            -7.4819957666666674,
            55.011914616666672
          ],
          [
            -7.4804364333333329,
            55.014034400000014
          ],
          [
            -7.4792094666666671,
            55.015940399999998
          ],
          [
            -7.4786475333333327,
            55.01770521666667
          ],
          [
            -7.4776276999999993,
            55.019708499999993
          ],
          [
            -7.4760278333333341,
            55.021513216666669
          ],
          [
            -7.4741360000000006,
            55.023486683333338
          ],
          [
            -7.4721896166666655,
            55.025406966666665
          ],
          [
            -7.4700015166666676,
            55.02692995000001
          ],
          [
            -7.4674789333333331,
            55.028422583333338
          ],
          [
            -7.4645392166666662,
            55.029562266666666
          ],
          [
            -7.4613478250570502,
            55.030012830711151
          ],
          [
            -7.4586553999999996,
            55.030469283333339
          ],
          [
            -7.4566152666666676,
            55.031223100000005
          ],
          [
            -7.4543598999999992,
            55.032083433333341
          ],
          [
            -7.4514920833333322,
            55.033368183333337
          ],
          [
            -7.4482095999999993,
            55.034716349999989
          ],
          [
            -7.4447940178368324,
            55.035505775896134
          ],
          [
            -7.4416098999999987,
            55.036764366666659
          ],
          [
            -7.4391032499999996,
            55.038214233333342
          ],
          [
            -7.4355130704794954,
            55.039019657043887
          ],
          [
            -7.4320278956713022,
            55.039472858797318
          ],
          [
            -7.4287225833333324,
            55.03990378333333
          ],
          [
            -7.4256596000000004,
            55.040978666666661
          ],
          [
            -7.4224287499999999,
            55.042306633333332
          ],
          [
            -7.418544100000001,
            55.042801533333339
          ],
          [
            -7.4149899166666664,
            55.042556949999998
          ],
          [
            -7.4114547999999996,
            55.042154916666668
          ],
          [
            -7.4076432499999987,
            55.042152283333344
          ],
          [
            -7.4037832333333338,
            55.042280399999996
          ],
          [
            -7.4002907999999996,
            55.042392050000004
          ],
          [
            -7.3964663499999999,
            55.042508083333331
          ],
          [
            -7.3925226000000013,
            55.042728500000003
          ],
          [
            -7.3889353500000006,
            55.042841349999996
          ],
          [
            -7.3856197666666672,
            55.042860033333341
          ],
          [
            -7.383373572699151,
            55.042474434616381
          ],
          [
            -7.3818171435762716,
            55.042211849050972
          ],
          [
            -7.381802416666666,
            55.043489550000004
          ],
          [
            -7.3825072975713582,
            55.044845441924394
          ],
          [
            -7.3850254325528573,
            55.045908644718089
          ],
          [
            -7.3874323833333335,
            55.047150466666672
          ],
          [
            -7.3901551066488107,
            55.04831015112228
          ],
          [
            -7.3931233262752682,
            55.049278915986363
          ],
          [
            -7.3958387691550538,
            55.050169084420425
          ],
          [
            -7.3988239488261369,
            55.051237151569346
          ],
          [
            -7.401142081915137,
            55.052293164602901
          ],
          [
            -7.4022442014327412,
            55.053702034474739
          ],
          [
            -7.4029419023693892,
            55.055049850985363
          ],
          [
            -7.4036870666666665,
            55.056417233333335
          ],
          [
            -7.4044558999999994,
            55.057799699999997
          ],
          [
            -7.4053782499999992,
            55.059003600000004
          ],
          [
            -7.4072713730713859,
            55.059814061549645
          ],
          [
            -7.4099400192769238,
            55.059675414906032
          ],
          [
            -7.4117112484671717,
            55.059561840053803
          ],
          [
            -7.4127476763046278,
            55.059500224024681
          ],
          [
            -7.4155274740201866,
            55.059456644586007
          ],
          [
            -7.418014052398858,
            55.06030064730362
          ],
          [
            -7.4204621964035082,
            55.061323560886834
          ],
          [
            -7.4230826481404879,
            55.062324390011547
          ],
          [
            -7.4254741297315041,
            55.063155466242847
          ],
          [
            -7.4275352938966819,
            55.06391631264183
          ],
          [
            -7.429818925783203,
            55.064732198573545
          ],
          [
            -7.4319916910335149,
            55.065514696640605
          ],
          [
            -7.4339737583836474,
            55.066277185306397
          ],
          [
            -7.4358968631138644,
            55.06720714637121
          ],
          [
            -7.4377030500000014,
            55.068232299999998
          ],
          [
            -7.4391354499999993,
            55.069287666666668
          ],
          [
            -7.440266283333334,
            55.070155716666669
          ],
          [
            -7.4413770000000001,
            55.070981299999993
          ],
          [
            -7.4424630999999994,
            55.071804700000001
          ],
          [
            -7.4434904499999996,
            55.072580416666668
          ],
          [
            -7.4448902333333322,
            55.073569550000002
          ],
          [
            -7.4467521333333329,
            55.074659283333325
          ],
          [
            -7.4490066833333328,
            55.07578860000001
          ],
          [
            -7.4515292833333335,
            55.077052133333339
          ],
          [
            -7.4540680833333335,
            55.07837825
          ],
          [
            -7.4563437500000003,
            55.079502933333337
          ],
          [
            -7.4586628999999993,
            55.080678283333327
          ],
          [
            -7.4604101333333324,
            55.081917216666675
          ],
          [
            -7.4613120333333338,
            55.083308116666664
          ],
          [
            -7.4633597500000004,
            55.084573216666662
          ],
          [
            -7.4655052499999996,
            55.085363883333336
          ],
          [
            -7.4680439500000002,
            55.085798516666664
          ],
          [
            -7.4699184000000001,
            55.086656966666666
          ],
          [
            -7.4713668833333333,
            55.087248349999996
          ],
          [
            -7.4735690499999992,
            55.088005183333337
          ],
          [
            -7.4755364000000011,
            55.088963416666665
          ],
          [
            -7.4770712833333333,
            55.0900417
          ],
          [
            -7.4782012166666672,
            55.091295066666667
          ],
          [
            -7.4782304500000008,
            55.092982299999996
          ],
          [
            -7.4783105833333332,
            55.094839333333326
          ],
          [
            -7.4779247999999994,
            55.096828183333336
          ],
          [
            -7.4775532999999994,
            55.098608399999996
          ],
          [
            -7.4772788666666674,
            55.100315299999991
          ],
          [
            -7.4763900833333325,
            55.101607266666662
          ],
          [
            -7.4748196166666672,
            55.102806416666667
          ],
          [
            -7.4728778499999997,
            55.104254533333339
          ],
          [
            -7.4711289499999998,
            55.105729050000008
          ],
          [
            -7.4696436166666675,
            55.107465950000012
          ],
          [
            -7.4683637333333328,
            55.108988183333331
          ],
          [
            -7.4670695333333335,
            55.110198616666665
          ],
          [
            -7.4655238499999994,
            55.111582116666661
          ],
          [
            -7.463760933333333,
            55.1131636
          ],
          [
            -7.4620687499999994,
            55.11467866666667
          ],
          [
            -7.4604993333333329,
            55.116077183333324
          ],
          [
            -7.4589090166666665,
            55.117564783333329
          ],
          [
            -7.4578102500000005,
            55.119294416666662
          ],
          [
            -7.457227033333333,
            55.120894433333326
          ],
          [
            -7.4577775042633911,
            55.128177978441883
          ],
          [
            -7.4575430166666674,
            55.128813966666662
          ],
          [
            -7.4581763833333339,
            55.130015183333342
          ],
          [
            -7.4575657158247131,
            55.131095401465721
          ],
          [
            -7.4559924042391685,
            55.131857946222048
          ],
          [
            -7.4543175000000002,
            55.13235366666666
          ],
          [
            -7.4527282976854146,
            55.132733902658764
          ],
          [
            -7.4529986166666671,
            55.133704433333335
          ],
          [
            -7.4534465833333341,
            55.134690950000007
          ],
          [
            -7.4542799000000004,
            55.1353571
          ],
          [
            -7.4552694666666657,
            55.136060000000001
          ],
          [
            -7.4558467333333347,
            55.136930233333331
          ],
          [
            -7.4558440500000005,
            55.137830416666667
          ],
          [
            -7.455793916666666,
            55.138842599999997
          ],
          [
            -7.4551204999999996,
            55.139915716666671
          ],
          [
            -7.454398116666666,
            55.140833466666663
          ],
          [
            -7.4537428499999994,
            55.141673899999994
          ],
          [
            -7.4528235166666663,
            55.142689050000001
          ],
          [
            -7.4516042499999999,
            55.143702266666665
          ],
          [
            -7.4507108999999998,
            55.144990166666666
          ],
          [
            -7.4498827000000007,
            55.146188116666664
          ],
          [
            -7.4486790833333334,
            55.147387466666672
          ],
          [
            -7.4472073499999993,
            55.148329083333323
          ],
          [
            -7.4460482333333333,
            55.149437633333342
          ],
          [
            -7.4450517166666677,
            55.150642733333335
          ],
          [
            -7.4444560333333341,
            55.151792533333342
          ],
          [
            -7.4434059500000007,
            55.153049199999998
          ],
          [
            -7.4420653833333335,
            55.154299566666666
          ],
          [
            -7.4406274676254993,
            55.155342738004947
          ],
          [
            -7.4406274676254993,
            55.155342738004947
          ],
          [
            -7.4391459089895458,
            55.156447783911986
          ],
          [
            -7.4381583499999993,
            55.157208783333338
          ],
          [
            -7.4366181666666673,
            55.158330899999996
          ],
          [
            -7.4345458666666673,
            55.159080799999991
          ],
          [
            -7.4323972351264533,
            55.159549136863788
          ],
          [
            -7.4309454087786158,
            55.16046696649601
          ],
          [
            -7.4293699499999999,
            55.161516499999998
          ],
          [
            -7.4281608000000015,
            55.162495166666666
          ],
          [
            -7.4258995000000008,
            55.164066800000001
          ],
          [
            -7.423664566666667,
            55.165642866666666
          ],
          [
            -7.4214175333333321,
            55.167302266666667
          ],
          [
            -7.4193698000000001,
            55.168871600000003
          ],
          [
            -7.4173219166666664,
            55.170416416666662
          ],
          [
            -7.4152972333333329,
            55.17183296666667
          ],
          [
            -7.4131822500000002,
            55.173086050000002
          ],
          [
            -7.4112969000000009,
            55.174802833333331
          ],
          [
            -7.4094979333333342,
            55.176377866666662
          ],
          [
            -7.4076534499999998,
            55.178063833333333
          ],
          [
            -7.4065995666666673,
            55.179694950000005
          ],
          [
            -7.4064660166666663,
            55.181589766666661
          ],
          [
            -7.406157266666666,
            55.18341641666666
          ],
          [
            -7.4051035499999998,
            55.185259066666667
          ],
          [
            -7.4040475499999996,
            55.187160350000006
          ],
          [
            -7.4029253500000003,
            55.189037333333332
          ],
          [
            -7.4015686166666663,
            55.190966933333328
          ],
          [
            -7.4001915166666663,
            55.192686299999991
          ],
          [
            -7.3981452333333344,
            55.194206749999999
          ],
          [
            -7.3965385166666673,
            55.195617716666661
          ],
          [
            -7.3959801166666672,
            55.197159899999996
          ],
          [
            -7.3967042833333343,
            55.198752299999995
          ],
          [
            -7.3975281333333331,
            55.200483883333334
          ],
          [
            -7.398300550000001,
            55.202244866666661
          ],
          [
            -7.3989029166666658,
            55.203870899999991
          ],
          [
            -7.3991038833333338,
            55.204505900000001
          ],
          [
            -7.3993580666666672,
            55.205431000000004
          ],
          [
            -7.400385,
            55.206812099999993
          ],
          [
            -7.4019394666666658,
            55.208043066666676
          ],
          [
            -7.4027549500000003,
            55.209665399999999
          ],
          [
            -7.4027865666666672,
            55.211497133333324
          ],
          [
            -7.4030898333333335,
            55.213226450000001
          ],
          [
            -7.4040008000000004,
            55.214782550000002
          ],
          [
            -7.4051062166666668,
            55.216440766666665
          ],
          [
            -7.4063616333333337,
            55.218221550000003
          ],
          [
            -7.4075279004580663,
            55.219868155896229
          ],
          [
            -7.4076724530570077,
            55.221686600000005
          ],
          [
            -7.4081173833333329,
            55.223408633333335
          ],
          [
            -7.4076067000000005,
            55.225081466666673
          ],
          [
            -7.4061890833333344,
            55.226602799999995
          ],
          [
            -7.4048540500000009,
            55.228156433333332
          ],
          [
            -7.4031810333333334,
            55.229714683333334
          ],
          [
            -7.4014131000000001,
            55.231316866666674
          ],
          [
            -7.3998744500000004,
            55.232778033333339
          ],
          [
            -7.3984028500000001,
            55.23418301666667
          ],
          [
            -7.3969744166666658,
            55.235426766666656
          ],
          [
            -7.3955849499999999,
            55.236655466666662
          ],
          [
            -7.3941183833333337,
            55.237987700000005
          ],
          [
            -7.3927046000000001,
            55.239282616666671
          ],
          [
            -7.3912845333333337,
            55.240552616666676
          ],
          [
            -7.3900402833333336,
            55.241551933333326
          ],
          [
            -7.3885147166666663,
            55.243101666666675
          ],
          [
            -7.3869530166666664,
            55.244606300000001
          ],
          [
            -7.3868865000000001,
            55.246034083333335
          ],
          [
            -7.3874971666666669,
            55.246718066666666
          ],
          [
            -7.388025016666667,
            55.247310666666664
          ],
          [
            -7.389480616666666,
            55.248635083333333
          ],
          [
            -7.3909491166666674,
            55.24978646666667
          ],
          [
            -7.3924522166666673,
            55.250985416666666
          ],
          [
            -7.3939486333333342,
            55.252368383333341
          ],
          [
            -7.3951654666666666,
            55.25381003333333
          ],
          [
            -7.3959201666666674,
            55.254890350000004
          ],
          [
            -7.3963831666666673,
            55.255991183333322
          ],
          [
            -7.3977793666666667,
            55.257092383333344
          ],
          [
            -7.3996283878239364,
            55.257973916072523
          ],
          [
            -7.4022238055071892,
            55.258430565015949
          ],
          [
            -7.404106804986327,
            55.259048101641632
          ],
          [
            -7.4053468333333337,
            55.260089500000007
          ],
          [
            -7.4067100816381606,
            55.260980676836851
          ],
          [
            -7.4083877333333321,
            55.261666466666675
          ],
          [
            -7.4094649166666668,
            55.262450199999996
          ],
          [
            -7.4079503666666673,
            55.263496916666661
          ],
          [
            -7.4061907666666666,
            55.264941066666672
          ],
          [
            -7.405331283333334,
            55.266392300000007
          ],
          [
            -7.4055477999999999,
            55.267810283333333
          ],
          [
            -7.4051238999999986,
            55.269141300000001
          ],
          [
            -7.4036524666666672,
            55.270413383333334
          ],
          [
            -7.4020767999999997,
            55.271739883333339
          ],
          [
            -7.4004539000000005,
            55.273122083333327
          ],
          [
            -7.3990091166666669,
            55.274388683333335
          ],
          [
            -7.3980402666666665,
            55.275225383333328
          ],
          [
            -7.3965857833333342,
            55.276476299999992
          ],
          [
            -7.3954561833333328,
            55.277046683333346
          ],
          [
            -7.3943220306745712,
            55.277799518182313
          ],
          [
            -7.3919457204648404,
            55.280797188802211
          ],
          [
            -7.3932044666666661,
            55.280408566666665
          ],
          [
            -7.3940275000000009,
            55.279575366666663
          ],
          [
            -7.3942232000000008,
            55.278507450000006
          ],
          [
            -7.3946487666666672,
            55.277547933333338
          ],
          [
            -7.3964644333333336,
            55.276704333333328
          ],
          [
            -7.3980229333333343,
            55.275385366666661
          ],
          [
            -7.3995123666666665,
            55.274095199999998
          ],
          [
            -7.4009969333333325,
            55.272794249999997
          ],
          [
            -7.4024709166666653,
            55.271517733333333
          ],
          [
            -7.4035116666666667,
            55.27062171666666
          ],
          [
            -7.4048546166666673,
            55.26947328333334
          ],
          [
            -7.405684616666667,
            55.268691450000013
          ],
          [
            -7.407014883333332,
            55.267733916666671
          ],
          [
            -7.4087494666666656,
            55.266902600000009
          ],
          [
            -7.4102800499999999,
            55.266067800000002
          ],
          [
            -7.4112198906221218,
            55.26524510080003
          ],
          [
            -7.4124345666666676,
            55.264635566666662
          ],
          [
            -7.4138496957429458,
            55.264130628618183
          ],
          [
            -7.4153480333333333,
            55.263749066666669
          ],
          [
            -7.417122766666667,
            55.263452666666673
          ],
          [
            -7.4188242999999998,
            55.263170549999998
          ],
          [
            -7.4204783333333335,
            55.262895866666668
          ],
          [
            -7.4223805000000009,
            55.263457183333337
          ],
          [
            -7.4247501666666658,
            55.263792299999992
          ],
          [
            -7.4256395999999993,
            55.263919850000001
          ],
          [
            -7.4271373333333335,
            55.264135699999997
          ],
          [
            -7.4289654000000001,
            55.264829016666667
          ],
          [
            -7.4307935833333341,
            55.265487083333333
          ],
          [
            -7.4325895754468529,
            55.265612477929423
          ],
          [
            -7.4341482166666673,
            55.266586066666669
          ],
          [
            -7.4354418238896738,
            55.267535388444152
          ],
          [
            -7.4364055410439089,
            55.268287456156372
          ],
          [
            -7.4366464082780741,
            55.269414351662761
          ],
          [
            -7.4369667038966947,
            55.270691454459289
          ],
          [
            -7.43802227810614,
            55.271958096964845
          ],
          [
            -7.4390504666666661,
            55.273096683333343
          ],
          [
            -7.439776216666667,
            55.273942699999992
          ],
          [
            -7.4407104666666672,
            55.275020266666665
          ],
          [
            -7.4416412833333325,
            55.276089216666669
          ],
          [
            -7.4422730833333333,
            55.277090200000004
          ],
          [
            -7.4430813499999999,
            55.278058766666661
          ],
          [
            -7.4447544333333324,
            55.278856866666665
          ],
          [
            -7.4463029000000009,
            55.279469883333334
          ],
          [
            -7.4479048666666658,
            55.28011278333333
          ],
          [
            -7.4494149666666658,
            55.280762716666672
          ],
          [
            -7.4508178999999997,
            55.281374283333328
          ],
          [
            -7.4521112833333323,
            55.281949666666662
          ],
          [
            -7.4533990632189013,
            55.28255263861751
          ],
          [
            -7.4547275207970563,
            55.283096607681436
          ],
          [
            -7.4552667500000007,
            55.283963449999995
          ],
          [
            -7.4560314000000005,
            55.284814850000004
          ],
          [
            -7.4564938333333339,
            55.285752299999999
          ],
          [
            -7.4565964500000002,
            55.286662866666667
          ],
          [
            -7.4563355833333329,
            55.287577766666665
          ],
          [
            -7.4560666833333338,
            55.288492066666677
          ],
          [
            -7.4553255166666661,
            55.28929156666667
          ],
          [
            -7.4508322184442619,
            55.289548399571878
          ],
          [
            -7.4572329499999999,
            55.289226530000001
          ],
          [
            -7.4508207773325088,
            55.289571724388992
          ],
          [
            -7.4508207773325088,
            55.289571724388992
          ],
          [
            -7.4508207773325088,
            55.289571724388992
          ],
          [
            -7.4509513652566621,
            55.289532332026724
          ]
        ]
      },
      "properties" : {
        "start" : "2026-05-06T22:00:00Z",
        "type" : "route",
        "end" : "2026-05-07T21:59:59Z",
        "source" : "Geory 5.3.2",
        "device" : "B9E47AEB-E54C-4563-96B6-06995DD4BC56 (iPhone 16 Pro)"
      },
      "type" : "Feature"
    }
  ]
}