{
  "type" : "FeatureCollection",
  "features" : [
    {
      "geometry" : {
        "type" : "Point",
        "coordinates" : [
          -0.28004623921463784,
          53.741938057420477
        ]
      },
      "type" : "Feature",
      "properties" : {
        "weather" : "Nebel (12,2 °C)",
        "arrival" : "2026-04-15T05:49:25Z",
        "source" : "Geory 5.3.2",
        "timestamp" : "2026-04-15T05:49:25Z",
        "device" : "B9E47AEB-E54C-4563-96B6-06995DD4BC56 (iPhone 16 Pro)",
        "address" : "Corporation Road, Hull, HU9, England",
        "rating" : 0,
        "type" : "visit",
        "departure" : "2026-04-15T06:26:51Z",
        "duration" : 2245.4884550571442
      }
    },
    {
      "geometry" : {
        "coordinates" : [
          -0.4529044843615983,
          53.72019235668828
        ],
        "type" : "Point"
      },
      "type" : "Feature",
      "properties" : {
        "address" : "Humber Bridge Country Park, A15, HU13, England",
        "departure" : "2026-04-15T08:31:04Z",
        "type" : "visit",
        "timestamp" : "2026-04-15T06:49:36Z",
        "source" : "Geory 5.3.2",
        "device" : "B9E47AEB-E54C-4563-96B6-06995DD4BC56 (iPhone 16 Pro)",
        "weather" : "Leichter Sprühregen (12,6 °C)",
        "duration" : 6087.9707577228546,
        "rating" : 0,
        "arrival" : "2026-04-15T06:49:36Z"
      }
    },
    {
      "geometry" : {
        "type" : "Point",
        "coordinates" : [
          -0.45362693964350864,
          53.717353368767142
        ]
      },
      "properties" : {
        "address" : "Humber Bridge Country Park, HU13, England",
        "type" : "visit",
        "duration" : 1059.7312171459198,
        "weather" : "Überwiegend bewölkt (13,8 °C)",
        "rating" : 0,
        "source" : "Geory 5.3.2",
        "timestamp" : "2026-04-15T08:35:31Z",
        "arrival" : "2026-04-15T08:35:31Z",
        "departure" : "2026-04-15T08:53:10Z",
        "device" : "B9E47AEB-E54C-4563-96B6-06995DD4BC56 (iPhone 16 Pro)"
      },
      "type" : "Feature"
    },
    {
      "type" : "Feature",
      "geometry" : {
        "type" : "Point",
        "coordinates" : [
          -0.4578982708340108,
          53.717924621183123
        ]
      },
      "properties" : {
        "timestamp" : "2026-04-15T08:53:14Z",
        "source" : "Geory 5.3.2",
        "device" : "B9E47AEB-E54C-4563-96B6-06995DD4BC56 (iPhone 16 Pro)",
        "type" : "visit",
        "duration" : 1647.7799229621887,
        "arrival" : "2026-04-15T08:53:14Z",
        "departure" : "2026-04-15T09:20:41Z",
        "weather" : "Überwiegend bewölkt (14,4 °C)",
        "address" : "Humber Bridge Country Park, A63, Hessle, HU13, England",
        "rating" : 0
      }
    },
    {
      "type" : "Feature",
      "properties" : {
        "device" : "B9E47AEB-E54C-4563-96B6-06995DD4BC56 (iPhone 16 Pro)",
        "timestamp" : "2026-04-15T09:22:43Z",
        "arrival" : "2026-04-15T09:22:43Z",
        "duration" : 3213.1394987106323,
        "address" : "Humber Bridge Country Park, Trans Pennine Trail, Hessle, HU13, England",
        "weather" : "Bedeckter Himmel (14,2 °C)",
        "rating" : 0,
        "source" : "Geory 5.3.2",
        "type" : "visit",
        "departure" : "2026-04-15T10:16:16Z"
      },
      "geometry" : {
        "type" : "Point",
        "coordinates" : [
          -0.45394897224999359,
          53.715336577874382
        ]
      }
    },
    {
      "properties" : {
        "duration" : 2070.0367810726166,
        "weather" : "Überwiegend bewölkt (14,8 °C)",
        "source" : "Geory 5.3.2",
        "timestamp" : "2026-04-15T10:21:17Z",
        "rating" : 0,
        "device" : "B9E47AEB-E54C-4563-96B6-06995DD4BC56 (iPhone 16 Pro)",
        "address" : "Humber Bridge Country Park, A15, HU13, England",
        "departure" : "2026-04-15T10:55:47Z",
        "arrival" : "2026-04-15T10:21:17Z",
        "type" : "visit"
      },
      "geometry" : {
        "type" : "Point",
        "coordinates" : [
          -0.4529154228521664,
          53.720180530664258
        ]
      },
      "type" : "Feature"
    },
    {
      "type" : "Feature",
      "geometry" : {
        "coordinates" : [
          -2.1093852465697931,
          53.539874548189047
        ],
        "type" : "Point"
      },
      "properties" : {
        "address" : "Oldham Library, Greaves Street, Oldham, OL1 1AL, England",
        "departure" : "2026-04-15T13:56:11Z",
        "weather" : "Aufgelockert bewölkt (16,1 °C)",
        "arrival" : "2026-04-15T12:53:17Z",
        "rating" : 0,
        "source" : "Geory 5.3.2",
        "device" : "B9E47AEB-E54C-4563-96B6-06995DD4BC56 (iPhone 16 Pro)",
        "timestamp" : "2026-04-15T12:53:17Z",
        "duration" : 3774.3702623844147,
        "type" : "visit"
      }
    },
    {
      "type" : "Feature",
      "properties" : {
        "type" : "visit",
        "weather" : "Leichter Regen (11,4 °C)",
        "timestamp" : "2026-04-15T15:50:39Z",
        "duration" : 2520.7033894062042,
        "arrival" : "2026-04-15T15:50:39Z",
        "device" : "B9E47AEB-E54C-4563-96B6-06995DD4BC56 (iPhone 16 Pro)",
        "rating" : 0,
        "departure" : "2026-04-15T16:32:39Z",
        "address" : "The Old Sawmill, Austwick Road, Horton-In-Ribblesdale, Settle, BD24 0EH, England",
        "source" : "Geory 5.3.2"
      },
      "geometry" : {
        "coordinates" : [
          -2.2914703999705903,
          54.121754318793656
        ],
        "type" : "Point"
      }
    },
    {
      "geometry" : {
        "type" : "Point",
        "coordinates" : [
          -2.2912251583778565,
          54.121478299297578
        ]
      },
      "type" : "Feature",
      "properties" : {
        "timestamp" : "2026-04-15T17:00:19Z",
        "arrival" : "2026-04-15T17:00:19Z",
        "weather" : "Bedeckter Himmel (10,9 °C)",
        "rating" : 0,
        "device" : "B9E47AEB-E54C-4563-96B6-06995DD4BC56 (iPhone 16 Pro)",
        "duration" : 56732.977728128433,
        "departure" : "2026-04-16T08:45:52Z",
        "address" : "The Old Sawmill, Austwick Road, Horton-In-Ribblesdale, Settle, BD24 0EH, England",
        "source" : "Geory 5.3.2",
        "type" : "visit"
      }
    },
    {
      "geometry" : {
        "type" : "LineString",
        "coordinates" : [
          [
            -2.2912251583778565,
            54.121478299297578
          ],
          [
            -2.2923356894358311,
            54.123637131522607
          ],
          [
            -2.2926248360852064,
            54.125173651531753
          ],
          [
            -2.292291499740136,
            54.125757318755625
          ],
          [
            -2.2919103708648541,
            54.126170066949079
          ],
          [
            -2.2909845204861874,
            54.126885954923281
          ],
          [
            -2.291759334480691,
            54.12620414647099
          ],
          [
            -2.2923051447931053,
            54.125690934086627
          ],
          [
            -2.29275866247011,
            54.124670698000116
          ],
          [
            -2.2927592268383878,
            54.124669346737299
          ],
          [
            -2.2926770620661125,
            54.124132971686549
          ],
          [
            -2.2914703999705903,
            54.121754318793656
          ],
          [
            -2.2912018296214831,
            54.121107821807882
          ],
          [
            -2.2904022166666671,
            54.121348850000004
          ],
          [
            -2.2888458833333329,
            54.121513566666664
          ],
          [
            -2.2876911833333335,
            54.120562500000005
          ],
          [
            -2.2867626333333333,
            54.119115266666661
          ],
          [
            -2.2861934166666669,
            54.117899950000009
          ],
          [
            -2.2864418000000004,
            54.116895049999997
          ],
          [
            -2.2874196833333329,
            54.115594433333342
          ],
          [
            -2.287251233333333,
            54.114335050000001
          ],
          [
            -2.2858198333333335,
            54.1134342
          ],
          [
            -2.2841555666666666,
            54.112668333333339
          ],
          [
            -2.2834545499999996,
            54.111239750000003
          ],
          [
            -2.2829269166666668,
            54.110035583333335
          ],
          [
            -2.2821100999999997,
            54.108701050000008
          ],
          [
            -2.2816736666666668,
            54.106973066666662
          ],
          [
            -2.2805876666666669,
            54.105161899999999
          ],
          [
            -2.2794757666666667,
            54.10350571666666
          ],
          [
            -2.2779643999999997,
            54.102127450000005
          ],
          [
            -2.2765330000000001,
            54.100946283333329
          ],
          [
            -2.27480525,
            54.099705833333338
          ],
          [
            -2.2739786166666667,
            54.098437833333342
          ],
          [
            -2.2743517000000004,
            54.096918966666671
          ],
          [
            -2.2744810166666665,
            54.095361516666664
          ],
          [
            -2.2739384333333335,
            54.093792749999992
          ],
          [
            -2.2731064166666664,
            54.092353883333338
          ],
          [
            -2.2722906333333333,
            54.090844383333334
          ],
          [
            -2.2727890500000001,
            54.089225433333333
          ],
          [
            -2.2737712000000001,
            54.08761208333334
          ],
          [
            -2.2747912499999998,
            54.086128016666663
          ],
          [
            -2.2756524000000002,
            54.084773849999991
          ],
          [
            -2.2763322666666665,
            54.083773383333337
          ],
          [
            -2.2758514500000002,
            54.082501233333339
          ],
          [
            -2.2755617333333333,
            54.081187266666667
          ],
          [
            -2.2754767,
            54.080071066666676
          ],
          [
            -2.2756445166666666,
            54.078927366666662
          ],
          [
            -2.2765010166666668,
            54.077895633333341
          ],
          [
            -2.2781021166666666,
            54.076744949999991
          ],
          [
            -2.2785378833333336,
            54.075447600000011
          ],
          [
            -2.2782571666666667,
            54.074155833333329
          ],
          [
            -2.2790353666666663,
            54.073262666666672
          ],
          [
            -2.280440833333333,
            54.072692199999999
          ],
          [
            -2.2808485499999995,
            54.071776766666673
          ],
          [
            -2.2795068833333332,
            54.071057366666672
          ],
          [
            -2.2782969166666667,
            54.070366900000003
          ],
          [
            -2.2775594666666668,
            54.069523016666672
          ],
          [
            -2.2772583224553959,
            54.068560331899924
          ],
          [
            -2.27751905,
            54.067624350000003
          ],
          [
            -2.2783096833333332,
            54.066790000000005
          ],
          [
            -2.2792058999999996,
            54.065762300000003
          ],
          [
            -2.2809212833333334,
            54.06477988333333
          ],
          [
            -2.2816339311645364,
            54.063540075783145
          ],
          [
            -2.2825363556231242,
            54.062362494830133
          ],
          [
            -2.2836980420297928,
            54.061474047676754
          ],
          [
            -2.2853081012394458,
            54.060701830047165
          ],
          [
            -2.2869075089802404,
            54.059415059552904
          ],
          [
            -2.2880701903572396,
            54.058164598563053
          ],
          [
            -2.2880143666666668,
            54.056715099999998
          ],
          [
            -2.2877944666666665,
            54.055121449999987
          ],
          [
            -2.2873253881777416,
            54.053673302158828
          ],
          [
            -2.2871788217857474,
            54.052512931982982
          ],
          [
            -2.2879907999999998,
            54.051667349999995
          ],
          [
            -2.2861842666666665,
            54.050639533333332
          ],
          [
            -2.2850014999999999,
            54.049274266666664
          ],
          [
            -2.2846817166666669,
            54.047772133333332
          ],
          [
            -2.2837232833333334,
            54.046423283333326
          ],
          [
            -2.2840968833333335,
            54.044862899999998
          ],
          [
            -2.2850548500000003,
            54.043499450000013
          ],
          [
            -2.2852082,
            54.042130283333336
          ],
          [
            -2.2854511666666668,
            54.040532466666676
          ],
          [
            -2.2853791833333332,
            54.038980299999999
          ],
          [
            -2.2847827499999998,
            54.037300133333339
          ],
          [
            -2.2840050666666665,
            54.035632783333327
          ],
          [
            -2.2830291666666667,
            54.033941616666667
          ],
          [
            -2.2819602833333335,
            54.032478999999995
          ],
          [
            -2.2803457833333334,
            54.031447199999995
          ],
          [
            -2.2782931833333331,
            54.030427399999994
          ],
          [
            -2.2760176833333334,
            54.02931903333333
          ],
          [
            -2.2760176833333334,
            54.02931903333333
          ],
          [
            -2.2736729666666666,
            54.028523700000008
          ],
          [
            -2.27169935,
            54.027426033333327
          ],
          [
            -2.2701165166666666,
            54.026235633333336
          ],
          [
            -2.2678507666666667,
            54.025312600000007
          ],
          [
            -2.2656498333333333,
            54.024420449999994
          ],
          [
            -2.2639706166666667,
            54.023235183333327
          ],
          [
            -2.2622011666666664,
            54.022584633333324
          ],
          [
            -2.2604775833333335,
            54.021863683333336
          ],
          [
            -2.2590767333333335,
            54.0210127
          ],
          [
            -2.2571739333333332,
            54.020652783333325
          ],
          [
            -2.2555551166666667,
            54.019889583333331
          ],
          [
            -2.2544112833333334,
            54.018995266666664
          ],
          [
            -2.2531564166666667,
            54.018430616666663
          ],
          [
            -2.2518259666666665,
            54.017589083333327
          ],
          [
            -2.2515075833333333,
            54.016362700000002
          ],
          [
            -2.2511510666666665,
            54.015114699999998
          ],
          [
            -2.2499297166666663,
            54.013743250000005
          ],
          [
            -2.2486394166666668,
            54.012448916666663
          ],
          [
            -2.2470533333333336,
            54.011162016666674
          ],
          [
            -2.2457203333333333,
            54.009932583333331
          ],
          [
            -2.2443806333333334,
            54.008577333333335
          ],
          [
            -2.2426187833333335,
            54.007307416666663
          ],
          [
            -2.2408403333333333,
            54.005997366666669
          ],
          [
            -2.2388849666666668,
            54.004802900000001
          ],
          [
            -2.2367464500000001,
            54.003872600000008
          ],
          [
            -2.2341967333333335,
            54.002936299999995
          ],
          [
            -2.2318511333333335,
            54.001998666666672
          ],
          [
            -2.2296700166666668,
            54.0012483
          ],
          [
            -2.2278253833333332,
            54.000391683333326
          ],
          [
            -2.2268850166666669,
            53.998959366666668
          ],
          [
            -2.2262362166666669,
            53.997464166666667
          ],
          [
            -2.2254797833333333,
            53.995966750000001
          ],
          [
            -2.2248480854857093,
            53.994365535270816
          ],
          [
            -2.2234384832078784,
            53.993096549863857
          ],
          [
            -2.2221049098174417,
            53.991950922557407
          ],
          [
            -2.2224909967150999,
            53.99045210479575
          ],
          [
            -2.2222414166666664,
            53.98882471666667
          ],
          [
            -2.2209025166666665,
            53.987273900000005
          ],
          [
            -2.2194161833333337,
            53.98585143333333
          ],
          [
            -2.2181345166666668,
            53.984659949999994
          ],
          [
            -2.2183955333333336,
            53.98300733333334
          ],
          [
            -2.2183249333333332,
            53.98114009999999
          ],
          [
            -2.2188790833333334,
            53.979374516666667
          ],
          [
            -2.2196573833333333,
            53.977963100000004
          ],
          [
            -2.2205754500000001,
            53.97666013333334
          ],
          [
            -2.2206406666666667,
            53.975332083333328
          ],
          [
            -2.2219888666666665,
            53.974313083333328
          ],
          [
            -2.2225408500000001,
            53.972965066666667
          ],
          [
            -2.2238046999999996,
            53.971772716666663
          ],
          [
            -2.2257327666666669,
            53.971042733333327
          ],
          [
            -2.2271512833333333,
            53.969956416666676
          ],
          [
            -2.2286558666666663,
            53.968667900000007
          ],
          [
            -2.2305313,
            53.967511083333328
          ],
          [
            -2.2326361000000001,
            53.966220383333329
          ],
          [
            -2.2337987166666662,
            53.964979066666672
          ],
          [
            -2.2341633666666665,
            53.964467966666675
          ],
          [
            -2.235291783333333,
            53.963100583333336
          ],
          [
            -2.2375784333333333,
            53.962506900000001
          ],
          [
            -2.2396722833333333,
            53.961866633333329
          ],
          [
            -2.24145985,
            53.961150933333329
          ],
          [
            -2.2432801166666669,
            53.96045938333333
          ],
          [
            -2.2448759166666665,
            53.959699950000001
          ],
          [
            -2.2468034333333335,
            53.959360883333332
          ],
          [
            -2.2491297166666664,
            53.958507599999997
          ],
          [
            -2.2513017333333334,
            53.957474883333326
          ],
          [
            -2.25279695,
            53.956184216666664
          ],
          [
            -2.25430878837216,
            53.955191690630137
          ],
          [
            -2.2564481598180164,
            53.954788005575644
          ],
          [
            -2.2574111666666665,
            53.953418616666674
          ],
          [
            -2.2586784166666667,
            53.952084916666671
          ],
          [
            -2.2605667833333332,
            53.950788616666664
          ],
          [
            -2.2599392333333332,
            53.948870183333341
          ],
          [
            -2.2589101166666663,
            53.947272400000003
          ],
          [
            -2.2595638999999998,
            53.945465883333327
          ],
          [
            -2.2601218833333334,
            53.94378711666667
          ],
          [
            -2.2606170348313244,
            53.942199029111485
          ],
          [
            -2.2598844333333332,
            53.940346583333337
          ],
          [
            -2.25980655,
            53.938663200000001
          ],
          [
            -2.2600511999999999,
            53.937331799999988
          ],
          [
            -2.2600519333333335,
            53.936353700000005
          ],
          [
            -2.2602283325662631,
            53.935315808020228
          ],
          [
            -2.2619567221585504,
            53.935275686242434
          ],
          [
            -2.2634169140932672,
            53.934852517581852
          ],
          [
            -2.2631500166666667,
            53.933679033333327
          ],
          [
            -2.2632435333333336,
            53.932618050000002
          ],
          [
            -2.2629969941276245,
            53.93109482476325
          ],
          [
            -2.2625078333333337,
            53.929403766666674
          ],
          [
            -2.2624233666666669,
            53.927845250000004
          ],
          [
            -2.2628310166666665,
            53.926323233333342
          ],
          [
            -2.2631407666666665,
            53.924966566666676
          ],
          [
            -2.2634342333333333,
            53.923353349999992
          ],
          [
            -2.263088269811536,
            53.921693177967583
          ],
          [
            -2.2624140166666669,
            53.919727849999994
          ],
          [
            -2.2618669666666666,
            53.918027966666656
          ],
          [
            -2.2604668333333331,
            53.916473533333331
          ],
          [
            -2.2588442999999998,
            53.915333283333332
          ],
          [
            -2.2570828270671615,
            53.914478982787443
          ],
          [
            -2.2552089666666664,
            53.913090516666678
          ],
          [
            -2.2535900166666671,
            53.91174478333334
          ],
          [
            -2.2510866369919009,
            53.910764241133059
          ],
          [
            -2.2482652785033381,
            53.910098853854883
          ],
          [
            -2.2457877245726641,
            53.909411282053782
          ],
          [
            -2.244186420166236,
            53.908262985501601
          ],
          [
            -2.243234980075929,
            53.907204641792319
          ],
          [
            -2.2424501166666668,
            53.905774699999995
          ],
          [
            -2.2414194624190413,
            53.90431622134389
          ],
          [
            -2.2409473999999996,
            53.902887300000003
          ],
          [
            -2.2401569000000001,
            53.901735383333339
          ],
          [
            -2.2393030499999997,
            53.900338233333329
          ],
          [
            -2.2377755666666665,
            53.899055566666661
          ],
          [
            -2.2354663516597379,
            53.897882612500567
          ],
          [
            -2.2334643666666665,
            53.897136833333327
          ],
          [
            -2.2318671333333331,
            53.895423100000002
          ],
          [
            -2.2298604499999999,
            53.894087383333336
          ],
          [
            -2.2271872251211557,
            53.893292197457718
          ],
          [
            -2.2246426866177424,
            53.89234462459752
          ],
          [
            -2.2229372999999999,
            53.891325899999991
          ],
          [
            -2.2218605500000002,
            53.889830066666676
          ],
          [
            -2.2199526166461165,
            53.888757029028348
          ],
          [
            -2.2177131876894594,
            53.888400829992307
          ],
          [
            -2.2159419201764337,
            53.887270946226572
          ],
          [
            -2.2146291866363379,
            53.886133405599928
          ],
          [
            -2.2146211166666663,
            53.884402166666661
          ],
          [
            -2.2153205333333332,
            53.882832616666668
          ],
          [
            -2.2157446333333333,
            53.881067083333328
          ],
          [
            -2.2165302000000002,
            53.879381183333329
          ],
          [
            -2.2179927166666666,
            53.877947583333331
          ],
          [
            -2.2195044666666663,
            53.876466100000002
          ],
          [
            -2.2211260666666663,
            53.875149866666668
          ],
          [
            -2.2226357833333337,
            53.873970999999997
          ],
          [
            -2.2232642333333335,
            53.872962949999994
          ],
          [
            -2.2216214999999999,
            53.872079966666661
          ],
          [
            -2.2199190495851289,
            53.871566199142016
          ],
          [
            -2.2182438410949938,
            53.871201473676486
          ],
          [
            -2.2166988126489953,
            53.870830873496367
          ],
          [
            -2.2153644880272592,
            53.870304096132038
          ],
          [
            -2.2147240333333333,
            53.869437349999998
          ],
          [
            -2.2145267444776935,
            53.868505319987911
          ],
          [
            -2.2143194333333334,
            53.867604766666666
          ],
          [
            -2.2141472500000003,
            53.866663500000001
          ],
          [
            -2.2130843666666671,
            53.865434783333328
          ],
          [
            -2.2115766166666666,
            53.864471766666668
          ],
          [
            -2.2103463666666667,
            53.863335599999999
          ],
          [
            -2.2093793000000002,
            53.862269833333329
          ],
          [
            -2.2086370333333334,
            53.861371133333328
          ],
          [
            -2.2081584855346392,
            53.860470562193854
          ],
          [
            -2.208325883333333,
            53.859399566666667
          ],
          [
            -2.2086315666666669,
            53.8584502
          ],
          [
            -2.2095327000000005,
            53.857667449999994
          ],
          [
            -2.210538566666667,
            53.856993916666674
          ],
          [
            -2.2105618333333332,
            53.855993450000007
          ],
          [
            -2.2103436000000003,
            53.855037999999993
          ],
          [
            -2.2113477038836193,
            53.854359704813874
          ],
          [
            -2.2128925319955304,
            53.85407177235588
          ],
          [
            -2.2141702482332546,
            53.853547500208364
          ],
          [
            -2.2154614985774757,
            53.853073547567995
          ],
          [
            -2.2158913465774748,
            53.852040166463006
          ],
          [
            -2.2163013437246968,
            53.851273118069791
          ],
          [
            -2.2167086267379275,
            53.850399005082359
          ],
          [
            -2.2171042164667383,
            53.849471133551582
          ],
          [
            -2.2173820333333332,
            53.848576700000002
          ],
          [
            -2.2178366011682735,
            53.84770319531745
          ],
          [
            -2.2182440414033251,
            53.846792788058039
          ],
          [
            -2.2187051564709339,
            53.845898375481113
          ],
          [
            -2.2193969666666664,
            53.845026616666672
          ],
          [
            -2.2197334500000001,
            53.844081683333329
          ],
          [
            -2.2191439666666666,
            53.843245283333331
          ],
          [
            -2.2202023999999998,
            53.841832416666662
          ],
          [
            -2.2219018666666663,
            53.839828366666673
          ],
          [
            -2.2242127333333332,
            53.837720683333323
          ],
          [
            -2.2260297333333332,
            53.835651099999993
          ],
          [
            -2.2277978499999995,
            53.833631499999996
          ],
          [
            -2.2303454000000005,
            53.832005300000006
          ],
          [
            -2.2334174166666667,
            53.830841700000001
          ],
          [
            -2.236475,
            53.829706466666657
          ],
          [
            -2.2384590166666665,
            53.828817750000006
          ],
          [
            -2.2395251333333337,
            53.828280633333328
          ],
          [
            -2.2418513499999997,
            53.826949633333335
          ],
          [
            -2.2440871000000002,
            53.825398066666665
          ],
          [
            -2.2461572166666666,
            53.823658883333337
          ],
          [
            -2.2480134500000002,
            53.821974583333336
          ],
          [
            -2.2496533333333333,
            53.820407933333335
          ],
          [
            -2.2513869,
            53.818645833333328
          ],
          [
            -2.2528233333333332,
            53.816870916666659
          ],
          [
            -2.2536709999999998,
            53.814790466666665
          ],
          [
            -2.2537610666666663,
            53.812767433333335
          ],
          [
            -2.2531174500000004,
            53.810708699999999
          ],
          [
            -2.2518654500000004,
            53.808630849999993
          ],
          [
            -2.2504408333333337,
            53.806315699999999
          ],
          [
            -2.2496737833333333,
            53.804164199999995
          ],
          [
            -2.2498449500000004,
            53.802029933333337
          ],
          [
            -2.2509861833333331,
            53.799850033333328
          ],
          [
            -2.252390566666667,
            53.797830866666658
          ],
          [
            -2.2539131166666668,
            53.79564813333333
          ],
          [
            -2.2556653666666664,
            53.793806383333333
          ],
          [
            -2.2580732333333335,
            53.792328849999997
          ],
          [
            -2.2609447500000002,
            53.791250516666665
          ],
          [
            -2.2644383333333336,
            53.790427066666673
          ],
          [
            -2.2676408666666665,
            53.789716500000004
          ],
          [
            -2.2711590666666668,
            53.788912416666669
          ],
          [
            -2.2750244166666667,
            53.788113350000003
          ],
          [
            -2.2785747999999999,
            53.787423016666658
          ],
          [
            -2.2824922000000001,
            53.786696666666664
          ],
          [
            -2.2864680500000003,
            53.786097866666658
          ],
          [
            -2.2902153666666667,
            53.785684383333333
          ],
          [
            -2.2913221166666671,
            53.785583933333328
          ],
          [
            -2.293868433333333,
            53.78534178333333
          ],
          [
            -2.2978101666666664,
            53.784845616666679
          ],
          [
            -2.3018519999999998,
            53.784231249999998
          ],
          [
            -2.3055030333333333,
            53.783665666666671
          ],
          [
            -2.309063866666667,
            53.783158266666668
          ],
          [
            -2.3124601333333334,
            53.782687350000003
          ],
          [
            -2.3162872999999999,
            53.782186083333329
          ],
          [
            -2.3197670833333333,
            53.781778366666671
          ],
          [
            -2.3230818216288833,
            53.781569545642164
          ],
          [
            -2.3261513320609675,
            53.781700960281853
          ],
          [
            -2.3279699166666665,
            53.781915250000004
          ],
          [
            -2.3295197499999998,
            53.782012933333334
          ],
          [
            -2.3295538999999996,
            53.781052383333325
          ],
          [
            -2.3289124499999998,
            53.779830566666668
          ],
          [
            -2.3291093666666671,
            53.777366183333335
          ],
          [
            -2.3298476166666666,
            53.774755300000002
          ],
          [
            -2.3306195666666665,
            53.772030216666657
          ],
          [
            -2.3313468333333334,
            53.769502300000006
          ],
          [
            -2.3328363333333337,
            53.767228016666664
          ],
          [
            -2.3353023333333334,
            53.765485716666667
          ],
          [
            -2.3382203333333331,
            53.763718449999999
          ],
          [
            -2.3399273333333328,
            53.76140336666667
          ],
          [
            -2.3398575166666666,
            53.75887509999999
          ],
          [
            -2.3382311166666669,
            53.756539516666663
          ],
          [
            -2.33664885,
            53.75443305000001
          ],
          [
            -2.3353723333333334,
            53.752302366666669
          ],
          [
            -2.3341013666666672,
            53.749883433333331
          ],
          [
            -2.3328598666666664,
            53.74818608333333
          ],
          [
            -2.3324815666666665,
            53.747788916666664
          ],
          [
            -2.3301748833333336,
            53.745707283333331
          ],
          [
            -2.3284375666666666,
            53.74344395
          ],
          [
            -2.3278204166666669,
            53.741214533333341
          ],
          [
            -2.3277160833333337,
            53.738841466666663
          ],
          [
            -2.3278730666666667,
            53.736629216666671
          ],
          [
            -2.3282706833333329,
            53.734423849999999
          ],
          [
            -2.32861195,
            53.732261466666664
          ],
          [
            -2.3285118833333334,
            53.730140866666673
          ],
          [
            -2.3279949000000002,
            53.728107566666658
          ],
          [
            -2.3272401333333335,
            53.726365566666665
          ],
          [
            -2.3267871333333332,
            53.725040850000006
          ],
          [
            -2.3268063833333335,
            53.724062683333337
          ],
          [
            -2.3275451833333332,
            53.723270916666664
          ],
          [
            -2.3280912166666665,
            53.722363100000003
          ],
          [
            -2.3286532499999999,
            53.721446683333333
          ],
          [
            -2.3290627166666669,
            53.719556583333329
          ],
          [
            -2.3285617833333334,
            53.717237616666672
          ],
          [
            -2.3279930999999996,
            53.715093016666664
          ],
          [
            -2.3278927166666668,
            53.713028683333341
          ],
          [
            -2.3285805000000002,
            53.7108305
          ],
          [
            -2.3297473000000002,
            53.708897416666666
          ],
          [
            -2.3310846333333339,
            53.706795050000004
          ],
          [
            -2.3324528333333334,
            53.704653866666661
          ],
          [
            -2.3332728666666669,
            53.702536283333338
          ],
          [
            -2.3325801666666668,
            53.700137033333334
          ],
          [
            -2.3303582166666668,
            53.698194683333334
          ],
          [
            -2.3277334666666665,
            53.69695006666668
          ],
          [
            -2.3248469166666665,
            53.695669683333335
          ],
          [
            -2.3221297999999999,
            53.694461883333325
          ],
          [
            -2.3191960166666665,
            53.693560899999994
          ],
          [
            -2.3158392500000002,
            53.693410166666673
          ],
          [
            -2.3125045166666669,
            53.693988716666667
          ],
          [
            -2.3095224166666668,
            53.693910216666666
          ],
          [
            -2.3075424500000001,
            53.692767633333347
          ],
          [
            -2.307029116666667,
            53.691155183333329
          ],
          [
            -2.3066390333333335,
            53.689656433333326
          ],
          [
            -2.3061107000000001,
            53.687605233333336
          ],
          [
            -2.3060160999999995,
            53.685640799999994
          ],
          [
            -2.3062983500000005,
            53.683499633333334
          ],
          [
            -2.306973133333333,
            53.681369766666663
          ],
          [
            -2.3077664666666671,
            53.679472366666666
          ],
          [
            -2.3085309000000001,
            53.677624416666674
          ],
          [
            -2.3093625333333336,
            53.675617283333331
          ],
          [
            -2.3101569166666671,
            53.673692466666672
          ],
          [
            -2.3108038666666668,
            53.671775533333324
          ],
          [
            -2.3113285000000001,
            53.669671466666657
          ],
          [
            -2.3115442333333336,
            53.667647283333331
          ],
          [
            -2.3112159000000001,
            53.665698333333332
          ],
          [
            -2.3102374999999999,
            53.663708866666674
          ],
          [
            -2.3088285166666664,
            53.661886199999991
          ],
          [
            -2.3075917166666664,
            53.659827433333341
          ],
          [
            -2.3069461166666665,
            53.657546216666667
          ],
          [
            -2.3068290333333334,
            53.655406199999994
          ],
          [
            -2.3067347833333334,
            53.652997183333341
          ],
          [
            -2.3066641333333333,
            53.651357499999996
          ],
          [
            -2.3066385666666664,
            53.650695399999989
          ],
          [
            -2.3065142833333336,
            53.648637533333336
          ],
          [
            -2.3064151333333331,
            53.646450000000009
          ],
          [
            -2.3067925333333332,
            53.644208283333334
          ],
          [
            -2.3075257833333334,
            53.641723399999997
          ],
          [
            -2.3073087166666668,
            53.639280283333328
          ],
          [
            -2.3059199333333336,
            53.636731250000004
          ],
          [
            -2.3037177499999997,
            53.63470221666666
          ],
          [
            -2.3007456000000004,
            53.632923600000005
          ],
          [
            -2.2978388000000001,
            53.631089599999996
          ],
          [
            -2.2954452666666669,
            53.629265966666658
          ],
          [
            -2.293320183333333,
            53.62741355
          ],
          [
            -2.2908871833333331,
            53.625625899999989
          ],
          [
            -2.2880300666666664,
            53.623995066666666
          ],
          [
            -2.2851650833333337,
            53.622387600000003
          ],
          [
            -2.2828241333333334,
            53.620456100000006
          ],
          [
            -2.2813365666666665,
            53.618575216666677
          ],
          [
            -2.2804858000000001,
            53.616587916666667
          ],
          [
            -2.2801190666666669,
            53.614759033333328
          ],
          [
            -2.2795673333333335,
            53.612558249999999
          ],
          [
            -2.2785465666666669,
            53.610505833333342
          ],
          [
            -2.27713755,
            53.608395783333329
          ],
          [
            -2.2759050166666666,
            53.606432183333332
          ],
          [
            -2.2749191833333331,
            53.604538516666658
          ],
          [
            -2.2739469666666667,
            53.602650216666675
          ],
          [
            -2.2728113500000005,
            53.600497499999996
          ],
          [
            -2.2716331833333334,
            53.598567233333341
          ],
          [
            -2.2708980666666667,
            53.596674533333328
          ],
          [
            -2.2708901000000004,
            53.594872833333334
          ],
          [
            -2.2710640999999998,
            53.594219933333335
          ],
          [
            -2.2714254000000005,
            53.593301916666661
          ],
          [
            -2.27214085,
            53.592222633333328
          ],
          [
            -2.2731802666666665,
            53.591454083333339
          ],
          [
            -2.272896283333333,
            53.590544116666656
          ],
          [
            -2.2730047833333336,
            53.58964318333333
          ],
          [
            -2.2731205166666668,
            53.588704333333332
          ],
          [
            -2.2731801333333332,
            53.586878216666669
          ],
          [
            -2.2729915833333334,
            53.584949000000002
          ],
          [
            -2.2724407333333332,
            53.582839566666678
          ],
          [
            -2.2718859,
            53.580638249999993
          ],
          [
            -2.2716016333333333,
            53.578206216666665
          ],
          [
            -2.2716149333333333,
            53.575824466666674
          ],
          [
            -2.2715774500000001,
            53.573445200000002
          ],
          [
            -2.2713856000000003,
            53.571088499999995
          ],
          [
            -2.2710495499999999,
            53.568768133333336
          ],
          [
            -2.2705838666666662,
            53.56653923333333
          ],
          [
            -2.2699725833333333,
            53.564353016666672
          ],
          [
            -2.2691737166666663,
            53.561890350000006
          ],
          [
            -2.2682517833333335,
            53.559546433333331
          ],
          [
            -2.2671318499999997,
            53.557262183333329
          ],
          [
            -2.265813866666667,
            53.555193966666671
          ],
          [
            -2.2642305833333336,
            53.553257600000002
          ],
          [
            -2.2635306333333332,
            53.552533133333327
          ],
          [
            -2.2622235500000003,
            53.551311300000002
          ],
          [
            -2.2600399000000002,
            53.549333633333333
          ],
          [
            -2.2580109333333334,
            53.547546949999997
          ],
          [
            -2.2551937166666667,
            53.545940516666661
          ],
          [
            -2.2518169000000001,
            53.545125266666673
          ],
          [
            -2.2486247499999998,
            53.544463750000013
          ],
          [
            -2.2451962499999998,
            53.543271133333334
          ],
          [
            -2.2422460000000002,
            53.541824266666666
          ],
          [
            -2.2388758666666666,
            53.540352083333332
          ],
          [
            -2.2349829166666666,
            53.53948363333334
          ],
          [
            -2.2307906166666669,
            53.539555533333335
          ],
          [
            -2.2268557333333336,
            53.540434500000003
          ],
          [
            -2.2227969000000001,
            53.541141416666676
          ],
          [
            -2.2185963499999999,
            53.540997966666659
          ],
          [
            -2.2147077999999998,
            53.540009350000005
          ],
          [
            -2.2116361666666666,
            53.538318733333341
          ],
          [
            -2.2096210333333333,
            53.536133933333332
          ],
          [
            -2.2074528833333331,
            53.534027333333334
          ],
          [
            -2.204053,
            53.532594500000002
          ],
          [
            -2.1999211833333332,
            53.532110899999992
          ],
          [
            -2.1957350833333331,
            53.531752949999991
          ],
          [
            -2.1918714000000001,
            53.53077188333333
          ],
          [
            -2.18852775,
            53.529639883333324
          ],
          [
            -2.1849918833333333,
            53.528699216666674
          ],
          [
            -2.1811936333333333,
            53.527983283333327
          ],
          [
            -2.1771685833333332,
            53.527556733333334
          ],
          [
            -2.1734352499999998,
            53.527441450000005
          ],
          [
            -2.1697729166666666,
            53.527621733333341
          ],
          [
            -2.1683578999999997,
            53.527733766666678
          ],
          [
            -2.1659869999263082,
            53.527817055076902
          ],
          [
            -2.1634502499999999,
            53.52765406666667
          ],
          [
            -2.1615593833333335,
            53.527069299999994
          ],
          [
            -2.1599856166666669,
            53.526963933333342
          ],
          [
            -2.1590133333333332,
            53.527698800000003
          ],
          [
            -2.1577867166666671,
            53.528621750000006
          ],
          [
            -2.1567338000000005,
            53.529306600000005
          ],
          [
            -2.1555022833333335,
            53.529990616666659
          ],
          [
            -2.1543282833333333,
            53.530759533333338
          ],
          [
            -2.1533118999999998,
            53.53150921666667
          ],
          [
            -2.151841790875523,
            53.531833053539259
          ],
          [
            -2.1503332321103064,
            53.5317693462435
          ],
          [
            -2.148853092498209,
            53.531508443027107
          ],
          [
            -2.1473942715734529,
            53.531259346615172
          ],
          [
            -2.1460842047850988,
            53.530804261427583
          ],
          [
            -2.1448527659409824,
            53.530225709067437
          ],
          [
            -2.1433638572192866,
            53.530459126733767
          ],
          [
            -2.1422054329646714,
            53.531041355148361
          ],
          [
            -2.1412148988287152,
            53.531750698830528
          ],
          [
            -2.140179282436514,
            53.532454819672871
          ],
          [
            -2.1389454819903881,
            53.533006977206554
          ],
          [
            -2.1376052648958495,
            53.533442413168423
          ],
          [
            -2.1362626420382189,
            53.533889218217539
          ],
          [
            -2.1348872797716454,
            53.534347276387408
          ],
          [
            -2.1334861118076227,
            53.534713914319013
          ],
          [
            -2.1319999060887795,
            53.535055705991383
          ],
          [
            -2.1308380053915634,
            53.535644049447676
          ],
          [
            -2.1298504333333335,
            53.53634180000001
          ],
          [
            -2.1283969166666665,
            53.536996000000002
          ],
          [
            -2.1268512333333334,
            53.537665116666659
          ],
          [
            -2.1254826666666666,
            53.538229000000001
          ],
          [
            -2.1241765666666668,
            53.538847766666663
          ],
          [
            -2.1229506833333334,
            53.53939643333333
          ],
          [
            -2.1214695297008492,
            53.539161052354444
          ],
          [
            -2.1202098958268025,
            53.538354884422915
          ],
          [
            -2.1188418833333333,
            53.537907433333338
          ],
          [
            -2.1178243833333337,
            53.537723716666676
          ],
          [
            -2.1166337666666668,
            53.537711800000004
          ],
          [
            -2.1136696702327376,
            53.536908475785971
          ],
          [
            -2.1091739627663633,
            53.536895694559099
          ],
          [
            -2.1093852465697931,
            53.539874548189047
          ],
          [
            -2.1092188559860552,
            53.536840280387437
          ],
          [
            -2.1106872333333335,
            53.536631083333333
          ],
          [
            -2.1121590666666665,
            53.536842866666667
          ],
          [
            -2.1127788192239358,
            53.537840829745491
          ],
          [
            -2.1108647166666668,
            53.538083433333334
          ],
          [
            -2.1093121166666666,
            53.538485733333331
          ],
          [
            -2.1080058439333476,
            53.53907411823139
          ],
          [
            -2.1074706833333332,
            53.540008299999997
          ],
          [
            -2.1080540333333331,
            53.540855333333333
          ],
          [
            -2.1085243499999997,
            53.541712699999998
          ],
          [
            -2.1095915833333332,
            53.542412683333339
          ],
          [
            -2.110030588329582,
            53.543306796615838
          ],
          [
            -2.1114225499999999,
            53.544112999999996
          ],
          [
            -2.1130716999999999,
            53.544068299999999
          ],
          [
            -2.1147003500000001,
            53.544003033333333
          ],
          [
            -2.1162893666666664,
            53.544220466666665
          ],
          [
            -2.1179115666666668,
            53.544106250000006
          ],
          [
            -2.1193729333333331,
            53.544378566666673
          ],
          [
            -2.1196641000000001,
            53.545263000000013
          ],
          [
            -2.1208526422386433,
            53.545826237329194
          ],
          [
            -2.1221293500142133,
            53.546334668898751
          ],
          [
            -2.1233765333333334,
            53.546877333333327
          ],
          [
            -2.1245631999999999,
            53.54749673333334
          ],
          [
            -2.1255735000000002,
            53.548168066666662
          ],
          [
            -2.1270394333333331,
            53.548773866666671
          ],
          [
            -2.1282929333333334,
            53.549628766666672
          ],
          [
            -2.1298796833333329,
            53.550692966666666
          ],
          [
            -2.130917257139711,
            53.551885031199646
          ],
          [
            -2.1314762478589682,
            53.552925589963721
          ],
          [
            -2.1324614666666668,
            53.553642250000003
          ],
          [
            -2.1347397833333335,
            53.55444649999999
          ],
          [
            -2.1367834999999999,
            53.555380266666667
          ],
          [
            -2.1381798833333332,
            53.556152466666667
          ],
          [
            -2.1387285333333335,
            53.55707528333334
          ],
          [
            -2.1398415095824519,
            53.557799499432129
          ],
          [
            -2.1408855292758977,
            53.558859968657785
          ],
          [
            -2.1435275333333332,
            53.559966966666664
          ],
          [
            -2.1467994666666663,
            53.560695783333323
          ],
          [
            -2.1500699166666668,
            53.56171053333334
          ],
          [
            -2.1528775833333329,
            53.563246633333328
          ],
          [
            -2.1549682833333335,
            53.565249949999995
          ],
          [
            -2.1566025666666664,
            53.567452950000003
          ],
          [
            -2.1580506833333333,
            53.569805766666661
          ],
          [
            -2.15923285,
            53.572166900000006
          ],
          [
            -2.1601963500000001,
            53.574675683333332
          ],
          [
            -2.1604219333333332,
            53.576949366666668
          ],
          [
            -2.1596378333333335,
            53.57924293333334
          ],
          [
            -2.1585975666666664,
            53.581292183333339
          ],
          [
            -2.1575069999999998,
            53.583171633333329
          ],
          [
            -2.156785216666667,
            53.584800849999993
          ],
          [
            -2.1565089666666664,
            53.586113516666664
          ],
          [
            -2.1555306833333332,
            53.58708368333334
          ],
          [
            -2.1544541666666666,
            53.587565733333335
          ],
          [
            -2.1518358666666666,
            53.588606216666662
          ],
          [
            -2.1486358833333332,
            53.589611349999991
          ],
          [
            -2.1454140833333333,
            53.590378566666672
          ],
          [
            -2.1423124166666665,
            53.591070883333337
          ],
          [
            -2.1393699333333336,
            53.59172388333333
          ],
          [
            -2.1361720333333332,
            53.592412100000004
          ],
          [
            -2.1329866333333332,
            53.593153399999991
          ],
          [
            -2.1301447833333333,
            53.593946850000002
          ],
          [
            -2.1273330166666669,
            53.594912999999998
          ],
          [
            -2.1246329999999998,
            53.596068433333322
          ],
          [
            -2.1219961999999999,
            53.597382583333335
          ],
          [
            -2.1194057333333332,
            53.598620000000004
          ],
          [
            -2.1167946333333334,
            53.599644900000008
          ],
          [
            -2.1137334999999999,
            53.600662616666661
          ],
          [
            -2.1105870833333333,
            53.601767500000001
          ],
          [
            -2.1072838333333332,
            53.603005116666658
          ],
          [
            -2.1040982333333331,
            53.604277966666665
          ],
          [
            -2.1008011833333331,
            53.605639549999992
          ],
          [
            -2.0978644499999999,
            53.606857349999999
          ],
          [
            -2.0948229333333335,
            53.608318750000002
          ],
          [
            -2.0921870833333336,
            53.610121616666653
          ],
          [
            -2.09025835,
            53.612037083333341
          ],
          [
            -2.088941933333333,
            53.614041166666652
          ],
          [
            -2.0879236166666666,
            53.616230616666662
          ],
          [
            -2.0859922333333336,
            53.6185014
          ],
          [
            -2.083559133333333,
            53.620119800000005
          ],
          [
            -2.0810166666666667,
            53.621589499999999
          ],
          [
            -2.0780776333333333,
            53.623137833333338
          ],
          [
            -2.0745255,
            53.624237683333334
          ],
          [
            -2.0705284333333331,
            53.624586533333336
          ],
          [
            -2.0668367833333336,
            53.624454799999995
          ],
          [
            -2.0632041999999999,
            53.624360750000001
          ],
          [
            -2.0595228000000003,
            53.624357683333329
          ],
          [
            -2.0557401166666662,
            53.624447533333331
          ],
          [
            -2.0518714333333334,
            53.624649216666668
          ],
          [
            -2.0479823666666666,
            53.62522233333334
          ],
          [
            -2.0443965666666664,
            53.626265933333329
          ],
          [
            -2.0411427166666667,
            53.627665399999991
          ],
          [
            -2.03754685,
            53.62872921666667
          ],
          [
            -2.0340935999999998,
            53.629084633333335
          ],
          [
            -2.0304509666666664,
            53.629137766666659
          ],
          [
            -2.0268692833333333,
            53.629223716666665
          ],
          [
            -2.0230759000000003,
            53.629398783333336
          ],
          [
            -2.0195171666666667,
            53.629632350000001
          ],
          [
            -2.0157552000000001,
            53.629965499999997
          ],
          [
            -2.0123222333333333,
            53.630340783333338
          ],
          [
            -2.0090527666666671,
            53.630759383333327
          ],
          [
            -2.0056115499999998,
            53.631278183333343
          ],
          [
            -2.0019918333333333,
            53.631871183333338
          ],
          [
            -1.9985401333333335,
            53.632480283333344
          ],
          [
            -1.9953202166666666,
            53.633086433333332
          ],
          [
            -1.991957933333333,
            53.633758000000007
          ],
          [
            -1.9884467333333333,
            53.634507116666661
          ],
          [
            -1.9854445166666665,
            53.635180999999996
          ],
          [
            -1.9821135333333337,
            53.635973183333334
          ],
          [
            -1.97875705,
            53.636815583333323
          ],
          [
            -1.9754336666666665,
            53.637687266666674
          ],
          [
            -1.9724514166666667,
            53.638437666666675
          ],
          [
            -1.9690536000000001,
            53.639038416666672
          ],
          [
            -1.9654204333333334,
            53.639418599999999
          ],
          [
            -1.9621391333333333,
            53.63974351666667
          ],
          [
            -1.9589524500000002,
            53.640047416666661
          ],
          [
            -1.9553662333333335,
            53.640448716666668
          ],
          [
            -1.9518929333333332,
            53.641203116666674
          ],
          [
            -1.9486876,
            53.642360750000009
          ],
          [
            -1.9461262333333333,
            53.643681683333334
          ],
          [
            -1.94319405,
            53.645059466666666
          ],
          [
            -1.9398602166666667,
            53.646167216666662
          ],
          [
            -1.9366640333333331,
            53.646876666666671
          ],
          [
            -1.9331430666666667,
            53.64732038333333
          ],
          [
            -1.9294503833333334,
            53.647446500000001
          ],
          [
            -1.9256344500000002,
            53.647215683333329
          ],
          [
            -1.9217926333333333,
            53.646726016666662
          ],
          [
            -1.9178885333333331,
            53.646231733333323
          ],
          [
            -1.91437955,
            53.645772450000003
          ],
          [
            -1.9106295500000003,
            53.645289266666666
          ],
          [
            -1.9072368333333336,
            53.644855933333332
          ],
          [
            -1.9035943833333335,
            53.644371566666663
          ],
          [
            -1.9002435499999999,
            53.644093800000007
          ],
          [
            -1.8966655166666664,
            53.64433313333334
          ],
          [
            -1.89295295,
            53.645255733333343
          ],
          [
            -1.8904746833333335,
            53.646415733333335
          ],
          [
            -1.8881546666666666,
            53.647938133333341
          ],
          [
            -1.8856622833333334,
            53.6496073
          ],
          [
            -1.8829585499999997,
            53.651186616666671
          ],
          [
            -1.8799900999999999,
            53.65262156666666
          ],
          [
            -1.8768961333333334,
            53.653872199999995
          ],
          [
            -1.8737283666666664,
            53.655118133333325
          ],
          [
            -1.8702912833333334,
            53.656465716666659
          ],
          [
            -1.8670402500000001,
            53.65774136666667
          ],
          [
            -1.8633985333333332,
            53.659124850000005
          ],
          [
            -1.8596154333333332,
            53.660457449999996
          ],
          [
            -1.8561125166666665,
            53.661597033333329
          ],
          [
            -1.8527137,
            53.66266783333333
          ],
          [
            -1.8492099499999999,
            53.663924683333335
          ],
          [
            -1.8458834166666667,
            53.665313516666664
          ],
          [
            -1.8427657833333331,
            53.66682604999999
          ],
          [
            -1.840112516666667,
            53.668201049999993
          ],
          [
            -1.8374039999999998,
            53.66960778333334
          ],
          [
            -1.8346498333333334,
            53.671006116666661
          ],
          [
            -1.8313720500000001,
            53.672155599999996
          ],
          [
            -1.8274271833333333,
            53.672982850000004
          ],
          [
            -1.8233013666666664,
            53.673735783333328
          ],
          [
            -1.819278783333333,
            53.67468723333333
          ],
          [
            -1.8162451166666664,
            53.676059233333341
          ],
          [
            -1.8131902999999998,
            53.677607866666655
          ],
          [
            -1.8095330333333333,
            53.678622233333328
          ],
          [
            -1.8059818666666667,
            53.67919813333333
          ],
          [
            -1.8014634333333333,
            53.679910883333335
          ],
          [
            -1.7984642333333329,
            53.680415416666662
          ],
          [
            -1.7949398500000002,
            53.680941699999991
          ],
          [
            -1.7913154333333334,
            53.681504266666664
          ],
          [
            -1.7875530333333336,
            53.682089616666659
          ],
          [
            -1.7835707333333333,
            53.682705050000003
          ],
          [
            -1.7800606999999999,
            53.683232916666675
          ],
          [
            -1.7762356166666666,
            53.683825549999995
          ],
          [
            -1.7722958666666666,
            53.684431949999997
          ],
          [
            -1.7681955333333335,
            53.685100266666666
          ],
          [
            -1.7646499333333334,
            53.685932599999994
          ],
          [
            -1.7615233333333331,
            53.687363183333339
          ],
          [
            -1.7592792833333333,
            53.689257833333336
          ],
          [
            -1.7575791666666667,
            53.691144850000001
          ],
          [
            -1.7558272333333336,
            53.693070916666663
          ],
          [
            -1.7537697666666667,
            53.69496088333333
          ],
          [
            -1.7511626833333334,
            53.696374883333327
          ],
          [
            -1.7481834666666667,
            53.697755949999994
          ],
          [
            -1.7455242229892989,
            53.699369350227471
          ],
          [
            -1.7437798451952777,
            53.701236819671969
          ],
          [
            -1.7429337166666665,
            53.703458100000006
          ],
          [
            -1.7431987000000002,
            53.705776266666668
          ],
          [
            -1.7438224166666667,
            53.707834683333338
          ],
          [
            -1.7445029666666665,
            53.71000526666667
          ],
          [
            -1.7452155499999999,
            53.712265583333334
          ],
          [
            -1.7455916999999999,
            53.714628049999995
          ],
          [
            -1.7451148666666669,
            53.717028416666672
          ],
          [
            -1.74401155,
            53.719052116666667
          ],
          [
            -1.7424162833333332,
            53.720808100000013
          ],
          [
            -1.7406978499999999,
            53.722125633333327
          ],
          [
            -1.7386203499999997,
            53.723509016666675
          ],
          [
            -1.7367079333333333,
            53.72494056666666
          ],
          [
            -1.7348482166666666,
            53.726560050000003
          ],
          [
            -1.7331950833333334,
            53.728278449999998
          ],
          [
            -1.7314152166666668,
            53.730511966666676
          ],
          [
            -1.7296277500000001,
            53.732746966666674
          ],
          [
            -1.7276378500000003,
            53.735012966666666
          ],
          [
            -1.7257011833333331,
            53.737037433333342
          ],
          [
            -1.7236060333333332,
            53.739050700000007
          ],
          [
            -1.7214875999999999,
            53.740945783333331
          ],
          [
            -1.7192753666666667,
            53.74272779999999
          ],
          [
            -1.7166282666666666,
            53.74413280000001
          ],
          [
            -1.71319025,
            53.745196166666666
          ],
          [
            -1.7099146666666662,
            53.745671199999997
          ],
          [
            -1.7066948833333333,
            53.745706166666665
          ],
          [
            -1.7034854166666666,
            53.745309416666665
          ],
          [
            -1.7007267166666664,
            53.744594966666668
          ],
          [
            -1.6984129099216503,
            53.743754298669735
          ],
          [
            -1.6962519999999996,
            53.742906283333333
          ],
          [
            -1.6937566566712861,
            53.742114680787061
          ],
          [
            -1.6903335666666668,
            53.741372450000007
          ],
          [
            -1.6865140999999999,
            53.740997100000008
          ],
          [
            -1.6829699,
            53.741023883333334
          ],
          [
            -1.6791874000000002,
            53.741448899999995
          ],
          [
            -1.6752854499999996,
            53.742078749999997
          ],
          [
            -1.6716871833333335,
            53.742661499999997
          ],
          [
            -1.6676295166666668,
            53.743317700000006
          ],
          [
            -1.6641378833333333,
            53.743877300000001
          ],
          [
            -1.6600771166666666,
            53.744523916666672
          ],
          [
            -1.6559101999999999,
            53.745193299999997
          ],
          [
            -1.6520986833333333,
            53.745803099999996
          ],
          [
            -1.6483375666666666,
            53.746410116666659
          ],
          [
            -1.6442909499999998,
            53.74706621666666
          ],
          [
            -1.6401274333333331,
            53.747515583333339
          ],
          [
            -1.6359680333333335,
            53.747286233333334
          ],
          [
            -1.6320910833333333,
            53.746397066666667
          ],
          [
            -1.62872935,
            53.744884083333332
          ],
          [
            -1.6261537666666663,
            53.742758166666668
          ],
          [
            -1.6244991833333335,
            53.740323599999996
          ],
          [
            -1.62233205,
            53.738002549999997
          ],
          [
            -1.6197945833333334,
            53.736178966666664
          ],
          [
            -1.616952516666667,
            53.734736466666661
          ],
          [
            -1.6136293666666666,
            53.733507633333332
          ],
          [
            -1.6102577166666667,
            53.732307933333338
          ],
          [
            -1.6069109333333336,
            53.731149299999998
          ],
          [
            -1.6034844000000001,
            53.730080133333331
          ],
          [
            -1.5996758833333333,
            53.729503400000006
          ],
          [
            -1.5961214333333336,
            53.729525200000005
          ],
          [
            -1.5924212333333334,
            53.730127899999999
          ],
          [
            -1.5893287000000003,
            53.731121633333338
          ],
          [
            -1.5861347666666665,
            53.732079200000001
          ],
          [
            -1.58270475,
            53.732781583333328
          ],
          [
            -1.5788758333333335,
            53.733234466666666
          ],
          [
            -1.5749240166666667,
            53.733355733333333
          ],
          [
            -1.5709202666666664,
            53.733320166666665
          ],
          [
            -1.5673482833333332,
            53.733289550000002
          ],
          [
            -1.5634340833333336,
            53.733258283333335
          ],
          [
            -1.5596066166666664,
            53.733228083333337
          ],
          [
            -1.555851733333333,
            53.733197699999998
          ],
          [
            -1.5517194333333333,
            53.733162499999992
          ],
          [
            -1.5473702166666665,
            53.733134133333337
          ],
          [
            -1.5433368333333333,
            53.733317266666667
          ],
          [
            -1.5394793833333333,
            53.733745866666673
          ],
          [
            -1.5354032833333333,
            53.734116049999997
          ],
          [
            -1.5316427666666663,
            53.734140866666664
          ],
          [
            -1.5281191333333335,
            53.733907766666668
          ],
          [
            -1.5241595499999998,
            53.733332883333333
          ],
          [
            -1.5202398000000001,
            53.732508750000001
          ],
          [
            -1.5166342000000002,
            53.731738183333334
          ],
          [
            -1.5131113,
            53.730988199999999
          ],
          [
            -1.5091907166666667,
            53.730146166666657
          ],
          [
            -1.50513125,
            53.729290300000002
          ],
          [
            -1.5013767333333334,
            53.72865143333334
          ],
          [
            -1.4974173,
            53.728201766666672
          ],
          [
            -1.4932159333333332,
            53.72796086666667
          ],
          [
            -1.4893287333333334,
            53.727929399999994
          ],
          [
            -1.48514575,
            53.72795275
          ],
          [
            -1.4808809166666668,
            53.728016216666674
          ],
          [
            -1.4765775499999998,
            53.728073783333336
          ],
          [
            -1.4726661999999999,
            53.728127700000009
          ],
          [
            -1.4688064000000001,
            53.728184949999992
          ],
          [
            -1.4644924333333333,
            53.728261016666664
          ],
          [
            -1.4600412166666668,
            53.728337633333332
          ],
          [
            -1.4579998666666665,
            53.728364583333331
          ],
          [
            -1.45557045,
            53.72839671666668
          ],
          [
            -1.4510332166666666,
            53.728463783333339
          ],
          [
            -1.4469462666666666,
            53.728534016666664
          ],
          [
            -1.4430400333333333,
            53.72832975
          ],
          [
            -1.4389024333333336,
            53.727560566666668
          ],
          [
            -1.4350325833333333,
            53.726188766666674
          ],
          [
            -1.4321938999999999,
            53.724585566666669
          ],
          [
            -1.4299070833333334,
            53.722781183333339
          ],
          [
            -1.4276924333333334,
            53.720968633333328
          ],
          [
            -1.4252977666666666,
            53.718998966666668
          ],
          [
            -1.42310845,
            53.717147183333324
          ],
          [
            -1.4210000666666667,
            53.715415016666675
          ],
          [
            -1.41873275,
            53.713549533333328
          ],
          [
            -1.4161245689531146,
            53.711769742975299
          ],
          [
            -1.4125415833333332,
            53.71038883333334
          ],
          [
            -1.4085393000000002,
            53.709698349999996
          ],
          [
            -1.4049623499999999,
            53.70931938333333
          ],
          [
            -1.4012786333333334,
            53.708956166666667
          ],
          [
            -1.3972616833333333,
            53.708639683333331
          ],
          [
            -1.3933805666666668,
            53.70838333333333
          ],
          [
            -1.3891552500000002,
            53.708154683333333
          ],
          [
            -1.3848730333333332,
            53.707972550000008
          ],
          [
            -1.3803406333333332,
            53.707885166666664
          ],
          [
            -1.3763018,
            53.707835583333328
          ],
          [
            -1.3724339000000001,
            53.707669566666667
          ],
          [
            -1.3682927,
            53.707094466666668
          ],
          [
            -1.3646600166666665,
            53.70621091666667
          ],
          [
            -1.361214435738167,
            53.705233905804327
          ],
          [
            -1.3575828333333333,
            53.704522700000005
          ],
          [
            -1.3535666333333334,
            53.704156250000004
          ],
          [
            -1.3494095999999998,
            53.704143116666664
          ],
          [
            -1.3451966833333333,
            53.704541766666672
          ],
          [
            -1.3412526,
            53.705447433333333
          ],
          [
            -1.3371833833333333,
            53.706585666666662
          ],
          [
            -1.3329803666666664,
            53.707636399999998
          ],
          [
            -1.3286846666666667,
            53.708551366666676
          ],
          [
            -1.3243018999999998,
            53.709232566666664
          ],
          [
            -1.3198190333333335,
            53.709694866666659
          ],
          [
            -1.3152781,
            53.709920866666671
          ],
          [
            -1.3107006000000001,
            53.709975716666669
          ],
          [
            -1.3061366666666667,
            53.710192000000006
          ],
          [
            -1.3016461333333333,
            53.710642899999996
          ],
          [
            -1.2972360333333333,
            53.711232100000004
          ],
          [
            -1.2927107999999998,
            53.71128255
          ],
          [
            -1.2882815000000001,
            53.710565283333338
          ],
          [
            -1.2844056000000001,
            53.709145000000007
          ],
          [
            -1.2815848333333333,
            53.707328400000002
          ],
          [
            -1.2795435166666664,
            53.704974383333337
          ],
          [
            -1.2784249666666667,
            53.702405533333334
          ],
          [
            -1.2770086166666668,
            53.699898033333326
          ],
          [
            -1.2743489333333335,
            53.697795899999996
          ],
          [
            -1.2706391000000001,
            53.696327750000002
          ],
          [
            -1.26646795,
            53.695342933333329
          ],
          [
            -1.2622628499999999,
            53.694424433333339
          ],
          [
            -1.2579923,
            53.693634133333333
          ],
          [
            -1.2540073500000002,
            53.693126733333337
          ],
          [
            -1.2524114166666667,
            53.692961266666664
          ],
          [
            -1.2495869333333334,
            53.692740350000001
          ],
          [
            -1.2451239166666668,
            53.692535766666666
          ],
          [
            -1.2406495833333333,
            53.692570783333331
          ],
          [
            -1.2361963666666667,
            53.692788900000004
          ],
          [
            -1.2321476333333334,
            53.693025616666667
          ],
          [
            -1.2277400333333335,
            53.693345600000008
          ],
          [
            -1.2233311333333334,
            53.693671266666662
          ],
          [
            -1.2193098333333334,
            53.693968499999997
          ],
          [
            -1.2148862833333334,
            53.69428773333334
          ],
          [
            -1.2108550166666667,
            53.694572416666674
          ],
          [
            -1.2064060999999999,
            53.694822700000003
          ],
          [
            -1.2019520833333335,
            53.695011516666668
          ],
          [
            -1.1978950666666666,
            53.695119949999999
          ],
          [
            -1.1934203333333335,
            53.695170266666672
          ],
          [
            -1.1893593666666666,
            53.695164616666666
          ],
          [
            -1.1848798333333332,
            53.695096599999999
          ],
          [
            -1.1808459166666669,
            53.694987916666669
          ],
          [
            -1.17679445,
            53.694791616666663
          ],
          [
            -1.1723359166666665,
            53.694512550000006
          ],
          [
            -1.1683066666666666,
            53.694200049999999
          ],
          [
            -1.1638740333333335,
            53.69389966666666
          ],
          [
            -1.1598262500000001,
            53.693728066666672
          ],
          [
            -1.1557544333333332,
            53.693639916666676
          ],
          [
            -1.1512842666666665,
            53.693679900000006
          ],
          [
            -1.1471383000000002,
            53.693853433333338
          ],
          [
            -1.1427063333333334,
            53.694141033333338
          ],
          [
            -1.1382220166666666,
            53.694442133333325
          ],
          [
            -1.1341097833333333,
            53.694538266666662
          ],
          [
            -1.1303035333333333,
            53.6944594
          ],
          [
            -1.1262247166666666,
            53.694188516666657
          ],
          [
            -1.1225456333333332,
            53.693785799999993
          ],
          [
            -1.1186014,
            53.693165016666676
          ],
          [
            -1.1147095499999999,
            53.692354999999999
          ],
          [
            -1.1112115833333334,
            53.691412783333327
          ],
          [
            -1.1076344499999999,
            53.690347633333346
          ],
          [
            -1.1038734666666667,
            53.689226933333337
          ],
          [
            -1.1004337500000001,
            53.688274050000004
          ],
          [
            -1.0967241333333333,
            53.687338233333335
          ],
          [
            -1.0929267499999999,
            53.686475000000002
          ],
          [
            -1.0890098833333333,
            53.6856492
          ],
          [
            -1.08515045,
            53.684891550000003
          ],
          [
            -1.0813110500000001,
            53.684191133333329
          ],
          [
            -1.0773389999999998,
            53.68351668333333
          ],
          [
            -1.0734580000000002,
            53.682913766666665
          ],
          [
            -1.0698853500000001,
            53.682401683333332
          ],
          [
            -1.0660201833333334,
            53.681897250000006
          ],
          [
            -1.0620315,
            53.681429250000001
          ],
          [
            -1.05801345,
            53.681010733333338
          ],
          [
            -1.0543051000000001,
            53.680663249999995
          ],
          [
            -1.0502619666666668,
            53.680333383333327
          ],
          [
            -1.0461020833333334,
            53.680044200000005
          ],
          [
            -1.0417535333333332,
            53.679801366666666
          ],
          [
            -1.0374179166666666,
            53.679615399999996
          ],
          [
            -1.0330564166666667,
            53.679481583333335
          ],
          [
            -1.0287028499999999,
            53.67937345
          ],
          [
            -1.0243245833333332,
            53.679305766666658
          ],
          [
            -1.0215233833333335,
            53.679282766666667
          ],
          [
            -1.0199163000000002,
            53.679280916666663
          ],
          [
            -1.0155331333333333,
            53.679282399999998
          ],
          [
            -1.0111370499999999,
            53.679355766666674
          ],
          [
            -1.0067945666666667,
            53.679428766666661
          ],
          [
            -1.0027422500000001,
            53.67950101666667
          ],
          [
            -0.99899545000000001,
            53.679617100000002
          ],
          [
            -0.9948661333333334,
            53.679814733333323
          ],
          [
            -0.99070068333333339,
            53.680154733333332
          ],
          [
            -0.98693963333333334,
            53.680581166666663
          ],
          [
            -0.98340233333333327,
            53.681100249999993
          ],
          [
            -0.97969866666666661,
            53.681757399999995
          ],
          [
            -0.97593271666666659,
            53.68255571666667
          ],
          [
            -0.97209086666666655,
            53.683510616666673
          ],
          [
            -0.96822330000000001,
            53.684638966666675
          ],
          [
            -0.9644235166666667,
            53.685920033333332
          ],
          [
            -0.96082023333333333,
            53.687307066666669
          ],
          [
            -0.95776158333333328,
            53.688631233333339
          ],
          [
            -0.95469618333333328,
            53.690127916666668
          ],
          [
            -0.95161046666666671,
            53.691793016666665
          ],
          [
            -0.9488724999999999,
            53.69326451666668
          ],
          [
            -0.94591058333333333,
            53.694675000000004
          ],
          [
            -0.94292584999999995,
            53.695886433333328
          ],
          [
            -0.93960604999999997,
            53.697018016666668
          ],
          [
            -0.93618734999999997,
            53.697987949999998
          ],
          [
            -0.93228328333333332,
            53.698927783333332
          ],
          [
            -0.92857906666666667,
            53.699817166666662
          ],
          [
            -0.9245587666666667,
            53.700862966666669
          ],
          [
            -0.92063271666666668,
            53.702003266666658
          ],
          [
            -0.91817413333333331,
            53.702786799999998
          ],
          [
            -0.91679343333333341,
            53.70324458333333
          ],
          [
            -0.91305141666666667,
            53.704573250000003
          ],
          [
            -0.90940801666666671,
            53.705980416666669
          ],
          [
            -0.90613530000000009,
            53.707355966666668
          ],
          [
            -0.90267983333333324,
            53.708934333333339
          ],
          [
            -0.89932669999999992,
            53.710598250000004
          ],
          [
            -0.89611686666666668,
            53.71233216666667
          ],
          [
            -0.89301078333333328,
            53.714154783333335
          ],
          [
            -0.89005576666666664,
            53.716041366666666
          ],
          [
            -0.88724306666666664,
            53.718027383333343
          ],
          [
            -0.88458311666666667,
            53.7201162
          ],
          [
            -0.88222933333333331,
            53.721989633333337
          ],
          [
            -0.87971773333333347,
            53.723998533333329
          ],
          [
            -0.87747933333333339,
            53.725780749999998
          ],
          [
            -0.87504628333333334,
            53.727714166666658
          ],
          [
            -0.87255830000000012,
            53.729691866666656
          ],
          [
            -0.87018333333333331,
            53.731580900000004
          ],
          [
            -0.86732394999999995,
            53.733512199999993
          ],
          [
            -0.86409043333333346,
            53.735362266666669
          ],
          [
            -0.86062913333333335,
            53.7370467
          ],
          [
            -0.85698078333333327,
            53.738551383333331
          ],
          [
            -0.85342709999999999,
            53.739817849999994
          ],
          [
            -0.85009808333333325,
            53.740848249999999
          ],
          [
            -0.84641374999999996,
            53.741897399999999
          ],
          [
            -0.84305383333333339,
            53.742730349999988
          ],
          [
            -0.83921203333333338,
            53.743562566666668
          ],
          [
            -0.83502316666666665,
            53.74432121666667
          ],
          [
            -0.83116386666666675,
            53.744902116666658
          ],
          [
            -0.82804849999999997,
            53.7452817
          ],
          [
            -0.82687421666666672,
            53.745407616666668
          ],
          [
            -0.82256756666666664,
            53.745864433333331
          ],
          [
            -0.81825945000000011,
            53.746320166666663
          ],
          [
            -0.81397033333333335,
            53.746772066666672
          ],
          [
            -0.81003801666666664,
            53.747190133333334
          ],
          [
            -0.80572054999999987,
            53.747648700000006
          ],
          [
            -0.80179556666666663,
            53.748067216666669
          ],
          [
            -0.7975979666666666,
            53.748550949999995
          ],
          [
            -0.79328676666666664,
            53.748992533333336
          ],
          [
            -0.78896776666666657,
            53.749474750000012
          ],
          [
            -0.78472383333333329,
            53.750057733333335
          ],
          [
            -0.78053003333333337,
            53.750814566666669
          ],
          [
            -0.77683900487921409,
            53.75163491735141
          ],
          [
            -0.77300247690815471,
            53.752706420647598
          ],
          [
            -0.76915016666666669,
            53.753986900000001
          ],
          [
            -0.76549591666666672,
            53.755384266666667
          ],
          [
            -0.76218319999999995,
            53.756700049999999
          ],
          [
            -0.75848926666666661,
            53.758124200000005
          ],
          [
            -0.75490263333333329,
            53.759334216666666
          ],
          [
            -0.7512835000000001,
            53.760396183333327
          ],
          [
            -0.74782638333333329,
            53.761251100000003
          ],
          [
            -0.7440022833333334,
            53.762095100000003
          ],
          [
            -0.74042770000000002,
            53.762763700000001
          ],
          [
            -0.73645434999999992,
            53.763371599999992
          ],
          [
            -0.73279534999999996,
            53.763841083333332
          ],
          [
            -0.72877521666666667,
            53.764325966666675
          ],
          [
            -0.72475788333333335,
            53.764847333333336
          ],
          [
            -0.72078601666666664,
            53.765462716666661
          ],
          [
            -0.71686543333333341,
            53.766200033333341
          ],
          [
            -0.71300706666666658,
            53.767019399999995
          ],
          [
            -0.70949603333333333,
            53.767784349999992
          ],
          [
            -0.70561249999999998,
            53.768582749999993
          ],
          [
            -0.70169105000000009,
            53.769298733333336
          ],
          [
            -0.69771988333333335,
            53.769903066666664
          ],
          [
            -0.69371006666666668,
            53.770397916666667
          ],
          [
            -0.6900274666666667,
            53.770756116666668
          ],
          [
            -0.6859483833333333,
            53.771016750000008
          ],
          [
            -0.68220873333333332,
            53.771061833333334
          ],
          [
            -0.67810838333333334,
            53.770906566666653
          ],
          [
            -0.67441095000000006,
            53.770592749999999
          ],
          [
            -0.67077140000000002,
            53.770119066666666
          ],
          [
            -0.66717950000000004,
            53.769516116666672
          ],
          [
            -0.66324480000000008,
            53.768798366666672
          ],
          [
            -0.65931816666666665,
            53.768083266666665
          ],
          [
            -0.65574895000000011,
            53.767435533333334
          ],
          [
            -0.65182318333333344,
            53.766721999999994
          ],
          [
            -0.64826509999999993,
            53.766071399999994
          ],
          [
            -0.64468466666666679,
            53.765419366666656
          ],
          [
            -0.64076846666666676,
            53.764705933333332
          ],
          [
            -0.63721013333333332,
            53.764105683333341
          ],
          [
            -0.63368391666666668,
            53.763578499999994
          ],
          [
            -0.62983676666666666,
            53.76309775
          ],
          [
            -0.6257322666666667,
            53.762670833333338
          ],
          [
            -0.62157091666666664,
            53.762320183333337
          ],
          [
            -0.61730656666666661,
            53.762003616666668
          ],
          [
            -0.61327588333333338,
            53.761767366666668
          ],
          [
            -0.60940616666666658,
            53.76163038333334
          ],
          [
            -0.60827056666666668,
            53.761607616666666
          ],
          [
            -0.60531466666666667,
            53.761604233333337
          ],
          [
            -0.60164044999999999,
            53.76162333333334
          ],
          [
            -0.5978051333333334,
            53.761305233333331
          ],
          [
            -0.59405693333333331,
            53.760469900000004
          ],
          [
            -0.59067110000000012,
            53.759124116666669
          ],
          [
            -0.58787908333333339,
            53.757376549999996
          ],
          [
            -0.58524306666666659,
            53.755562499999996
          ],
          [
            -0.58285366666666671,
            53.753917550000011
          ],
          [
            -0.58022188333333335,
            53.752092266666658
          ],
          [
            -0.57768913333333327,
            53.750359099999997
          ],
          [
            -0.57492008333333333,
            53.748446749999992
          ],
          [
            -0.5724174666666666,
            53.74670733333334
          ],
          [
            -0.57000661666666674,
            53.745048533333325
          ],
          [
            -0.56767428333333336,
            53.7433665
          ],
          [
            -0.56571899999999997,
            53.741597283333341
          ],
          [
            -0.56402538333333341,
            53.739786850000002
          ],
          [
            -0.56237091666666672,
            53.738000600000007
          ],
          [
            -0.56074789999999997,
            53.736261016666667
          ],
          [
            -0.55863118333333328,
            53.734405133333333
          ],
          [
            -0.5558540666666667,
            53.732728083333328
          ],
          [
            -0.55288328333333336,
            53.731467949999995
          ],
          [
            -0.54955538333333331,
            53.730366100000005
          ],
          [
            -0.54642413333333339,
            53.729067283333343
          ],
          [
            -0.54298484999999996,
            53.728034250000007
          ],
          [
            -0.53940363333333341,
            53.727120633333335
          ],
          [
            -0.53602608333333335,
            53.7263187
          ],
          [
            -0.53231699999999993,
            53.725656700000002
          ],
          [
            -0.5284844666666666,
            53.725243566666663
          ],
          [
            -0.52561780000000002,
            53.724836616666671
          ],
          [
            -0.52456358333333331,
            53.724635249999999
          ],
          [
            -0.52063586666666661,
            53.724100350000001
          ],
          [
            -0.51683061666666663,
            53.724328849999999
          ],
          [
            -0.5134354333333333,
            53.724841200000007
          ],
          [
            -0.51036476666666664,
            53.725373433333331
          ],
          [
            -0.50705871666666669,
            53.725853783333328
          ],
          [
            -0.50386884147975686,
            53.726132020598648
          ],
          [
            -0.50045724999999996,
            53.72622291349014
          ],
          [
            -0.4972690988373713,
            53.726167691184436
          ],
          [
            -0.49442408782008063,
            53.726010887204978
          ],
          [
            -0.4908573159218948,
            53.725661577052129
          ],
          [
            -0.48745434085400374,
            53.724990976788519
          ],
          [
            -0.48401188868386602,
            53.724543298398416
          ],
          [
            -0.48108320227892348,
            53.723840637477551
          ],
          [
            -0.47824611439576314,
            53.723137977844118
          ],
          [
            -0.47556436909479,
            53.722477984198477
          ],
          [
            -0.47306501234300474,
            53.721912754510655
          ],
          [
            -0.47121844889136039,
            53.721232079879314
          ],
          [
            -0.47054830116313406,
            53.719947080976674
          ],
          [
            -0.46813391667082227,
            53.719755966199081
          ],
          [
            -0.46649408114437613,
            53.720732880589736
          ],
          [
            -0.46479176746993539,
            53.721278613427714
          ],
          [
            -0.46334423592061763,
            53.72167450386349
          ],
          [
            -0.46179449182951798,
            53.721812103596321
          ],
          [
            -0.46018829994009985,
            53.721749757014472
          ],
          [
            -0.45839320124226002,
            53.721747899998299
          ],
          [
            -0.45559126970457164,
            53.72094611895934
          ],
          [
            -0.4529154228521664,
            53.720180530664258
          ],
          [
            -0.45092417390899103,
            53.717838696769483
          ],
          [
            -0.45394897224999359,
            53.715336577874382
          ],
          [
            -0.4578982708340108,
            53.717924621183123
          ],
          [
            -0.45362693964350864,
            53.717353368767142
          ],
          [
            -0.45162077448237159,
            53.717395977965971
          ],
          [
            -0.45247412756062438,
            53.718224101068948
          ],
          [
            -0.4529044843615983,
            53.72019235668828
          ],
          [
            -0.46096383325531115,
            53.721830340108781
          ],
          [
            -0.4625663422220519,
            53.721891937662349
          ],
          [
            -0.46406989466564769,
            53.721727024127013
          ],
          [
            -0.46604853220772485,
            53.72103744022008
          ],
          [
            -0.46839263333333331,
            53.720344433333338
          ],
          [
            -0.46569392189337161,
            53.719078673334465
          ],
          [
            -0.46285147395185733,
            53.717845325708026
          ],
          [
            -0.45979026666666667,
            53.717181199999999
          ],
          [
            -0.45680403333333341,
            53.716628066666665
          ],
          [
            -0.45410149999999999,
            53.715733866666675
          ],
          [
            -0.45096324999999998,
            53.715411466666666
          ],
          [
            -0.44779413333333334,
            53.716055549999993
          ],
          [
            -0.44445486666666667,
            53.716653066666673
          ],
          [
            -0.44099076666666664,
            53.717262533333333
          ],
          [
            -0.43783341666666664,
            53.717874783333343
          ],
          [
            -0.43470911666666673,
            53.718444949999999
          ],
          [
            -0.43159358333333331,
            53.718998216666662
          ],
          [
            -0.42847740000000001,
            53.719450116666671
          ],
          [
            -0.42542294999999997,
            53.719754399999992
          ],
          [
            -0.42202849999999997,
            53.719913216666662
          ],
          [
            -0.41847366666666663,
            53.720220766666671
          ],
          [
            -0.41541953333333337,
            53.72077256666666
          ],
          [
            -0.4120600166666667,
            53.721326200000007
          ],
          [
            -0.40856463333333332,
            53.721890766666668
          ],
          [
            -0.4053911,
            53.722491933333337
          ],
          [
            -0.40225333333333335,
            53.723096283333341
          ],
          [
            -0.39873763333333329,
            53.723748549999996
          ],
          [
            -0.39503223333333337,
            53.724359116666669
          ],
          [
            -0.39166221666666667,
            53.724911599999992
          ],
          [
            -0.38834858333333333,
            53.725453116666664
          ],
          [
            -0.38509738333333332,
            53.725984449999999
          ],
          [
            -0.38188620000000001,
            53.726518599999999
          ],
          [
            -0.37881945,
            53.727186949999997
          ],
          [
            -0.37566346666666667,
            53.728061799999999
          ],
          [
            -0.37246666666666661,
            53.728963299999997
          ],
          [
            -0.36920911666666661,
            53.729878966666661
          ],
          [
            -0.36624401666666662,
            53.730665683333335
          ],
          [
            -0.36328205000000002,
            53.731320516666663
          ],
          [
            -0.36057829999999996,
            53.732033266666669
          ],
          [
            -0.35815333333333338,
            53.73283146666666
          ],
          [
            -0.35672720000000002,
            53.734288366666668
          ],
          [
            -0.35711803333333331,
            53.735740249999992
          ],
          [
            -0.35614926666666663,
            53.737020383333324
          ],
          [
            -0.35370363333333338,
            53.737563916666673
          ],
          [
            -0.35150391666666664,
            53.738008949999994
          ],
          [
            -0.34922791666666669,
            53.738594500000005
          ],
          [
            -0.34712033333333331,
            53.739222633333341
          ],
          [
            -0.34614600000000001,
            53.739516716666671
          ],
          [
            -0.34518626666666663,
            53.739809216666664
          ],
          [
            -0.34267966666666666,
            53.740573300000008
          ],
          [
            -0.34027218333333331,
            53.740875600000003
          ],
          [
            -0.33770584999999997,
            53.740811266666668
          ],
          [
            -0.33544078333333333,
            53.740700133333334
          ],
          [
            -0.33338670000000004,
            53.74043291666667
          ],
          [
            -0.33119749999999998,
            53.740657200000001
          ],
          [
            -0.32905258333333337,
            53.740989716666668
          ],
          [
            -0.32672250000000003,
            53.741741766666671
          ],
          [
            -0.32519310000000001,
            53.742824999999996
          ],
          [
            -0.32358759999999998,
            53.743685666666664
          ],
          [
            -0.32196801666666663,
            53.744036699999995
          ],
          [
            -0.32044513333333335,
            53.744241133333325
          ],
          [
            -0.31892478333333335,
            53.744437783333325
          ],
          [
            -0.31741893333333332,
            53.744618599999995
          ],
          [
            -0.31590670000000004,
            53.744901849999998
          ],
          [
            -0.31445274396803918,
            53.745386115654931
          ],
          [
            -0.31323754057845332,
            53.745779460085188
          ],
          [
            -0.31170101841862791,
            53.745804576533111
          ],
          [
            -0.31101968534005703,
            53.746651382937131
          ],
          [
            -0.30940653997670337,
            53.746989950536189
          ],
          [
            -0.30787157127668341,
            53.746900085197645
          ],
          [
            -0.30606493526867351,
            53.747250333522693
          ],
          [
            -0.30379582798191368,
            53.747398898739192
          ],
          [
            -0.30158721969889468,
            53.747406538241577
          ],
          [
            -0.29973994028849738,
            53.747196165402286
          ],
          [
            -0.29811969281113454,
            53.747108249311111
          ],
          [
            -0.29639138583520397,
            53.747475008280645
          ],
          [
            -0.2941373924242866,
            53.747671410599224
          ],
          [
            -0.292007926269855,
            53.747785104841093
          ],
          [
            -0.28993826488143448,
            53.747800549346508
          ],
          [
            -0.28803486359018537,
            53.747883009453695
          ],
          [
            -0.2864058851365982,
            53.748010823522826
          ],
          [
            -0.28484075636859241,
            53.747784521697504
          ],
          [
            -0.28458062368792697,
            53.74676383143472
          ],
          [
            -0.28518852866731537,
            53.746036250196511
          ],
          [
            -0.28531865716157639,
            53.744808189085141
          ],
          [
            -0.28541997363393978,
            53.743656871945916
          ],
          [
            -0.28542276280191192,
            53.74261787359346
          ],
          [
            -0.28158060000000001,
            53.74206791666667
          ],
          [
            -0.2848804923017933,
            53.742198831488082
          ],
          [
            -0.28325082094957849,
            53.741909448725792
          ],
          [
            -0.28173093128737131,
            53.741709271537466
          ],
          [
            -0.28025133132797519,
            53.741463579406215
          ],
          [
            -0.27425538333333332,
            53.737033666666669
          ],
          [
            -0.27342916666666667,
            53.736250016666666
          ],
          [
            -0.28227296666666668,
            53.744977599999991
          ],
          [
            -0.29085373333333331,
            53.752229766666673
          ],
          [
            -0.28730299999999998,
            53.750107449999994
          ],
          [
            -0.29332996666666666,
            53.756074500000004
          ],
          [
            -0.28988875000000003,
            53.752895000000002
          ],
          [
            -0.28790741666666664,
            53.751050383333329
          ],
          [
            -0.28524450000000001,
            53.748559566666671
          ],
          [
            -0.28313338333333332,
            53.746579183333338
          ],
          [
            -0.28141943333333336,
            53.744970633333338
          ],
          [
            -0.27988278333333333,
            53.743532166666668
          ],
          [
            -0.28004623921463784,
            53.741938057420477
          ],
          [
            -0.28002352290442822,
            53.741541134463205
          ]
        ]
      },
      "properties" : {
        "source" : "Geory 5.3.2",
        "type" : "route",
        "start" : "2026-04-14T22:00:00Z",
        "end" : "2026-04-15T21:59:59Z",
        "device" : "B9E47AEB-E54C-4563-96B6-06995DD4BC56 (iPhone 16 Pro)"
      },
      "type" : "Feature"
    }
  ]
}