{
  "features" : [
    {
      "geometry" : {
        "coordinates" : [
          -2.5067861803310612,
          56.654699779082037
        ],
        "type" : "Point"
      },
      "properties" : {
        "weather" : "Leichter Regen (13,0 °C)",
        "duration" : 26063.088565587997,
        "source" : "Geory 5.3.2",
        "device" : "B9E47AEB-E54C-4563-96B6-06995DD4BC56 (iPhone 16 Pro)",
        "departure" : "2026-09-17T05:51:40Z",
        "arrival" : "2026-09-16T22:37:17Z",
        "type" : "visit",
        "address" : "Foremans Cottage, Lunan Bay, Lunan, Inverkeilor, Arbroath, DD11 5ST, Schottland",
        "rating" : 0,
        "timestamp" : "2026-09-16T22:37:17Z"
      },
      "type" : "Feature"
    },
    {
      "properties" : {
        "arrival" : "2026-09-17T06:07:01Z",
        "departure" : "2026-09-17T06:37:04Z",
        "weather" : "Klarer Himmel (10,7 °C)",
        "timestamp" : "2026-09-17T06:07:01Z",
        "source" : "Geory 5.3.2",
        "duration" : 1803.6191811561584,
        "rating" : 0,
        "type" : "visit",
        "address" : "Lunan Bay Beach, Arbroath, DD11, Schottland",
        "device" : "B9E47AEB-E54C-4563-96B6-06995DD4BC56 (iPhone 16 Pro)"
      },
      "type" : "Feature",
      "geometry" : {
        "coordinates" : [
          -2.5012521998769413,
          56.65952834269558
        ],
        "type" : "Point"
      }
    },
    {
      "geometry" : {
        "type" : "Point",
        "coordinates" : [
          -2.5068706605534374,
          56.655932713378789
        ]
      },
      "type" : "Feature",
      "properties" : {
        "type" : "visit",
        "arrival" : "2026-09-17T06:41:46Z",
        "weather" : "Aufgelockert bewölkt (10,9 °C)",
        "rating" : 0,
        "device" : "B9E47AEB-E54C-4563-96B6-06995DD4BC56 (iPhone 16 Pro)",
        "departure" : "2026-09-17T10:11:37Z",
        "address" : "Arbroath, DD11, Schottland",
        "duration" : 12591.259905099869,
        "source" : "Geory 5.3.2",
        "timestamp" : "2026-09-17T06:41:46Z"
      }
    },
    {
      "type" : "Feature",
      "properties" : {
        "source" : "Geory 5.3.2",
        "departure" : "2026-09-17T11:13:46Z",
        "timestamp" : "2026-09-17T10:57:53Z",
        "address" : "Stonehaven, AB39, Schottland",
        "type" : "visit",
        "arrival" : "2026-09-17T10:57:53Z",
        "rating" : 0,
        "weather" : "Bedeckter Himmel (13,7 °C)",
        "device" : "B9E47AEB-E54C-4563-96B6-06995DD4BC56 (iPhone 16 Pro)",
        "duration" : 953.69584846496582
      },
      "geometry" : {
        "type" : "Point",
        "coordinates" : [
          -2.2052827120726279,
          56.946550071141324
        ]
      }
    },
    {
      "properties" : {
        "rating" : 0,
        "source" : "Geory 5.3.2",
        "departure" : "2026-09-17T11:56:44Z",
        "device" : "B9E47AEB-E54C-4563-96B6-06995DD4BC56 (iPhone 16 Pro)",
        "duration" : 2577.0000848770142,
        "arrival" : "2026-09-17T11:13:47Z",
        "timestamp" : "2026-09-17T11:13:47Z",
        "type" : "visit",
        "weather" : "Bedeckter Himmel (13,9 °C)",
        "address" : "Stonehaven, AB39, Schottland"
      },
      "geometry" : {
        "coordinates" : [
          -2.2006885229667841,
          56.945712577268282
        ],
        "type" : "Point"
      },
      "type" : "Feature"
    },
    {
      "geometry" : {
        "type" : "Point",
        "coordinates" : [
          -2.2053537506686158,
          56.946735536501606
        ]
      },
      "type" : "Feature",
      "properties" : {
        "device" : "B9E47AEB-E54C-4563-96B6-06995DD4BC56 (iPhone 16 Pro)",
        "arrival" : "2026-09-17T11:56:45Z",
        "rating" : 0,
        "type" : "visit",
        "duration" : 1347.0001335144043,
        "source" : "Geory 5.3.2",
        "address" : "Stonehaven, AB39, Schottland",
        "departure" : "2026-09-17T12:19:12Z",
        "timestamp" : "2026-09-17T11:56:45Z",
        "weather" : "Bedeckter Himmel (14,8 °C)"
      }
    },
    {
      "geometry" : {
        "type" : "Point",
        "coordinates" : [
          -2.2055802127627699,
          56.968353344481777
        ]
      },
      "properties" : {
        "departure" : "2026-09-17T13:32:35Z",
        "duration" : 3057.0012633800507,
        "timestamp" : "2026-09-17T12:41:37Z",
        "rating" : 0,
        "source" : "Geory 5.3.2",
        "type" : "visit",
        "address" : "Beach Road, Cowie, Stonehaven, AB39, Schottland",
        "arrival" : "2026-09-17T12:41:37Z",
        "weather" : "Bedeckter Himmel (15,8 °C)",
        "device" : "B9E47AEB-E54C-4563-96B6-06995DD4BC56 (iPhone 16 Pro)"
      },
      "type" : "Feature"
    },
    {
      "type" : "Feature",
      "geometry" : {
        "type" : "Point",
        "coordinates" : [
          -2.4927873099723539,
          57.318963897793644
        ]
      },
      "properties" : {
        "weather" : "Überwiegend bewölkt (14,9 °C)",
        "departure" : "2026-09-17T15:15:47Z",
        "duration" : 1151.9992301464081,
        "rating" : 0,
        "device" : "B9E47AEB-E54C-4563-96B6-06995DD4BC56 (iPhone 16 Pro)",
        "type" : "visit",
        "address" : "A96, Pitcaple, Inverurie, AB51, Schottland",
        "arrival" : "2026-09-17T14:56:35Z",
        "timestamp" : "2026-09-17T14:56:35Z",
        "source" : "Geory 5.3.2"
      }
    },
    {
      "geometry" : {
        "coordinates" : [
          -3.2803323583063726,
          57.720105816011326
        ],
        "type" : "Point"
      },
      "type" : "Feature",
      "properties" : {
        "rating" : 0,
        "type" : "visit",
        "source" : "Geory 5.3.2",
        "device" : "B9E47AEB-E54C-4563-96B6-06995DD4BC56 (iPhone 16 Pro)",
        "duration" : 1834.7100028991699,
        "timestamp" : "2026-09-17T16:54:24Z",
        "departure" : "2026-09-17T17:24:58Z",
        "address" : "Pitgaveny Street, Lossiemouth, IV31, Schottland",
        "arrival" : "2026-09-17T16:54:24Z",
        "weather" : "Bedeckter Himmel (14,1 °C)"
      }
    },
    {
      "properties" : {
        "timestamp" : "2026-09-17T17:37:47Z",
        "weather" : "Überwiegend bewölkt (13,6 °C)",
        "device" : "B9E47AEB-E54C-4563-96B6-06995DD4BC56 (iPhone 16 Pro)",
        "departure" : "2026-09-17T17:57:47Z",
        "type" : "visit",
        "address" : "Lossiemouth East Beach, Lossiemouth, IV31, Schottland",
        "rating" : 0,
        "arrival" : "2026-09-17T17:37:47Z",
        "source" : "Geory 5.3.2",
        "duration" : 1200.0003130435944
      },
      "type" : "Feature",
      "geometry" : {
        "type" : "Point",
        "coordinates" : [
          -3.2646707126177432,
          57.712816884835561
        ]
      }
    },
    {
      "geometry" : {
        "type" : "Point",
        "coordinates" : [
          -3.2818711747574567,
          57.719221143907077
        ]
      },
      "type" : "Feature",
      "properties" : {
        "rating" : 0,
        "arrival" : "2026-09-17T18:08:59Z",
        "device" : "B9E47AEB-E54C-4563-96B6-06995DD4BC56 (iPhone 16 Pro)",
        "timestamp" : "2026-09-17T18:08:59Z",
        "address" : "11–15 Clifton Road, Lossiemouth, IV31, Schottland",
        "source" : "Geory 5.3.2",
        "duration" : 14029.393273353577,
        "type" : "visit",
        "weather" : "Überwiegend bewölkt (12,9 °C)"
      }
    },
    {
      "type" : "Feature",
      "properties" : {
        "end" : "2026-09-17T22:02:40Z",
        "source" : "Geory 5.3.2",
        "type" : "route",
        "device" : "B9E47AEB-E54C-4563-96B6-06995DD4BC56 (iPhone 16 Pro)",
        "start" : "2026-09-16T23:00:00Z"
      },
      "geometry" : {
        "coordinates" : [
          [
            -3.2818711747574567,
            57.719221143907077
          ],
          [
            -3.2770384612174057,
            57.717722878670962
          ],
          [
            -3.2756685778727546,
            57.717188765508318
          ],
          [
            -3.2743522870055686,
            57.716637671185097
          ],
          [
            -3.2729958118988396,
            57.716102526516764
          ],
          [
            -3.2716119741437417,
            57.715587193410833
          ],
          [
            -3.2703096779176315,
            57.715013231839855
          ],
          [
            -3.2689928542805688,
            57.71445524432076
          ],
          [
            -3.2671119529414776,
            57.713701924815012
          ],
          [
            -3.2646707126177432,
            57.712816884835561
          ],
          [
            -3.2684142816470092,
            57.714080671822913
          ],
          [
            -3.2697461066845048,
            57.714637362574251
          ],
          [
            -3.2710605147555674,
            57.715201229227425
          ],
          [
            -3.2723446054858973,
            57.715783564670083
          ],
          [
            -3.2736850569826781,
            57.716324690446037
          ],
          [
            -3.2750276412158352,
            57.716874995696514
          ],
          [
            -3.2756752910281781,
            57.717166726558389
          ],
          [
            -3.2763961957224872,
            57.717405616585779
          ],
          [
            -3.2777916293781186,
            57.717906299304218
          ],
          [
            -3.2803323583063726,
            57.720105816011326
          ],
          [
            -3.2805131944095356,
            57.720906800264075
          ],
          [
            -3.2810504035890689,
            57.720003292774145
          ],
          [
            -3.2823373999435992,
            57.7193706263824
          ],
          [
            -3.2833820666666669,
            57.718658833333336
          ],
          [
            -3.2848898507097797,
            57.718185264872368
          ],
          [
            -3.2863247953721695,
            57.717707710367243
          ],
          [
            -3.2878480833333339,
            57.717191849999999
          ],
          [
            -3.2894391166666668,
            57.716688133333342
          ],
          [
            -3.2908059166666663,
            57.716066766666664
          ],
          [
            -3.2910532166666666,
            57.715076383333333
          ],
          [
            -3.2904622666666663,
            57.714009616666665
          ],
          [
            -3.2899241666666663,
            57.713044083333337
          ],
          [
            -3.2896976166666674,
            57.712130300000005
          ],
          [
            -3.2890745833333335,
            57.71124884999999
          ],
          [
            -3.288160833333333,
            57.710454183333333
          ],
          [
            -3.2869092666666671,
            57.709406199999997
          ],
          [
            -3.2853077000000006,
            57.708388716666668
          ],
          [
            -3.2831949166666665,
            57.707544533333341
          ],
          [
            -3.2807040833333332,
            57.706534766666664
          ],
          [
            -3.2782268666666661,
            57.705513699999997
          ],
          [
            -3.2757331833333336,
            57.704504383333344
          ],
          [
            -3.2728250999999999,
            57.703516350000008
          ],
          [
            -3.2700889499999999,
            57.702704516666671
          ],
          [
            -3.2673593999999997,
            57.701760216666663
          ],
          [
            -3.2645829499999999,
            57.700690349999995
          ],
          [
            -3.2618183666666662,
            57.69956018333334
          ],
          [
            -3.259243488258055,
            57.698526245959641
          ],
          [
            -3.2581211639802059,
            57.697059105071439
          ],
          [
            -3.2586664644113723,
            57.695584222611046
          ],
          [
            -3.2584035202710568,
            57.69416387417413
          ],
          [
            -3.2563763100341507,
            57.693052015704119
          ],
          [
            -3.255401468770871,
            57.691830549999999
          ],
          [
            -3.2554129730621248,
            57.690533380043874
          ],
          [
            -3.2558573534811006,
            57.689436027384033
          ],
          [
            -3.2546655500000008,
            57.688592966666661
          ],
          [
            -3.2530488333333332,
            57.6882813
          ],
          [
            -3.251511666666667,
            57.687122100000003
          ],
          [
            -3.2508506333333336,
            57.685660200000001
          ],
          [
            -3.2496672833333333,
            57.684341566666674
          ],
          [
            -3.2485343499999999,
            57.683104550000003
          ],
          [
            -3.2480193000000002,
            57.681947416666659
          ],
          [
            -3.2474067833333331,
            57.680451949999998
          ],
          [
            -3.2467274000000002,
            57.678775466666671
          ],
          [
            -3.246070566666666,
            57.677129250000007
          ],
          [
            -3.2454201333333335,
            57.675566550000006
          ],
          [
            -3.2454588499999999,
            57.674179083333335
          ],
          [
            -3.2466608999999997,
            57.672742400000004
          ],
          [
            -3.246966333333333,
            57.670991999999991
          ],
          [
            -3.2472136166666661,
            57.66935208333333
          ],
          [
            -3.2474550666666668,
            57.667734766666676
          ],
          [
            -3.2477439000000006,
            57.666080233333332
          ],
          [
            -3.2479462833333335,
            57.664626349999992
          ],
          [
            -3.2492963333333336,
            57.663019466666675
          ],
          [
            -3.2503102666666668,
            57.661363083333327
          ],
          [
            -3.2508819166666663,
            57.659557566666678
          ],
          [
            -3.2511680666666667,
            57.657929883333331
          ],
          [
            -3.2512967000000006,
            57.656228266666659
          ],
          [
            -3.25102475,
            57.654641099999992
          ],
          [
            -3.2507389500000001,
            57.652994999999997
          ],
          [
            -3.2506081000000004,
            57.652226299999995
          ],
          [
            -3.2504594166666663,
            57.651368516666665
          ],
          [
            -3.2501662666666666,
            57.649688966666659
          ],
          [
            -3.2499021999999997,
            57.648174266666665
          ],
          [
            -3.2496402666666664,
            57.646625499999999
          ],
          [
            -3.2481838000000001,
            57.645141416666668
          ],
          [
            -3.2473118544318775,
            57.643658707358526
          ],
          [
            -3.2474618500000001,
            57.642176383333329
          ],
          [
            -3.2476691803584834,
            57.64078370918029
          ],
          [
            -3.2477572666666665,
            57.639871899999996
          ],
          [
            -3.2479044166666662,
            57.638799766666665
          ],
          [
            -3.2479005833333332,
            57.637897050000007
          ],
          [
            -3.2449083666666669,
            57.637414400000004
          ],
          [
            -3.2415248500000002,
            57.636899849999999
          ],
          [
            -3.2382126000000002,
            57.636394416666661
          ],
          [
            -3.2352209166666661,
            57.635949433333323
          ],
          [
            -3.2335895166666671,
            57.635595349999996
          ],
          [
            -3.2303107666666664,
            57.634578250000004
          ],
          [
            -3.226709416666667,
            57.633968133333333
          ],
          [
            -3.2232473499999998,
            57.633611549999998
          ],
          [
            -3.2197988833333331,
            57.633276899999991
          ],
          [
            -3.2169946666666669,
            57.633015083333333
          ],
          [
            -3.215062666666666,
            57.632840666666674
          ],
          [
            -3.2117529333333334,
            57.632637166666669
          ],
          [
            -3.2081179500000001,
            57.632575433333336
          ],
          [
            -3.204613866666667,
            57.632850966666666
          ],
          [
            -3.2008531333333337,
            57.633292766666671
          ],
          [
            -3.1971039333333335,
            57.633736833333323
          ],
          [
            -3.1937736166666668,
            57.634115883333337
          ],
          [
            -3.18985655,
            57.634058000000003
          ],
          [
            -3.1860347166666663,
            57.633163383333333
          ],
          [
            -3.1821321999999999,
            57.632140233333331
          ],
          [
            -3.1783289166666662,
            57.631413499999987
          ],
          [
            -3.1746917166666662,
            57.630644299999993
          ],
          [
            -3.1713911833333337,
            57.629319566666666
          ],
          [
            -3.1680527166666668,
            57.627984500000004
          ],
          [
            -3.1643860333333329,
            57.627380466666672
          ],
          [
            -3.1607284666666668,
            57.62704093333334
          ],
          [
            -3.1567492833333337,
            57.626708749999999
          ],
          [
            -3.1531527500000003,
            57.626506283333342
          ],
          [
            -3.1493225666666671,
            57.626566883333332
          ],
          [
            -3.145766416666667,
            57.626625400000002
          ],
          [
            -3.1434763000000006,
            57.626549533333339
          ],
          [
            -3.1414590000000002,
            57.625908433333343
          ],
          [
            -3.1388288999999996,
            57.624477616666674
          ],
          [
            -3.1351013333333335,
            57.623439133333335
          ],
          [
            -3.1309193333333334,
            57.623087216666669
          ],
          [
            -3.1271063499999996,
            57.62295756666667
          ],
          [
            -3.1233685833333333,
            57.622827366666662
          ],
          [
            -3.1196841333333332,
            57.622696216666661
          ],
          [
            -3.1167721666666663,
            57.622600733333336
          ],
          [
            -3.1150545833333334,
            57.622462116666675
          ],
          [
            -3.1129948833333336,
            57.622448183333333
          ],
          [
            -3.1106794499999997,
            57.622203566666663
          ],
          [
            -3.109022466666667,
            57.621812566666662
          ],
          [
            -3.1074262000000004,
            57.621177866666663
          ],
          [
            -3.1062231666666666,
            57.620493916666668
          ],
          [
            -3.10486905,
            57.619711099999996
          ],
          [
            -3.1029865101349619,
            57.618535495252466
          ],
          [
            -3.1008031229933759,
            57.617163363909683
          ],
          [
            -3.0996018666666667,
            57.616587383333339
          ],
          [
            -3.0961894166666668,
            57.615557766666669
          ],
          [
            -3.0926685000000003,
            57.614595783333336
          ],
          [
            -3.0893948333333334,
            57.613701949999992
          ],
          [
            -3.0865395666666657,
            57.612787133333335
          ],
          [
            -3.0850770999999999,
            57.611694833333331
          ],
          [
            -3.08416895,
            57.610810600000001
          ],
          [
            -3.0811132833333335,
            57.611663500000006
          ],
          [
            -3.0779443808838969,
            57.61263081806414
          ],
          [
            -3.0749733308998333,
            57.613404867177977
          ],
          [
            -3.0719837166666668,
            57.614138616666672
          ],
          [
            -3.0694374999999994,
            57.615078399999994
          ],
          [
            -3.0670366166666665,
            57.615862299999989
          ],
          [
            -3.0653023666666663,
            57.617137916666664
          ],
          [
            -3.062426083333333,
            57.61776840000001
          ],
          [
            -3.059911416666667,
            57.619138450000001
          ],
          [
            -3.0573392333333338,
            57.620696416666668
          ],
          [
            -3.0548861833333332,
            57.622402300000005
          ],
          [
            -3.052675883333333,
            57.623910949999996
          ],
          [
            -3.0502786166666671,
            57.625282516666665
          ],
          [
            -3.0476114166666668,
            57.626516883333338
          ],
          [
            -3.0449871666666666,
            57.627830549999999
          ],
          [
            -3.0425143833333332,
            57.629062099999992
          ],
          [
            -3.0404805499999998,
            57.630667783333337
          ],
          [
            -3.0389152166666662,
            57.632225683333338
          ],
          [
            -3.0377395333333328,
            57.633732200000004
          ],
          [
            -3.0358744500000001,
            57.635062883333326
          ],
          [
            -3.0344821666666673,
            57.636396699999992
          ],
          [
            -3.0339728999999998,
            57.63785776666667
          ],
          [
            -3.0323115499999997,
            57.639445933333334
          ],
          [
            -3.0303878666666662,
            57.641099666666662
          ],
          [
            -3.0283291333333335,
            57.642585183333324
          ],
          [
            -3.0252214166666667,
            57.643719599999997
          ],
          [
            -3.0219583499999998,
            57.644778349999996
          ],
          [
            -3.0190944000000002,
            57.64570663333334
          ],
          [
            -3.0167705999999996,
            57.64645068333332
          ],
          [
            -3.0152460333333333,
            57.646911950000003
          ],
          [
            -3.01539695,
            57.648175366666656
          ],
          [
            -3.0149652833333334,
            57.649660566666668
          ],
          [
            -3.0146362500000001,
            57.65125068333333
          ],
          [
            -3.0148365666666668,
            57.652905833333335
          ],
          [
            -3.0152119333333331,
            57.654255550000002
          ],
          [
            -3.0157063666666666,
            57.655514350000004
          ],
          [
            -3.01619635,
            57.656780533333325
          ],
          [
            -3.0166732333333326,
            57.658224950000005
          ],
          [
            -3.0169567000000002,
            57.659497916666666
          ],
          [
            -3.0171557499999997,
            57.660508066666672
          ],
          [
            -3.0179203999999995,
            57.661329766666661
          ],
          [
            -3.0190495499999996,
            57.662120850000001
          ],
          [
            -3.0198440666666668,
            57.66299983333333
          ],
          [
            -3.0211105833333334,
            57.663645849999995
          ],
          [
            -3.0235214562723476,
            57.663651844984642
          ],
          [
            -3.0266057666666666,
            57.663542283333335
          ],
          [
            -3.0249260833333333,
            57.663605700000005
          ],
          [
            -3.0231807833333333,
            57.663634283333344
          ],
          [
            -3.0214777999999995,
            57.663643783333328
          ],
          [
            -3.0199774000000001,
            57.663147700000003
          ],
          [
            -3.0192907166666667,
            57.662273033333328
          ],
          [
            -3.0180986666666665,
            57.66155478333333
          ],
          [
            -3.0172244499999992,
            57.660648083333335
          ],
          [
            -3.0169074999999999,
            57.659105533333332
          ],
          [
            -3.0165217166666674,
            57.657552883333331
          ],
          [
            -3.0159841333333333,
            57.656055466666672
          ],
          [
            -3.0155189,
            57.654855083333331
          ],
          [
            -3.0149891666666671,
            57.653394783333333
          ],
          [
            -3.0148022333333331,
            57.651958600000007
          ],
          [
            -3.0147483833333335,
            57.65063068333334
          ],
          [
            -3.0151430500000003,
            57.649280600000004
          ],
          [
            -3.0154565833333331,
            57.648142966666668
          ],
          [
            -3.0153574000000001,
            57.647186849999997
          ],
          [
            -3.0155164500000002,
            57.645903033333333
          ],
          [
            -3.0141455499999998,
            57.644337533333328
          ],
          [
            -3.0121142000000005,
            57.64303353333333
          ],
          [
            -3.0111224000000001,
            57.642393583333323
          ],
          [
            -3.0101325166666668,
            57.641596799999995
          ],
          [
            -3.0094167000000001,
            57.639914683333338
          ],
          [
            -3.0089585166666666,
            57.638156716666657
          ],
          [
            -3.0084751984141356,
            57.636265709696644
          ],
          [
            -3.0092376449521878,
            57.634312302206588
          ],
          [
            -3.0094452833333327,
            57.632590066666673
          ],
          [
            -3.0091036166666667,
            57.631053183333343
          ],
          [
            -3.0088016,
            57.629361466666658
          ],
          [
            -3.0087048666666663,
            57.627763699999996
          ],
          [
            -3.0086658592280213,
            57.626386644194987
          ],
          [
            -3.0097687166666662,
            57.62500046666667
          ],
          [
            -3.0093268000000006,
            57.623342900000004
          ],
          [
            -3.0078926666666672,
            57.621950783333325
          ],
          [
            -3.0066852499999999,
            57.620771133333328
          ],
          [
            -3.0057290500000002,
            57.61941234999999
          ],
          [
            -3.004688733333333,
            57.617724266666663
          ],
          [
            -3.0039174333333336,
            57.61645621666667
          ],
          [
            -3.0048848236180521,
            57.614954963842976
          ],
          [
            -3.0068236050916473,
            57.613717469649622
          ],
          [
            -3.0084126333333328,
            57.612613933333328
          ],
          [
            -3.008956383333333,
            57.610881516666666
          ],
          [
            -3.0087939116129698,
            57.609156865047773
          ],
          [
            -3.0086133666666663,
            57.607478033333336
          ],
          [
            -3.0083656333333333,
            57.605762800000001
          ],
          [
            -3.0075693000000001,
            57.604403249999997
          ],
          [
            -3.0052857333333329,
            57.603292716666658
          ],
          [
            -3.0035167666666664,
            57.602046450000003
          ],
          [
            -3.0026050500000001,
            57.600623166666679
          ],
          [
            -3.0016652000000001,
            57.598969250000003
          ],
          [
            -3.0005241666666667,
            57.597956700000005
          ],
          [
            -3.0002333500000002,
            57.59686911666666
          ],
          [
            -3.0008371999999999,
            57.595346633333335
          ],
          [
            -3.0010138666666668,
            57.593712000000004
          ],
          [
            -3.0010898666666663,
            57.59217855
          ],
          [
            -3.0011693999999998,
            57.591072133333334
          ],
          [
            -3.0022114166666665,
            57.58979076666666
          ],
          [
            -3.0024476833333331,
            57.588274500000004
          ],
          [
            -3.0032312499999998,
            57.5865486
          ],
          [
            -3.0038759166666664,
            57.584795216666663
          ],
          [
            -3.0043522002526148,
            57.582877215435708
          ],
          [
            -3.004733220124963,
            57.580955746270831
          ],
          [
            -3.0041807995286236,
            57.579027915515475
          ],
          [
            -3.0033201336311932,
            57.577283296582983
          ],
          [
            -3.003020933333334,
            57.575423450000002
          ],
          [
            -3.0027717121891775,
            57.573534920439094
          ],
          [
            -3.0024400322021911,
            57.571758061338159
          ],
          [
            -3.0020168418375932,
            57.570085755093729
          ],
          [
            -3.0013077611956729,
            57.568518229708189
          ],
          [
            -3.0008219499999997,
            57.567071133333336
          ],
          [
            -3.0001305833333336,
            57.565532616666665
          ],
          [
            -2.9992402999999999,
            57.564147216666669
          ],
          [
            -2.9979942666666668,
            57.562545916666672
          ],
          [
            -2.9973343333333333,
            57.560888466666661
          ],
          [
            -2.997423383333333,
            57.559361183333337
          ],
          [
            -2.998052233333333,
            57.558003666666679
          ],
          [
            -2.9986215333333326,
            57.557085433333334
          ],
          [
            -2.9987516833333334,
            57.556525633333337
          ],
          [
            -2.9977982666666665,
            57.556276516666671
          ],
          [
            -2.9950787499999998,
            57.555445866666666
          ],
          [
            -2.9926511666666666,
            57.554313500000006
          ],
          [
            -2.9900226833333332,
            57.553354599999999
          ],
          [
            -2.9877715500000002,
            57.552212350000005
          ],
          [
            -2.9877045166666667,
            57.550364833333326
          ],
          [
            -2.9859508666666672,
            57.548954133333332
          ],
          [
            -2.9828493999999997,
            57.548274700000007
          ],
          [
            -2.9794603833333335,
            57.547785249999997
          ],
          [
            -2.9762738666666668,
            57.547298900000001
          ],
          [
            -2.9741905166666669,
            57.546516799999999
          ],
          [
            -2.9714543999999998,
            57.546500049999999
          ],
          [
            -2.9688260333333338,
            57.546909033333336
          ],
          [
            -2.9666648499999999,
            57.546698433333326
          ],
          [
            -2.9648718999999999,
            57.546264016666662
          ],
          [
            -2.9635665499999999,
            57.545557699999996
          ],
          [
            -2.9620536666666673,
            57.54492823333333
          ],
          [
            -2.9605043666666666,
            57.54448155
          ],
          [
            -2.9589392833333337,
            57.544034099999998
          ],
          [
            -2.9572319166666667,
            57.543541233333322
          ],
          [
            -2.9554971000000001,
            57.543270950000007
          ],
          [
            -2.9536585166666667,
            57.543392783333339
          ],
          [
            -2.9518053833333333,
            57.543428900000002
          ],
          [
            -2.9501312500000001,
            57.54317811666666
          ],
          [
            -2.9484694394876527,
            57.542841395339124
          ],
          [
            -2.9481031333333334,
            57.541890899999999
          ],
          [
            -2.9482568833333334,
            57.541065566666674
          ],
          [
            -2.9484250666666671,
            57.540150416666663
          ],
          [
            -2.9485924000000003,
            57.539212349999993
          ],
          [
            -2.9487911166666665,
            57.538143933333338
          ],
          [
            -2.9489762000000002,
            57.537059133333329
          ],
          [
            -2.9489672000000002,
            57.535600400000007
          ],
          [
            -2.9473619166666669,
            57.53386896666666
          ],
          [
            -2.9443962166666662,
            57.532894450000008
          ],
          [
            -2.9420250000000001,
            57.531573200000004
          ],
          [
            -2.9401557666666673,
            57.529973933333338
          ],
          [
            -2.9370732500000001,
            57.528849033333337
          ],
          [
            -2.9343512000000005,
            57.527699299999995
          ],
          [
            -2.9320969333333333,
            57.526232666666658
          ],
          [
            -2.9303106333333329,
            57.524530516666658
          ],
          [
            -2.9288066666666666,
            57.522631683333337
          ],
          [
            -2.9282477500000001,
            57.520459366666664
          ],
          [
            -2.9278185833333334,
            57.518187066666655
          ],
          [
            -2.9279648333333332,
            57.515872900000005
          ],
          [
            -2.9283772999999997,
            57.513882500000001
          ],
          [
            -2.9298916999999998,
            57.511871599999999
          ],
          [
            -2.9321137666666668,
            57.510158300000001
          ],
          [
            -2.9341607999999995,
            57.508497699999999
          ],
          [
            -2.9352103,
            57.506445183333334
          ],
          [
            -2.9339897499999998,
            57.504539749999999
          ],
          [
            -2.932509416666667,
            57.503758666666663
          ],
          [
            -2.9310448666666669,
            57.503320500000008
          ],
          [
            -2.9277251333333334,
            57.502589833333332
          ],
          [
            -2.9241113500000004,
            57.501953366666669
          ],
          [
            -2.9200626999999999,
            57.501429333333327
          ],
          [
            -2.9157901666666666,
            57.501026866666678
          ],
          [
            -2.9115058,
            57.500639716666669
          ],
          [
            -2.907289833333333,
            57.500190616666664
          ],
          [
            -2.9036027166666667,
            57.499683583333344
          ],
          [
            -2.8996100166666667,
            57.499002950000012
          ],
          [
            -2.8959348,
            57.498328916666665
          ],
          [
            -2.8920135333333334,
            57.497453833333338
          ],
          [
            -2.8881945333333334,
            57.496416516666677
          ],
          [
            -2.8843938000000002,
            57.495210566666671
          ],
          [
            -2.8808628666666669,
            57.494204866666664
          ],
          [
            -2.8771824666666665,
            57.493764016666667
          ],
          [
            -2.8732500333333331,
            57.493416999999994
          ],
          [
            -2.8695331999999998,
            57.492836566666668
          ],
          [
            -2.8675549666666669,
            57.49136695
          ],
          [
            -2.866058433333333,
            57.489677916666672
          ],
          [
            -2.8625657166666665,
            57.488454399999995
          ],
          [
            -2.8593052333333335,
            57.48737684999999
          ],
          [
            -2.8571329999999997,
            57.485684000000006
          ],
          [
            -2.8561236833333337,
            57.483596500000012
          ],
          [
            -2.8556398666666665,
            57.481484766666668
          ],
          [
            -2.8532322666666667,
            57.47957053333333
          ],
          [
            -2.8507084333333337,
            57.477634666666667
          ],
          [
            -2.8482953833333333,
            57.475793700000004
          ],
          [
            -2.8452435333333335,
            57.474244883333327
          ],
          [
            -2.8442957999999998,
            57.473861583333338
          ],
          [
            -2.84206855,
            57.472930433333339
          ],
          [
            -2.8383858500000003,
            57.47148656666667
          ],
          [
            -2.8356520166666663,
            57.469924300000002
          ],
          [
            -2.8337823833333333,
            57.467802883333327
          ],
          [
            -2.8318782333333332,
            57.466028333333334
          ],
          [
            -2.8289125255239456,
            57.464818183706122
          ],
          [
            -2.8264702266940782,
            57.46320769596155
          ],
          [
            -2.825195838877574,
            57.461227690467183
          ],
          [
            -2.8234675999999994,
            57.459577083333336
          ],
          [
            -2.8201779000000005,
            57.458405116666668
          ],
          [
            -2.816502583333333,
            57.457528599999996
          ],
          [
            -2.81315575,
            57.45639323333333
          ],
          [
            -2.8101718833333331,
            57.455109216666671
          ],
          [
            -2.8077379166666665,
            57.453381999999998
          ],
          [
            -2.8062885,
            57.451541016666667
          ],
          [
            -2.8054706833333332,
            57.449505683333335
          ],
          [
            -2.8047940166666669,
            57.447641349999998
          ],
          [
            -2.8038732833333335,
            57.445617550000001
          ],
          [
            -2.801877783333333,
            57.44372576666666
          ],
          [
            -2.7993101833333331,
            57.44237785
          ],
          [
            -2.7969494666666668,
            57.441670233333326
          ],
          [
            -2.7954557833333333,
            57.441148733333328
          ],
          [
            -2.7927190333333334,
            57.441096950000002
          ],
          [
            -2.7892817166666668,
            57.441075249999997
          ],
          [
            -2.7858216166666665,
            57.441095766666663
          ],
          [
            -2.7824559166666667,
            57.441119933333326
          ],
          [
            -2.7787768833333333,
            57.441136783333334
          ],
          [
            -2.7748992833333332,
            57.44115
          ],
          [
            -2.771298166666667,
            57.440986616666663
          ],
          [
            -2.7678828499999999,
            57.440658666666664
          ],
          [
            -2.7644875833333336,
            57.440187133333332
          ],
          [
            -2.76083145,
            57.439689000000001
          ],
          [
            -2.7576248833333334,
            57.439020283333335
          ],
          [
            -2.7546137500000003,
            57.437682250000009
          ],
          [
            -2.7527872666666666,
            57.435972233333331
          ],
          [
            -2.7513549000000004,
            57.434003416666677
          ],
          [
            -2.7486867999999998,
            57.432296366666662
          ],
          [
            -2.7453346999999999,
            57.431214066666676
          ],
          [
            -2.7423121166666666,
            57.430045016666661
          ],
          [
            -2.7394515166666662,
            57.428565333333331
          ],
          [
            -2.7364334333333331,
            57.42706341666667
          ],
          [
            -2.7333698833333337,
            57.425522633333337
          ],
          [
            -2.730442833333333,
            57.424040083333331
          ],
          [
            -2.72742335,
            57.422507216666659
          ],
          [
            -2.7249187000000004,
            57.420865233333338
          ],
          [
            -2.7228346166666668,
            57.418773633333331
          ],
          [
            -2.7215356666666666,
            57.416746266666664
          ],
          [
            -2.7194815333333331,
            57.414884800000003
          ],
          [
            -2.7157626666666665,
            57.414027733333327
          ],
          [
            -2.7121568333333332,
            57.4129535
          ],
          [
            -2.7100169166666661,
            57.411179583333329
          ],
          [
            -2.7077910833333334,
            57.409362949999995
          ],
          [
            -2.7045747166666665,
            57.408041783333324
          ],
          [
            -2.7011878500000002,
            57.407312433333331
          ],
          [
            -2.6978160666666664,
            57.406297266666662
          ],
          [
            -2.6947043333333336,
            57.404878533333338
          ],
          [
            -2.6921922833333332,
            57.403074416666676
          ],
          [
            -2.6921922833333332,
            57.403074416666676
          ],
          [
            -2.6892558499999999,
            57.401471266666668
          ],
          [
            -2.6853710089929828,
            57.400832302007963
          ],
          [
            -2.6811011132060294,
            57.400660376417918
          ],
          [
            -2.6772610166666668,
            57.400888866666669
          ],
          [
            -2.6738691833333332,
            57.401470699999997
          ],
          [
            -2.6706026666666669,
            57.402364033333335
          ],
          [
            -2.6672500000000001,
            57.403163799999987
          ],
          [
            -2.6636339499999999,
            57.403511166666675
          ],
          [
            -2.6598597166666669,
            57.403555666666669
          ],
          [
            -2.6565986166666669,
            57.403115516666666
          ],
          [
            -2.6531972499999998,
            57.403292266666661
          ],
          [
            -2.6498951833333333,
            57.403476950000005
          ],
          [
            -2.6470801833333337,
            57.402710166666672
          ],
          [
            -2.6441515999999998,
            57.40176451666666
          ],
          [
            -2.6408486999999998,
            57.400874066666667
          ],
          [
            -2.6377622000000005,
            57.400053750000005
          ],
          [
            -2.6341912333333335,
            57.399751699999996
          ],
          [
            -2.6309277666666668,
            57.399186333333333
          ],
          [
            -2.6274106833333337,
            57.39849250000001
          ],
          [
            -2.6235260166666667,
            57.397861633333328
          ],
          [
            -2.6199507833333331,
            57.397564449999997
          ],
          [
            -2.6164697333333335,
            57.397599416666658
          ],
          [
            -2.6131408999999999,
            57.39794096666666
          ],
          [
            -2.6098176000000004,
            57.398718466666665
          ],
          [
            -2.6065884333333336,
            57.399390416666662
          ],
          [
            -2.6029512333333331,
            57.399514066666669
          ],
          [
            -2.5995521999999998,
            57.398798750000005
          ],
          [
            -2.5968746,
            57.397104000000006
          ],
          [
            -2.5955183595037044,
            57.395451870832176
          ],
          [
            -2.5948823279749709,
            57.393498104235881
          ],
          [
            -2.5952097333333333,
            57.391457233333327
          ],
          [
            -2.5956651333333336,
            57.389505066666672
          ],
          [
            -2.5957466666666669,
            57.387443050000002
          ],
          [
            -2.5957190000000003,
            57.385421600000008
          ],
          [
            -2.5957575333333334,
            57.383172783333343
          ],
          [
            -2.595730783333333,
            57.380983116666663
          ],
          [
            -2.5959401166666667,
            57.37885033333334
          ],
          [
            -2.5962407333333331,
            57.376701750000002
          ],
          [
            -2.5957947166666666,
            57.3748863
          ],
          [
            -2.5945324333333333,
            57.373045966666659
          ],
          [
            -2.5933684666666665,
            57.371084166666662
          ],
          [
            -2.5915034000000001,
            57.369469066666667
          ],
          [
            -2.5894931333333333,
            57.367851266666669
          ],
          [
            -2.5875474333333335,
            57.36616621666667
          ],
          [
            -2.5856261333333328,
            57.364406116666665
          ],
          [
            -2.5838963666666666,
            57.362811066666666
          ],
          [
            -2.5822115333333335,
            57.361258883333328
          ],
          [
            -2.5803526999999997,
            57.359551750000001
          ],
          [
            -2.5783301333333335,
            57.358062750000002
          ],
          [
            -2.5756127666666666,
            57.357131500000001
          ],
          [
            -2.5725721666666668,
            57.356215749999997
          ],
          [
            -2.5701375166666667,
            57.354856033333327
          ],
          [
            -2.5672272333333335,
            57.353780516666667
          ],
          [
            -2.5642432666666664,
            57.352975699999995
          ],
          [
            -2.5611543000000005,
            57.352119049999999
          ],
          [
            -2.55933805,
            57.351360499999991
          ],
          [
            -2.5582639,
            57.350908899999993
          ],
          [
            -2.5557530166666664,
            57.349814866666669
          ],
          [
            -2.5536482333333335,
            57.348138066666657
          ],
          [
            -2.5520008333333331,
            57.346324566666659
          ],
          [
            -2.5500812166666669,
            57.344939733333327
          ],
          [
            -2.5482976833333337,
            57.343459699999997
          ],
          [
            -2.5469565166666666,
            57.341693749999997
          ],
          [
            -2.5456455166666667,
            57.340076216666667
          ],
          [
            -2.5437688666666669,
            57.338350533333333
          ],
          [
            -2.5420470499999999,
            57.336808116666667
          ],
          [
            -2.5398203499999998,
            57.335555866666667
          ],
          [
            -2.537137683333333,
            57.334536433333341
          ],
          [
            -2.5341596333333332,
            57.333981800000004
          ],
          [
            -2.5308048833333334,
            57.333731116666669
          ],
          [
            -2.5278881166666665,
            57.333337133333337
          ],
          [
            -2.5250476000000002,
            57.332471733333328
          ],
          [
            -2.5225366833333331,
            57.331517666666663
          ],
          [
            -2.5205074178031617,
            57.330349197726044
          ],
          [
            -2.5198211233692178,
            57.328995297912456
          ],
          [
            -2.5191782569084813,
            57.328107719611992
          ],
          [
            -2.5183293759502194,
            57.327089066944744
          ],
          [
            -2.5169847075537568,
            57.325680582259452
          ],
          [
            -2.5154526875801322,
            57.324399715011637
          ],
          [
            -2.5139791554808286,
            57.323149637462159
          ],
          [
            -2.5122894426723099,
            57.321775270902044
          ],
          [
            -2.5107776333333334,
            57.320634299999995
          ],
          [
            -2.5077175833333332,
            57.320117533333331
          ],
          [
            -2.5052506985041116,
            57.320152675493439
          ],
          [
            -2.5017454000000003,
            57.320301866666654
          ],
          [
            -2.5008016999999998,
            57.320327600000006
          ],
          [
            -2.4982724179627622,
            57.320342703988238
          ],
          [
            -2.4955739703653848,
            57.319901032050232
          ],
          [
            -2.4927873099723539,
            57.318963897793644
          ],
          [
            -2.4724305166666665,
            57.319282333333327
          ],
          [
            -2.4689282499999998,
            57.319154799999993
          ],
          [
            -2.4655123833333334,
            57.319442183333329
          ],
          [
            -2.4629706401853153,
            57.32029877664371
          ],
          [
            -2.4611917161473045,
            57.321125156949563
          ],
          [
            -2.458547840832594,
            57.321780316401089
          ],
          [
            -2.4561197414089952,
            57.322573344640162
          ],
          [
            -2.4530114087184667,
            57.322575955840264
          ],
          [
            -2.4498607450513958,
            57.322240753709544
          ],
          [
            -2.4463838585903535,
            57.321732279896885
          ],
          [
            -2.4452925273951012,
            57.321297638786511
          ],
          [
            -2.4433978847982418,
            57.320510981986843
          ],
          [
            -2.4406330332182704,
            57.319214863887112
          ],
          [
            -2.4376576833333332,
            57.317873616666667
          ],
          [
            -2.4346658669354326,
            57.316642549178049
          ],
          [
            -2.4334595166666668,
            57.314726166666667
          ],
          [
            -2.4341483333333338,
            57.312496250000002
          ],
          [
            -2.4343382,
            57.310394766666668
          ],
          [
            -2.4342436000000003,
            57.308406716666667
          ],
          [
            -2.4336655500000002,
            57.306345350000008
          ],
          [
            -2.4325712666666668,
            57.304365583333336
          ],
          [
            -2.4309867833333332,
            57.302491333333336
          ],
          [
            -2.429010287863095,
            57.30095395928754
          ],
          [
            -2.4265673982435714,
            57.299277076049108
          ],
          [
            -2.4237365999999998,
            57.297940749999995
          ],
          [
            -2.4203568833333335,
            57.29685503333333
          ],
          [
            -2.4168378421900232,
            57.296025128422812
          ],
          [
            -2.413311392839419,
            57.295034472764108
          ],
          [
            -2.4102970830186989,
            57.293874780556862
          ],
          [
            -2.4078018320703469,
            57.29258250320823
          ],
          [
            -2.4056531940771757,
            57.291123607191807
          ],
          [
            -2.4037593292367401,
            57.28932388024657
          ],
          [
            -2.4019489447630158,
            57.287390789780304
          ],
          [
            -2.4000433548591196,
            57.285815287195732
          ],
          [
            -2.3987588500000001,
            57.284874733333332
          ],
          [
            -2.3982129455824106,
            57.28395822375942
          ],
          [
            -2.3963774166666663,
            57.284376949999988
          ],
          [
            -2.3946571307236293,
            57.284228798405181
          ],
          [
            -2.3946571307236293,
            57.284228798405181
          ],
          [
            -2.3929578999999999,
            57.284078049999998
          ],
          [
            -2.3912468333333332,
            57.28391396666666
          ],
          [
            -2.3893992166666669,
            57.283743066666666
          ],
          [
            -2.3872138833333332,
            57.283567383333335
          ],
          [
            -2.3852058333333335,
            57.283902216666668
          ],
          [
            -2.3833766000000005,
            57.284315133333337
          ],
          [
            -2.3817616166666666,
            57.284637183333338
          ],
          [
            -2.3801849852811006,
            57.284915867916695
          ],
          [
            -2.37850435,
            57.284662366666666
          ],
          [
            -2.3768978000000001,
            57.284406066666669
          ],
          [
            -2.3752532166666667,
            57.284163833333331
          ],
          [
            -2.3737426358595357,
            57.284569936842672
          ],
          [
            -2.37361116254506,
            57.285512234945884
          ],
          [
            -2.3721238499999995,
            57.2860376
          ],
          [
            -2.3708687500000001,
            57.286766700000001
          ],
          [
            -2.3698845667463924,
            57.287509203710059
          ],
          [
            -2.3715387062106896,
            57.287860976180362
          ],
          [
            -2.3732719144742029,
            57.288232105965243
          ],
          [
            -2.3741660753143408,
            57.288478835469448
          ],
          [
            -2.374859321316436,
            57.288729408775993
          ],
          [
            -2.376102869545333,
            57.289432232364661
          ],
          [
            -2.3773127499999998,
            57.290288866666671
          ],
          [
            -2.3791850000921659,
            57.292301775714158
          ],
          [
            -2.3798714420969569,
            57.291805895539127
          ],
          [
            -2.3787148409182342,
            57.291124346805219
          ],
          [
            -2.3774271712006829,
            57.290331541667491
          ],
          [
            -2.3761841166666668,
            57.289459533333336
          ],
          [
            -2.3749068333333332,
            57.288721299999999
          ],
          [
            -2.3734660499999998,
            57.288241800000002
          ],
          [
            -2.3716754166666663,
            57.287850766666665
          ],
          [
            -2.3700440335131905,
            57.287473921612232
          ],
          [
            -2.3710232718884137,
            57.286711091636384
          ],
          [
            -2.3722324090968656,
            57.285981073851559
          ],
          [
            -2.3737151854521024,
            57.285494325533747
          ],
          [
            -2.3738105262041573,
            57.2845499847243
          ],
          [
            -2.3738802999999997,
            57.28364293333334
          ],
          [
            -2.37336309362543,
            57.282533114082874
          ],
          [
            -2.3728995303648235,
            57.28166533789517
          ],
          [
            -2.3724990193463569,
            57.280790086677214
          ],
          [
            -2.3720809166250341,
            57.27985989268597
          ],
          [
            -2.3715670627560757,
            57.278971405890012
          ],
          [
            -2.3709324666666665,
            57.278117249999994
          ],
          [
            -2.3707984333333334,
            57.277169883333336
          ],
          [
            -2.3722061000000001,
            57.276667683333336
          ],
          [
            -2.3727204151381613,
            57.275468423040252
          ],
          [
            -2.372484624844422,
            57.274830869925822
          ],
          [
            -2.3720886363569047,
            57.273770140566072
          ],
          [
            -2.3714830632792814,
            57.272777954517551
          ],
          [
            -2.3706505433166511,
            57.271924766986004
          ],
          [
            -2.3700586000000001,
            57.271044766666662
          ],
          [
            -2.3694739333333334,
            57.270052333333332
          ],
          [
            -2.3692375833333337,
            57.268878233333332
          ],
          [
            -2.3702842833333335,
            57.268032266666658
          ],
          [
            -2.3720182666666667,
            57.26773763333334
          ],
          [
            -2.3715598,
            57.266143833333338
          ],
          [
            -2.3715888000000001,
            57.264218266666667
          ],
          [
            -2.3714689500000001,
            57.262255933333336
          ],
          [
            -2.3709671999999995,
            57.260453616666666
          ],
          [
            -2.3701611666666662,
            57.258905900000002
          ],
          [
            -2.3693731333333332,
            57.257803683333329
          ],
          [
            -2.3684207499999999,
            57.256762566666673
          ],
          [
            -2.3666911833333333,
            57.255283416666664
          ],
          [
            -2.36451535,
            57.25372990000001
          ],
          [
            -2.3619971666666668,
            57.251925266666667
          ],
          [
            -2.3594629499999997,
            57.250179883333338
          ],
          [
            -2.3564785833333333,
            57.248364850000009
          ],
          [
            -2.35439,
            57.246225366666671
          ],
          [
            -2.3538624166666664,
            57.243846016666673
          ],
          [
            -2.354123533333333,
            57.241412133333334
          ],
          [
            -2.3549552,
            57.239060100000003
          ],
          [
            -2.3567326833333335,
            57.236793633333342
          ],
          [
            -2.3586418499999997,
            57.23456685
          ],
          [
            -2.3599382166666665,
            57.232240883333326
          ],
          [
            -2.3598843000000005,
            57.229824700000002
          ],
          [
            -2.3584557666666672,
            57.227561383333331
          ],
          [
            -2.3562959999999999,
            57.225656399999991
          ],
          [
            -2.3541104000000002,
            57.223528550000005
          ],
          [
            -2.3517448000000001,
            57.221439700000005
          ],
          [
            -2.3499729500000002,
            57.21983276666667
          ],
          [
            -2.3489024666666669,
            57.218793266666673
          ],
          [
            -2.3475493000000003,
            57.217716583333335
          ],
          [
            -2.3451677499999994,
            57.216153116666661
          ],
          [
            -2.3420559666666669,
            57.214939950000002
          ],
          [
            -2.3387004499999997,
            57.213746283333329
          ],
          [
            -2.3353179666666666,
            57.212548683333338
          ],
          [
            -2.3325956333333333,
            57.211247166666659
          ],
          [
            -2.3296077000000004,
            57.209915683333335
          ],
          [
            -2.3262965333333332,
            57.209035633333336
          ],
          [
            -2.3227109166666664,
            57.208287766666672
          ],
          [
            -2.3189020497324004,
            57.207212110834256
          ],
          [
            -2.3154465516977067,
            57.20623921414883
          ],
          [
            -2.31206191078368,
            57.205348437019751
          ],
          [
            -2.3089930916000734,
            57.204543401579038
          ],
          [
            -2.3071306743045916,
            57.204021365378672
          ],
          [
            -2.3053743494375114,
            57.203734876866406
          ],
          [
            -2.30232225,
            57.203269899999995
          ],
          [
            -2.2987427666666664,
            57.202818999999998
          ],
          [
            -2.2952894166666669,
            57.202392616666671
          ],
          [
            -2.2915715333333333,
            57.201955533333326
          ],
          [
            -2.2873938670555161,
            57.201494045275673
          ],
          [
            -2.2844203481817811,
            57.201162759981536
          ],
          [
            -2.2821408710243043,
            57.20087392893366
          ],
          [
            -2.2800985333333337,
            57.200714416666671
          ],
          [
            -2.2768811166666669,
            57.200369950000002
          ],
          [
            -2.2729610500000001,
            57.199992700000003
          ],
          [
            -2.2690494666666665,
            57.199517016666675
          ],
          [
            -2.2658253666666668,
            57.198524633333328
          ],
          [
            -2.2633458538214413,
            57.19682335482014
          ],
          [
            -2.260884979717944,
            57.195083548626322
          ],
          [
            -2.2570573666666665,
            57.193843266666661
          ],
          [
            -2.2535224968823417,
            57.193077365807717
          ],
          [
            -2.2502517333333336,
            57.192929666666672
          ],
          [
            -2.2467965666666667,
            57.192943716666662
          ],
          [
            -2.2433841333333335,
            57.192954549999996
          ],
          [
            -2.2399360500000003,
            57.192709849999993
          ],
          [
            -2.2364051833333334,
            57.192190466666666
          ],
          [
            -2.2327777166666669,
            57.191675233333342
          ],
          [
            -2.2289201166666666,
            57.191603966666662
          ],
          [
            -2.2254344666666666,
            57.19159655
          ],
          [
            -2.2221305999999998,
            57.191543583333335
          ],
          [
            -2.218550833333333,
            57.191301350000003
          ],
          [
            -2.2158402666666666,
            57.191103133333343
          ],
          [
            -2.2137749166666665,
            57.190796766666672
          ],
          [
            -2.2129743500000001,
            57.190004616666663
          ],
          [
            -2.2144836790695965,
            57.189154427600485
          ],
          [
            -2.2155365395157429,
            57.188792213955985
          ],
          [
            -2.2167224333333331,
            57.188551416666662
          ],
          [
            -2.2183465666666669,
            57.187974533333332
          ],
          [
            -2.2174632999999999,
            57.186431716666661
          ],
          [
            -2.216204083333333,
            57.184153683333335
          ],
          [
            -2.2157493833333333,
            57.181689099999993
          ],
          [
            -2.2164943500000001,
            57.17931613333333
          ],
          [
            -2.2182182000000004,
            57.176993716666658
          ],
          [
            -2.2199998333333335,
            57.174730166666663
          ],
          [
            -2.2219691666666668,
            57.17251683333334
          ],
          [
            -2.2243089999999999,
            57.170260833333337
          ],
          [
            -2.2269974000000001,
            57.167961883333327
          ],
          [
            -2.2295187666666667,
            57.165745333333341
          ],
          [
            -2.2319611666666663,
            57.163629516666667
          ],
          [
            -2.2343475833333333,
            57.161538750000005
          ],
          [
            -2.2364082833333332,
            57.159377183333326
          ],
          [
            -2.2380503333333333,
            57.157136683333327
          ],
          [
            -2.2393292666666667,
            57.154772250000001
          ],
          [
            -2.2401771666666663,
            57.152502966666667
          ],
          [
            -2.2411345999999996,
            57.150166199999994
          ],
          [
            -2.2428652000000002,
            57.147928100000009
          ],
          [
            -2.2453257,
            57.145859350000002
          ],
          [
            -2.2475911000000002,
            57.143752233333331
          ],
          [
            -2.2483970166666665,
            57.141349683333324
          ],
          [
            -2.2477750666666663,
            57.138931200000002
          ],
          [
            -2.2471977000000001,
            57.136531466666668
          ],
          [
            -2.2474409166666667,
            57.134099766666672
          ],
          [
            -2.2480219666666668,
            57.132359516666668
          ],
          [
            -2.2482672833333335,
            57.131709283333336
          ],
          [
            -2.2490789000000002,
            57.12955658333334
          ],
          [
            -2.2499650166666672,
            57.127223416666659
          ],
          [
            -2.25069075,
            57.124828033333337
          ],
          [
            -2.2508823333333332,
            57.122613449999996
          ],
          [
            -2.2509713499999999,
            57.120200933333336
          ],
          [
            -2.2510614166666665,
            57.117774433333331
          ],
          [
            -2.2515129166666665,
            57.115538916666679
          ],
          [
            -2.2523849666666669,
            57.113161049999988
          ],
          [
            -2.2531180166666669,
            57.11075300000001
          ],
          [
            -2.2528319999999997,
            57.108330949999996
          ],
          [
            -2.2516424333333336,
            57.106209383333336
          ],
          [
            -2.2496204333333334,
            57.104383949999999
          ],
          [
            -2.2470427499999999,
            57.102921633333331
          ],
          [
            -2.24368225,
            57.101631100000006
          ],
          [
            -2.2401643999999998,
            57.100248799999996
          ],
          [
            -2.2370929666666668,
            57.098491033333332
          ],
          [
            -2.23487685,
            57.096384850000007
          ],
          [
            -2.2332758833333335,
            57.094360366666663
          ],
          [
            -2.2314668833333333,
            57.092050033333329
          ],
          [
            -2.2297080999999999,
            57.09000635000001
          ],
          [
            -2.2276973666666668,
            57.087804933333338
          ],
          [
            -2.2256968499999998,
            57.085604200000006
          ],
          [
            -2.2238695500000003,
            57.08360403333333
          ],
          [
            -2.2218364500000001,
            57.08141220000001
          ],
          [
            -2.2199959000000002,
            57.079798666666662
          ],
          [
            -2.2186306999999998,
            57.078802183333337
          ],
          [
            -2.2178503000000003,
            57.077931933333339
          ],
          [
            -2.2168151166666665,
            57.077204100000003
          ],
          [
            -2.2165683833333332,
            57.076738899999988
          ],
          [
            -2.215705966666667,
            57.074480566666672
          ],
          [
            -2.2153865166666664,
            57.072075700000006
          ],
          [
            -2.2156590833333336,
            57.069447183333324
          ],
          [
            -2.2160629166666665,
            57.067006783333326
          ],
          [
            -2.2160102333333329,
            57.064671733333341
          ],
          [
            -2.2154437166666665,
            57.062455933333332
          ],
          [
            -2.2142643999999998,
            57.060088799999996
          ],
          [
            -2.2127033333333332,
            57.05803745
          ],
          [
            -2.2107626000000002,
            57.055858733333331
          ],
          [
            -2.2093937833333332,
            57.053552566666667
          ],
          [
            -2.2088648666666666,
            57.051357549999999
          ],
          [
            -2.2089417666666669,
            57.049143033333337
          ],
          [
            -2.2092988999999998,
            57.046973049999998
          ],
          [
            -2.2096926999999997,
            57.044559899999996
          ],
          [
            -2.2100511833333334,
            57.042351849999996
          ],
          [
            -2.2103481333333335,
            57.039934466666665
          ],
          [
            -2.2102659,
            57.037721399999995
          ],
          [
            -2.2097638500000003,
            57.035309016666659
          ],
          [
            -2.2091342000000003,
            57.033126750000001
          ],
          [
            -2.2084391833333332,
            57.030725699999991
          ],
          [
            -2.2077355166666668,
            57.028315033333328
          ],
          [
            -2.2072243333333335,
            57.026134916666656
          ],
          [
            -2.2074172166666668,
            57.023729999999993
          ],
          [
            -2.2085155999999997,
            57.021379750000001
          ],
          [
            -2.2098451000000003,
            57.019299683333344
          ],
          [
            -2.2115436666666666,
            57.017069716666676
          ],
          [
            -2.2134690333333333,
            57.014878933333328
          ],
          [
            -2.2157356833333335,
            57.0122754
          ],
          [
            -2.2168157166666664,
            57.010375350000004
          ],
          [
            -2.2175439666666668,
            57.007965416666671
          ],
          [
            -2.2176238333333336,
            57.00578745
          ],
          [
            -2.2172031333333333,
            57.003705000000004
          ],
          [
            -2.2162155166666664,
            57.001549866666664
          ],
          [
            -2.2146758833333333,
            56.999458500000003
          ],
          [
            -2.2127357000000001,
            56.997617999999996
          ],
          [
            -2.2106551666666667,
            56.995942883333328
          ],
          [
            -2.2087800333333334,
            56.994046866666672
          ],
          [
            -2.2075217,
            56.992015800000011
          ],
          [
            -2.2069373500000005,
            56.990147449999995
          ],
          [
            -2.2068635666666663,
            56.98834205
          ],
          [
            -2.2072600499999999,
            56.986439133333334
          ],
          [
            -2.2079377166666663,
            56.984563883333337
          ],
          [
            -2.2086677833333335,
            56.982616499999999
          ],
          [
            -2.2093193499999999,
            56.980868683333327
          ],
          [
            -2.2098557833333334,
            56.979431549999994
          ],
          [
            -2.210356916666667,
            56.978492366666664
          ],
          [
            -2.2104973833333332,
            56.977539133333323
          ],
          [
            -2.2106729500000002,
            56.976465883333333
          ],
          [
            -2.2106033666666667,
            56.975519866666673
          ],
          [
            -2.2106035333333334,
            56.974592766666667
          ],
          [
            -2.2106760166666666,
            56.973341883333326
          ],
          [
            -2.2106760166666666,
            56.973341883333326
          ],
          [
            -2.2104673666666663,
            56.972066666666656
          ],
          [
            -2.2098474333333331,
            56.970598116666658
          ],
          [
            -2.2098232767746686,
            56.968812008754242
          ],
          [
            -2.2086490626354878,
            56.967768119772757
          ],
          [
            -2.2078628983558812,
            56.967475285836265
          ],
          [
            -2.2067799518785667,
            56.966794377395694
          ],
          [
            -2.2068555166062658,
            56.965895134633222
          ],
          [
            -2.2055802127627699,
            56.968353344481777
          ],
          [
            -2.2079621552997244,
            56.96750323599251
          ],
          [
            -2.209794,
            56.969179683333337
          ],
          [
            -2.2093560193370188,
            56.970050390474391
          ],
          [
            -2.2100217,
            56.970885733333333
          ],
          [
            -2.2103205666666668,
            56.97202188333334
          ],
          [
            -2.2104687500000004,
            56.973212783333338
          ],
          [
            -2.2104971,
            56.974366916666668
          ],
          [
            -2.2104217833333331,
            56.975440716666661
          ],
          [
            -2.2103402166666668,
            56.976412416666669
          ],
          [
            -2.2102842333333332,
            56.977356333333333
          ],
          [
            -2.2090162500000003,
            56.977955733333332
          ],
          [
            -2.2077244,
            56.977290449999991
          ],
          [
            -2.2098417666666665,
            56.976391516666673
          ],
          [
            -2.2131631833333336,
            56.976036066666666
          ],
          [
            -2.2168060500000002,
            56.975903383333325
          ],
          [
            -2.2206581000000001,
            56.975917199999998
          ],
          [
            -2.2246349166666666,
            56.975870433333327
          ],
          [
            -2.2283503192165175,
            56.97545922106147
          ],
          [
            -2.2314590704849384,
            56.974720416344738
          ],
          [
            -2.2343554000000001,
            56.973596683333334
          ],
          [
            -2.2369454166666665,
            56.972114533333333
          ],
          [
            -2.2387960499999999,
            56.970388550000003
          ],
          [
            -2.2398082666666665,
            56.968625599999996
          ],
          [
            -2.2402465,
            56.966791633333337
          ],
          [
            -2.2399155333333338,
            56.964735900000008
          ],
          [
            -2.2387872333333334,
            56.962718233333327
          ],
          [
            -2.2372527,
            56.960807383333339
          ],
          [
            -2.2357369499999997,
            56.958930916666667
          ],
          [
            -2.2343045166666666,
            56.957156500000004
          ],
          [
            -2.2329325166666671,
            56.955460166666668
          ],
          [
            -2.2320544,
            56.954170083333331
          ],
          [
            -2.2334971833333332,
            56.953121849999995
          ],
          [
            -2.2325455999999999,
            56.951788466666663
          ],
          [
            -2.2300604166666669,
            56.950957299999992
          ],
          [
            -2.2276618666666668,
            56.950109549999993
          ],
          [
            -2.2247367999999996,
            56.949148583333333
          ],
          [
            -2.2219523333333333,
            56.948284749999999
          ],
          [
            -2.2202942333333335,
            56.947742950000006
          ],
          [
            -2.2175275166666664,
            56.946838733333337
          ],
          [
            -2.2145997533775801,
            56.94586925608921
          ],
          [
            -2.2145997533775801,
            56.94586925608921
          ],
          [
            -2.2119668174105613,
            56.944976685096243
          ],
          [
            -2.2098962520957643,
            56.943937340187759
          ],
          [
            -2.208606197816898,
            56.942941310849825
          ],
          [
            -2.2053537506686158,
            56.946735536501606
          ],
          [
            -2.2006885229667841,
            56.945712577268282
          ],
          [
            -2.2052827120726279,
            56.946550071141324
          ],
          [
            -2.2069041965443392,
            56.937584482014024
          ],
          [
            -2.2072495030503028,
            56.935927658174023
          ],
          [
            -2.2077773000000001,
            56.934266750000006
          ],
          [
            -2.2081034859966651,
            56.93251217441982
          ],
          [
            -2.2077817666666664,
            56.930928383333338
          ],
          [
            -2.2069407666666669,
            56.929281049999993
          ],
          [
            -2.2060885666666668,
            56.927805633333335
          ],
          [
            -2.2052039666666667,
            56.926317199999993
          ],
          [
            -2.2048497166666667,
            56.924588533333321
          ],
          [
            -2.2057304529782109,
            56.922996705108496
          ],
          [
            -2.2074262166666667,
            56.92172501666667
          ],
          [
            -2.2097045333333329,
            56.920363349999995
          ],
          [
            -2.2112611999999996,
            56.918920866666667
          ],
          [
            -2.2122557333333335,
            56.917423749999998
          ],
          [
            -2.2133597333333332,
            56.916074083333328
          ],
          [
            -2.2148951834402428,
            56.914819967440451
          ],
          [
            -2.2164581012352134,
            56.913518069238727
          ],
          [
            -2.2179593333333334,
            56.911929666666673
          ],
          [
            -2.2192600333333332,
            56.910405699999998
          ],
          [
            -2.2207100166666667,
            56.909149966666675
          ],
          [
            -2.2228189277841275,
            56.907978451616337
          ],
          [
            -2.2252581833333331,
            56.906863266666669
          ],
          [
            -2.227552570346905,
            56.905840127393532
          ],
          [
            -2.2297424127185397,
            56.904517541619853
          ],
          [
            -2.23152595,
            56.903156516666662
          ],
          [
            -2.2331208031544354,
            56.901820584595583
          ],
          [
            -2.2343789999999997,
            56.900382283333329
          ],
          [
            -2.2354495666666665,
            56.898954699999997
          ],
          [
            -2.2364944666666671,
            56.897195733333334
          ],
          [
            -2.2372515166666669,
            56.895605783333338
          ],
          [
            -2.2385296666666665,
            56.893980883333342
          ],
          [
            -2.2402698999999999,
            56.892638116666667
          ],
          [
            -2.2425743833333334,
            56.891435416666667
          ],
          [
            -2.2448592500000002,
            56.890230433333329
          ],
          [
            -2.2465285000000002,
            56.888945016666668
          ],
          [
            -2.2481700833333336,
            56.887471133333335
          ],
          [
            -2.2500900333333336,
            56.885834383333332
          ],
          [
            -2.2521282187770177,
            56.884596568819873
          ],
          [
            -2.2541755333333331,
            56.883525516666673
          ],
          [
            -2.255651966666667,
            56.882375599999989
          ],
          [
            -2.25641925,
            56.880915766666675
          ],
          [
            -2.256370683333333,
            56.879312533333326
          ],
          [
            -2.2574505,
            56.877733166666665
          ],
          [
            -2.2594810499999998,
            56.876394433333346
          ],
          [
            -2.2613529666666663,
            56.875207950000011
          ],
          [
            -2.2633910999999998,
            56.873906766666671
          ],
          [
            -2.2652258000000001,
            56.872447399999992
          ],
          [
            -2.2667475833333333,
            56.870742833333331
          ],
          [
            -2.2677951833333334,
            56.868765916666668
          ],
          [
            -2.2683099500000004,
            56.866738233333344
          ],
          [
            -2.2684813666666668,
            56.865983599999993
          ],
          [
            -2.2687013833333336,
            56.864627849999998
          ],
          [
            -2.2680933333333333,
            56.862806616666667
          ],
          [
            -2.2671847833333336,
            56.861215533333336
          ],
          [
            -2.2671491000000001,
            56.860011500000006
          ],
          [
            -2.2681963333333335,
            56.858365950000007
          ],
          [
            -2.2698376999999996,
            56.856412916666677
          ],
          [
            -2.271193666666667,
            56.854672433333327
          ],
          [
            -2.27354295,
            56.853362583333329
          ],
          [
            -2.27583285,
            56.852117600000007
          ],
          [
            -2.2781517999999998,
            56.851029249999989
          ],
          [
            -2.2793499000000002,
            56.849464549999993
          ],
          [
            -2.2782762499999998,
            56.848072216666665
          ],
          [
            -2.2769807000000002,
            56.847035599999991
          ],
          [
            -2.2776868038546332,
            56.845988398251762
          ],
          [
            -2.2789501023442398,
            56.845351322393554
          ],
          [
            -2.2801452333333336,
            56.844639300000004
          ],
          [
            -2.2811860833333331,
            56.843922999999997
          ],
          [
            -2.2823222000000003,
            56.843233533333326
          ],
          [
            -2.2830662771031744,
            56.842206089540099
          ],
          [
            -2.2836839333333332,
            56.841158799999995
          ],
          [
            -2.2839047333333338,
            56.840174566666668
          ],
          [
            -2.2842504999999997,
            56.838980766666658
          ],
          [
            -2.2848174666666665,
            56.837121350000011
          ],
          [
            -2.2856000166666668,
            56.835206299999996
          ],
          [
            -2.2860977500000002,
            56.83454376666667
          ],
          [
            -2.2871322879847527,
            56.833543279943171
          ],
          [
            -2.2892913999999998,
            56.831952566666658
          ],
          [
            -2.2910887166666671,
            56.830119683333336
          ],
          [
            -2.2924824616279222,
            56.828452279259885
          ],
          [
            -2.2937698500000003,
            56.826645883333342
          ],
          [
            -2.2948325999999999,
            56.824699033333339
          ],
          [
            -2.2969078833333332,
            56.823079266666674
          ],
          [
            -2.2995411666666663,
            56.821785633333334
          ],
          [
            -2.3021799000000001,
            56.820846033333332
          ],
          [
            -2.3042646833333329,
            56.81924983333333
          ],
          [
            -2.3064205833333329,
            56.817559333333335
          ],
          [
            -2.3088009499999997,
            56.816233266666664
          ],
          [
            -2.3105830000000003,
            56.814385883333337
          ],
          [
            -2.3133393833333336,
            56.81295251666667
          ],
          [
            -2.3158916833333332,
            56.81167001666666
          ],
          [
            -2.3178528000000003,
            56.809832900000004
          ],
          [
            -2.3197471333333337,
            56.807996233333341
          ],
          [
            -2.3224697500000002,
            56.806359499999992
          ],
          [
            -2.3250162333333337,
            56.804931199999992
          ],
          [
            -2.3275741166666668,
            56.803708233333325
          ],
          [
            -2.3295030833333334,
            56.802621683333335
          ],
          [
            -2.3312913666666666,
            56.801190600000005
          ],
          [
            -2.3340235833333334,
            56.799750916666675
          ],
          [
            -2.3365205500000004,
            56.798252866666665
          ],
          [
            -2.3393953333333335,
            56.796797233333336
          ],
          [
            -2.3422418833333332,
            56.795397433333328
          ],
          [
            -2.3456990666666666,
            56.794477683333326
          ],
          [
            -2.3495494666666668,
            56.794034066666669
          ],
          [
            -2.3495494666666668,
            56.794034066666669
          ],
          [
            -2.3535154999999994,
            56.793655633333337
          ],
          [
            -2.3570168333333332,
            56.793084799999995
          ],
          [
            -2.3607226000000003,
            56.7923404
          ],
          [
            -2.3641640833333328,
            56.791508766666659
          ],
          [
            -2.3674792999999998,
            56.790492416666666
          ],
          [
            -2.3707540833333334,
            56.789685933333338
          ],
          [
            -2.3743508499999999,
            56.789458333333336
          ],
          [
            -2.3778222333333332,
            56.788888549999996
          ],
          [
            -2.3811087999999998,
            56.788055500000006
          ],
          [
            -2.3839725500000002,
            56.78718966666667
          ],
          [
            -2.3872836,
            56.786193566666668
          ],
          [
            -2.390339,
            56.785024850000006
          ],
          [
            -2.3932683666666668,
            56.78361258333333
          ],
          [
            -2.3967552666666667,
            56.782575633333337
          ],
          [
            -2.4000729000000001,
            56.781710516666671
          ],
          [
            -2.4032216333333332,
            56.780888850000004
          ],
          [
            -2.4063509999999995,
            56.77996086666667
          ],
          [
            -2.4090085166666668,
            56.779114349999993
          ],
          [
            -2.4109337333333336,
            56.777704016666668
          ],
          [
            -2.4135103999999998,
            56.777042333333341
          ],
          [
            -2.4151970166666668,
            56.776078716666667
          ],
          [
            -2.4158973833333333,
            56.774975049999995
          ],
          [
            -2.4173141833333336,
            56.774227833333327
          ],
          [
            -2.4191724500000005,
            56.77350058333333
          ],
          [
            -2.421300116666667,
            56.772832966666662
          ],
          [
            -2.4233851666666664,
            56.772109233333339
          ],
          [
            -2.4255205816696996,
            56.77138772304184
          ],
          [
            -2.4271018656612626,
            56.770864749370375
          ],
          [
            -2.4298590785694358,
            56.76996757026609
          ],
          [
            -2.4327139534170579,
            56.768727737810124
          ],
          [
            -2.4347974333333338,
            56.767328683333332
          ],
          [
            -2.4369677000000003,
            56.765764116666666
          ],
          [
            -2.4389058666666665,
            56.764367266666675
          ],
          [
            -2.4395734302658565,
            56.762772741599662
          ],
          [
            -2.4415020220373451,
            56.761400830616147
          ],
          [
            -2.4437402333333336,
            56.760247033333322
          ],
          [
            -2.4458365833333331,
            56.758881900000006
          ],
          [
            -2.4471592833333333,
            56.757180233333337
          ],
          [
            -2.4490169333333336,
            56.755707283333336
          ],
          [
            -2.4508006833333336,
            56.754467733333328
          ],
          [
            -2.4517853999999999,
            56.753169949999993
          ],
          [
            -2.4534700666666667,
            56.75209473333333
          ],
          [
            -2.4536156333333334,
            56.751104950000006
          ],
          [
            -2.4522110503429277,
            56.750493915577295
          ],
          [
            -2.4518508333333333,
            56.749235566666663
          ],
          [
            -2.4532383666666666,
            56.747885466666673
          ],
          [
            -2.4539616833333331,
            56.74660579999999
          ],
          [
            -2.4526743999999998,
            56.745195799999991
          ],
          [
            -2.4530770166666667,
            56.743550733333329
          ],
          [
            -2.4535013666666665,
            56.741913233333328
          ],
          [
            -2.4539430833333329,
            56.740224883333333
          ],
          [
            -2.4539430833333329,
            56.740224883333333
          ],
          [
            -2.4543545999999998,
            56.738694233333341
          ],
          [
            -2.4552598333333329,
            56.736758350000002
          ],
          [
            -2.4561991166666668,
            56.734916866666666
          ],
          [
            -2.4570846166666667,
            56.73321971666666
          ],
          [
            -2.4578982000000003,
            56.731655733333341
          ],
          [
            -2.4590005499999998,
            56.730348500000005
          ],
          [
            -2.4606774499999999,
            56.729301450000001
          ],
          [
            -2.4622204499999998,
            56.728352349999994
          ],
          [
            -2.4636368333333332,
            56.727492566666655
          ],
          [
            -2.4646843000000001,
            56.726699850000003
          ],
          [
            -2.4650837999999995,
            56.725505450000007
          ],
          [
            -2.4653975833333335,
            56.724566366666672
          ],
          [
            -2.4656629666666667,
            56.723663616666663
          ],
          [
            -2.4659310166666666,
            56.72277618333333
          ],
          [
            -2.4661224499999999,
            56.721819933333336
          ],
          [
            -2.4663229166666669,
            56.720900866666668
          ],
          [
            -2.4665046320525272,
            56.719964753131528
          ],
          [
            -2.4666753933111423,
            56.719071265794163
          ],
          [
            -2.4684649500000004,
            56.718239916666668
          ],
          [
            -2.4698792643450824,
            56.717773132134688
          ],
          [
            -2.4714146333333331,
            56.717300666666674
          ],
          [
            -2.472005516666667,
            56.716275750000008
          ],
          [
            -2.4718919666666666,
            56.715088716666664
          ],
          [
            -2.4716326666666668,
            56.714430566666671
          ],
          [
            -2.471318716666667,
            56.713989916666662
          ],
          [
            -2.4706310666666664,
            56.713018500000004
          ],
          [
            -2.4709730833333334,
            56.711643233333341
          ],
          [
            -2.4725142166666667,
            56.710338616666661
          ],
          [
            -2.4739116330695805,
            56.7092553680381
          ],
          [
            -2.4739608087181724,
            56.708148594962367
          ],
          [
            -2.4742215349743337,
            56.707255128623302
          ],
          [
            -2.4752408020213141,
            56.706112100128564
          ],
          [
            -2.4761527440105802,
            56.70492355948312
          ],
          [
            -2.4769925666157282,
            56.703890561125704
          ],
          [
            -2.4779525653510701,
            56.702735881246369
          ],
          [
            -2.4789688922196529,
            56.701519040017267
          ],
          [
            -2.4796471841762635,
            56.700508239374599
          ],
          [
            -2.4809600478843179,
            56.699419743475268
          ],
          [
            -2.4835150122020493,
            56.699158739087515
          ],
          [
            -2.4858965395569195,
            56.698917338909943
          ],
          [
            -2.4882483520416958,
            56.698679544656542
          ],
          [
            -2.4907992244457504,
            56.698416857359071
          ],
          [
            -2.4936105383968545,
            56.698067438219567
          ],
          [
            -2.4967411915953437,
            56.697348816294038
          ],
          [
            -2.4998602321582326,
            56.696262553593719
          ],
          [
            -2.5025091937040957,
            56.695035191617087
          ],
          [
            -2.5048620584843531,
            56.693418653230559
          ],
          [
            -2.5062733466792544,
            56.691496631324092
          ],
          [
            -2.5064891493954811,
            56.689647593778744
          ],
          [
            -2.5058040987484853,
            56.688016249075773
          ],
          [
            -2.5048370441981596,
            56.686420527085929
          ],
          [
            -2.5038816521420748,
            56.684853657430267
          ],
          [
            -2.50281504259745,
            56.683128399550696
          ],
          [
            -2.5018691081481852,
            56.681360258327913
          ],
          [
            -2.5020391413109992,
            56.679495676145592
          ],
          [
            -2.5034134470413987,
            56.677602968754371
          ],
          [
            -2.5047707522557419,
            56.675883383427824
          ],
          [
            -2.5054159988558138,
            56.674246199795036
          ],
          [
            -2.5065953697853915,
            56.672510496598186
          ],
          [
            -2.5084637334661481,
            56.671140789334686
          ],
          [
            -2.5105090159644829,
            56.669876323288676
          ],
          [
            -2.5119004688049977,
            56.668899411538987
          ],
          [
            -2.5127285809076554,
            56.668119992349098
          ],
          [
            -2.5111841299782087,
            56.667615152964217
          ],
          [
            -2.5097343777922285,
            56.667152241580226
          ],
          [
            -2.5093356622066416,
            56.666258941253389
          ],
          [
            -2.5080168252378474,
            56.665647932701859
          ],
          [
            -2.5071041369166842,
            56.664842085048797
          ],
          [
            -2.5077130920883719,
            56.663975645000114
          ],
          [
            -2.5083411915244085,
            56.663093936542914
          ],
          [
            -2.5085796188272833,
            56.66214043053953
          ],
          [
            -2.5090379099899254,
            56.661254800515842
          ],
          [
            -2.5092902093347438,
            56.660326887015742
          ],
          [
            -2.510292567637689,
            56.659594651694135
          ],
          [
            -2.5108824631310349,
            56.658698105726607
          ],
          [
            -2.5114489118920091,
            56.657846334459826
          ],
          [
            -2.5120488738984341,
            56.656948068547337
          ],
          [
            -2.5068706605534374,
            56.655932713378789
          ],
          [
            -2.5012521998769413,
            56.65952834269558
          ],
          [
            -2.5020812501636551,
            56.657925884297612
          ],
          [
            -2.5067861803310612,
            56.654699779082037
          ]
        ],
        "type" : "LineString"
      }
    }
  ],
  "type" : "FeatureCollection"
}