{
  "type" : "FeatureCollection",
  "features" : [
    {
      "properties" : {
        "departure" : "2026-04-14T10:50:58Z",
        "source" : "Geory 5.3.2",
        "type" : "visit",
        "device" : "B9E47AEB-E54C-4563-96B6-06995DD4BC56 (iPhone 16 Pro)",
        "label" : "Zuhause",
        "address" : "Schneppendahl 1A, Lennep, 42897 Remscheid, Deutschland",
        "rating" : 0,
        "weather" : "Leichter Regen (6,8 °C)",
        "timestamp" : "2026-04-13T17:54:19Z",
        "duration" : 60999.015990972519,
        "arrival" : "2026-04-13T17:54:19Z"
      },
      "type" : "Feature",
      "geometry" : {
        "coordinates" : [
          7.2787234149853566,
          51.185126350106422
        ],
        "type" : "Point"
      }
    },
    {
      "type" : "Feature",
      "geometry" : {
        "type" : "Point",
        "coordinates" : [
          3.9793976521498302,
          51.927247391910065
        ]
      },
      "properties" : {
        "timestamp" : "2026-04-14T15:14:14Z",
        "rating" : 0,
        "address" : "Maasvlaktestrand, 3199 KE Maasvlakte Rotterdam, Niederlande",
        "source" : "Geory 5.3.2",
        "type" : "visit",
        "duration" : 918.00004982948303,
        "arrival" : "2026-04-14T15:14:14Z",
        "device" : "B9E47AEB-E54C-4563-96B6-06995DD4BC56 (iPhone 16 Pro)",
        "weather" : "Klarer Himmel (14,9 °C)",
        "departure" : "2026-04-14T15:29:32Z"
      }
    },
    {
      "geometry" : {
        "type" : "Point",
        "coordinates" : [
          3.9798872380637653,
          51.931261157118179
        ]
      },
      "type" : "Feature",
      "properties" : {
        "arrival" : "2026-04-14T15:33:55Z",
        "source" : "Geory 5.3.2",
        "device" : "B9E47AEB-E54C-4563-96B6-06995DD4BC56 (iPhone 16 Pro)",
        "departure" : "2026-04-14T15:55:00Z",
        "address" : "Maasvlakteboulevard 33, 3199 KE Maasvlakte Rotterdam, Niederlande",
        "rating" : 0,
        "duration" : 1264.3683040142059,
        "weather" : "Klarer Himmel (14,9 °C)",
        "timestamp" : "2026-04-14T15:33:55Z",
        "type" : "visit"
      }
    },
    {
      "geometry" : {
        "type" : "Point",
        "coordinates" : [
          4.131163896349844,
          51.944657690396944
        ]
      },
      "type" : "Feature",
      "properties" : {
        "type" : "visit",
        "arrival" : "2026-04-14T16:39:56Z",
        "weather" : "Klarer Himmel (13,7 °C)",
        "rating" : 0,
        "device" : "B9E47AEB-E54C-4563-96B6-06995DD4BC56 (iPhone 16 Pro)",
        "duration" : 8023.7172985076904,
        "departure" : "2026-04-14T18:53:39Z",
        "address" : "Luxemburgweg, Europoort Rotterdam, Niederlande",
        "source" : "Geory 5.3.2",
        "timestamp" : "2026-04-14T16:39:56Z"
      }
    },
    {
      "geometry" : {
        "coordinates" : [
          [
            4.1166071751081876,
            51.969676653690243
          ],
          [
            4.1191884054593606,
            51.967494068747257
          ],
          [
            4.1259320569069029,
            51.964068651358019
          ],
          [
            4.1269536949992345,
            51.963405189831271
          ],
          [
            4.127898619144716,
            51.962718271215117
          ],
          [
            4.1287889615296516,
            51.961997983931617
          ],
          [
            4.1290507032535313,
            51.954118030134822
          ],
          [
            4.1281725939311018,
            51.949549066636543
          ],
          [
            4.1281725939311018,
            51.949549066636543
          ],
          [
            4.1282670694343988,
            51.948626795012828
          ],
          [
            4.1288598348939969,
            51.947207177410966
          ],
          [
            4.131163896349844,
            51.944657690396944
          ],
          [
            4.1328421666666664,
            51.945500800000012
          ],
          [
            4.135775633333334,
            51.947102416666667
          ],
          [
            4.1385522833333326,
            51.949344266666664
          ],
          [
            4.1401682666666666,
            51.950033699999992
          ],
          [
            4.1375953333333335,
            51.948554416666667
          ],
          [
            4.1356604166666671,
            51.947351249999997
          ],
          [
            4.1339539500000004,
            51.946343183333326
          ],
          [
            4.1319882379287121,
            51.945350090180334
          ],
          [
            4.1322438718790266,
            51.94471757688116
          ],
          [
            4.1326774000000004,
            51.944218550000002
          ],
          [
            4.1325043907686618,
            51.943285499668733
          ],
          [
            4.1325042067607125,
            51.942718796556207
          ],
          [
            4.1324835185034727,
            51.941788573219398
          ],
          [
            4.1319067297454168,
            51.940947024468329
          ],
          [
            4.1303846983369787,
            51.940948600699308
          ],
          [
            4.1294523390889379,
            51.941657411378905
          ],
          [
            4.1279839999999997,
            51.94207158333333
          ],
          [
            4.1308358230230064,
            51.942893071135302
          ],
          [
            4.1321706166666665,
            51.942550883333332
          ],
          [
            4.1319186166666668,
            51.941617899999997
          ],
          [
            4.1306498999999999,
            51.940931466666676
          ],
          [
            4.129488120047232,
            51.941303693527324
          ],
          [
            4.1288609333333328,
            51.94211743333333
          ],
          [
            4.1279671333333336,
            51.941399749999995
          ],
          [
            4.1274333333333333,
            51.940490633333333
          ],
          [
            4.1292074333333337,
            51.939950516666677
          ],
          [
            4.1312046000000002,
            51.939509600000001
          ],
          [
            4.1329015833333331,
            51.939142949999997
          ],
          [
            4.1343682833333331,
            51.938829966666667
          ],
          [
            4.1357645000000005,
            51.938423016666668
          ],
          [
            4.1379236166666669,
            51.937958183333329
          ],
          [
            4.1402397333333329,
            51.937196849999999
          ],
          [
            4.1428666000000005,
            51.936542499999995
          ],
          [
            4.1451833666666671,
            51.935997399999998
          ],
          [
            4.14795275,
            51.936185833333333
          ],
          [
            4.1450718500000008,
            51.936449566666674
          ],
          [
            4.1440028,
            51.936357216666664
          ],
          [
            4.1424013999999998,
            51.936034266666667
          ],
          [
            4.1391198999999999,
            51.93535443333333
          ],
          [
            4.1359495999999991,
            51.934848366666671
          ],
          [
            4.1323333499999997,
            51.935215033333328
          ],
          [
            4.1286745166666661,
            51.935889299999999
          ],
          [
            4.1250166666666663,
            51.936543566666657
          ],
          [
            4.1210477000000001,
            51.937340166666672
          ],
          [
            4.1177566333333333,
            51.938541000000001
          ],
          [
            4.1150171833333333,
            51.940039033333335
          ],
          [
            4.1114797333333337,
            51.940653416666656
          ],
          [
            4.1085059166666671,
            51.939638933333327
          ],
          [
            4.1072923000000001,
            51.937711849999999
          ],
          [
            4.1065893000000004,
            51.935781083333325
          ],
          [
            4.1053145166666667,
            51.933795583333335
          ],
          [
            4.1025019333333343,
            51.932319933333339
          ],
          [
            4.0991465500000004,
            51.931965599999998
          ],
          [
            4.0954899500000002,
            51.932416799999991
          ],
          [
            4.0920965166666674,
            51.932866200000007
          ],
          [
            4.0886872666666667,
            51.933314283333324
          ],
          [
            4.0851135833333325,
            51.933745716666664
          ],
          [
            4.0814026000000005,
            51.934005833333337
          ],
          [
            4.0780096166666668,
            51.934067333333331
          ],
          [
            4.0743957000000002,
            51.933954800000009
          ],
          [
            4.0705759333333331,
            51.933621300000006
          ],
          [
            4.0668510499999995,
            51.933079716666661
          ],
          [
            4.0635094666666669,
            51.932407716666667
          ],
          [
            4.0600152166666659,
            51.931592133333332
          ],
          [
            4.0567496333333342,
            51.930829916666667
          ],
          [
            4.053568691157988,
            51.930020165476279
          ],
          [
            4.0501949327522127,
            51.929229392938865
          ],
          [
            4.0469704435353471,
            51.92847882731391
          ],
          [
            4.0434785080266078,
            51.927637844981305
          ],
          [
            4.0401569324920317,
            51.926923738896285
          ],
          [
            4.0368311219545605,
            51.927268779803761
          ],
          [
            4.0330547595924973,
            51.928543197484018
          ],
          [
            4.0291200365371296,
            51.9297277938362
          ],
          [
            4.0255112830183002,
            51.930760862083133
          ],
          [
            4.021491501087481,
            51.931820118936002
          ],
          [
            4.0177853043694958,
            51.93272425355137
          ],
          [
            4.013673451742731,
            51.933643353268124
          ],
          [
            4.0099069481882825,
            51.934441212760468
          ],
          [
            4.0061469110699504,
            51.935249970755244
          ],
          [
            4.0019206462111363,
            51.935949720873062
          ],
          [
            3.9975767610501043,
            51.935992709224159
          ],
          [
            3.9938138677383042,
            51.935914614235557
          ],
          [
            3.990710744948109,
            51.935768862046174
          ],
          [
            3.9881727126757109,
            51.935743699420932
          ],
          [
            3.9866956828092102,
            51.93574309094511
          ],
          [
            3.9860353015789451,
            51.934919411441633
          ],
          [
            3.9840982844988524,
            51.934992974966669
          ],
          [
            3.9820312727569367,
            51.935336206326745
          ],
          [
            3.9801024105832781,
            51.935457075562418
          ],
          [
            3.9798872380637653,
            51.931261157118179
          ],
          [
            3.9797987638442485,
            51.93111489269711
          ],
          [
            3.9793976521498302,
            51.927247391910065
          ],
          [
            3.978025699660753,
            51.929840857010099
          ],
          [
            3.979760328507842,
            51.931056438595824
          ],
          [
            3.9797621833333334,
            51.931681349999991
          ],
          [
            3.9794293666666665,
            51.932586216666671
          ],
          [
            3.978629666666667,
            51.933899716666673
          ],
          [
            3.9783279166666672,
            51.935037099999995
          ],
          [
            3.9798482666666661,
            51.935523599999996
          ],
          [
            3.9821434333333334,
            51.935345783333332
          ],
          [
            3.9844939333333333,
            51.935003016666663
          ],
          [
            3.9861040633654219,
            51.935054522394275
          ],
          [
            3.9860282833333334,
            51.936000066666672
          ],
          [
            3.9885607000000003,
            51.936166300000004
          ],
          [
            3.9917368666666668,
            51.936229016666658
          ],
          [
            3.9949086000000005,
            51.936161616666674
          ],
          [
            3.9986897333333329,
            51.936172516666659
          ],
          [
            4.0028034000000003,
            51.936029800000007
          ],
          [
            4.0069053833333337,
            51.935256600000002
          ],
          [
            4.0110751666666671,
            51.934371133333329
          ],
          [
            4.0153003000000007,
            51.933467166666667
          ],
          [
            4.0191053833333337,
            51.932591433333329
          ],
          [
            4.022652466666667,
            51.931707416666661
          ],
          [
            4.0261260000000005,
            51.930782050000005
          ],
          [
            4.0296323666666662,
            51.929912049999999
          ],
          [
            4.0330379000000001,
            51.929192416666666
          ],
          [
            4.0365685000000004,
            51.928565133333329
          ],
          [
            4.0403375666666665,
            51.927916266666671
          ],
          [
            4.0441019166666665,
            51.928036233333323
          ],
          [
            4.047425183333333,
            51.928793283333334
          ],
          [
            4.0510069666666668,
            51.929592033333336
          ],
          [
            4.0546535333333331,
            51.930435116666665
          ],
          [
            4.0584047499999993,
            51.931297600000001
          ],
          [
            4.0619942999999994,
            51.932092266666658
          ],
          [
            4.0655912000000001,
            51.932887266666668
          ],
          [
            4.0696468333333335,
            51.93354191666667
          ],
          [
            4.0703962000000002,
            51.933635199999998
          ],
          [
            4.0734190999999997,
            51.933928716666664
          ],
          [
            4.0776059166666672,
            51.934107566666668
          ],
          [
            4.0818066333333327,
            51.934041449999995
          ],
          [
            4.08598485,
            51.933762866666662
          ],
          [
            4.0897314333333332,
            51.933298550000004
          ],
          [
            4.0934874499999996,
            51.932810066666661
          ],
          [
            4.0972282499999997,
            51.932324333333327
          ],
          [
            4.1011662333333332,
            51.932171900000007
          ],
          [
            4.1046167666666662,
            51.933519566666668
          ],
          [
            4.1062340833333337,
            51.935686950000012
          ],
          [
            4.1069734499999999,
            51.937936216666671
          ],
          [
            4.10864735,
            51.939967166666676
          ],
          [
            4.1120774666666664,
            51.940742433333327
          ],
          [
            4.1151866833333335,
            51.940035400000006
          ],
          [
            4.1183780000000008,
            51.938334383333327
          ],
          [
            4.1222509499999997,
            51.937116933333336
          ],
          [
            4.1264501666666664,
            51.936354549999997
          ],
          [
            4.1302723833333337,
            51.935668583333332
          ],
          [
            4.1344845833333332,
            51.93496471666667
          ],
          [
            4.1387767333333327,
            51.935400566666672
          ],
          [
            4.1425650333333328,
            51.936220400000003
          ],
          [
            4.1468381166666664,
            51.936622016666661
          ],
          [
            4.1507817499999993,
            51.93551093333334
          ],
          [
            4.1542743333333334,
            51.934315516666658
          ],
          [
            4.1576123666666671,
            51.933208933333333
          ],
          [
            4.1614247166666658,
            51.931958516666661
          ],
          [
            4.1651898333333328,
            51.931163766666664
          ],
          [
            4.1689039166666664,
            51.929752716666655
          ],
          [
            4.170558016666666,
            51.92869473333333
          ],
          [
            4.1715263500000006,
            51.927907349999998
          ],
          [
            4.1733621999999997,
            51.925788266666665
          ],
          [
            4.1750177666666666,
            51.923545049999994
          ],
          [
            4.1769024666666663,
            51.921145233333334
          ],
          [
            4.1794851333333334,
            51.919287016666672
          ],
          [
            4.1829119500000003,
            51.917601600000005
          ],
          [
            4.1863423833333337,
            51.915915266666659
          ],
          [
            4.1894562833333326,
            51.914360716666671
          ],
          [
            4.1928525666666658,
            51.912652333333334
          ],
          [
            4.1959207999999997,
            51.911088416666672
          ],
          [
            4.1990708000000003,
            51.909580783333332
          ],
          [
            4.2022998666666664,
            51.908137366666672
          ],
          [
            4.2056075833333333,
            51.906353716666665
          ],
          [
            4.2085904999999997,
            51.904726883333325
          ],
          [
            4.2117245499999996,
            51.903268116666666
          ],
          [
            4.2146494666666667,
            51.902015600000006
          ],
          [
            4.2178732333333331,
            51.901050699999992
          ],
          [
            4.2214529999999995,
            51.900461583333332
          ],
          [
            4.2248255333333331,
            51.900350433333337
          ],
          [
            4.2287429000000003,
            51.900463833333333
          ],
          [
            4.2324230833333329,
            51.900402766666666
          ],
          [
            4.2357779333333339,
            51.899931883333331
          ],
          [
            4.2392708499999996,
            51.899301100000002
          ],
          [
            4.2429259000000004,
            51.898607016666666
          ],
          [
            4.2467902333333329,
            51.897873616666658
          ],
          [
            4.2503638000000006,
            51.897187933333335
          ],
          [
            4.2538844666666664,
            51.896487199999996
          ],
          [
            4.2574292666666667,
            51.895505833333331
          ],
          [
            4.2598736833333337,
            51.893434116666668
          ],
          [
            4.2601787666666668,
            51.892737933333336
          ],
          [
            4.2601076999999998,
            51.890852566666673
          ],
          [
            4.2588148333333331,
            51.888347433333337
          ],
          [
            4.2585748500000005,
            51.885999800000008
          ],
          [
            4.2594545166666666,
            51.883571850000003
          ],
          [
            4.2607341333333331,
            51.881130799999994
          ],
          [
            4.2618856666666671,
            51.87893811666666
          ],
          [
            4.2630420833333336,
            51.876761283333323
          ],
          [
            4.2643474000000001,
            51.874264866666671
          ],
          [
            4.2658948333333333,
            51.871698133333332
          ],
          [
            4.2684280666666661,
            51.86976791666666
          ],
          [
            4.2717659666666661,
            51.868619949999996
          ],
          [
            4.2759326166666662,
            51.867882949999995
          ],
          [
            4.2799301833333336,
            51.867580749999995
          ],
          [
            4.2843290500000011,
            51.86768368333334
          ],
          [
            4.2883365833333329,
            51.867858866666666
          ],
          [
            4.2923415,
            51.868029033333336
          ],
          [
            4.2963373000000002,
            51.868204033333328
          ],
          [
            4.3007234666666667,
            51.868418916666663
          ],
          [
            4.3051133000000004,
            51.868647250000002
          ],
          [
            4.3090157666666666,
            51.868888933333331
          ],
          [
            4.3126259500000002,
            51.869222350000008
          ],
          [
            4.3164550833333335,
            51.869658083333327
          ],
          [
            4.3198280000000002,
            51.869811866666666
          ],
          [
            4.3229524333333336,
            51.8699455
          ],
          [
            4.3259774166666665,
            51.870097349999995
          ],
          [
            4.3290660166666663,
            51.870365033333343
          ],
          [
            4.3324445833333334,
            51.871038416666671
          ],
          [
            4.3354900500000007,
            51.871811233333332
          ],
          [
            4.3387995666666663,
            51.872653566666671
          ],
          [
            4.3387995666666663,
            51.872653566666671
          ],
          [
            4.3427585166666676,
            51.873662916666667
          ],
          [
            4.3468608333333334,
            51.874684766666661
          ],
          [
            4.3511438,
            51.875329283333329
          ],
          [
            4.3551309333333341,
            51.875641016666663
          ],
          [
            4.3594675166666672,
            51.875939883333331
          ],
          [
            4.3639124999999996,
            51.876103183333335
          ],
          [
            4.3682928500000004,
            51.875973499999994
          ],
          [
            4.3726286999999999,
            51.875534100000003
          ],
          [
            4.3764245666666666,
            51.874736433333325
          ],
          [
            4.3801628333333333,
            51.873911450000001
          ],
          [
            4.384354066666666,
            51.873264850000005
          ],
          [
            4.3886723666666665,
            51.873088233333327
          ],
          [
            4.3929832500000003,
            51.873337883333335
          ],
          [
            4.3968957166666662,
            51.8735876
          ],
          [
            4.4008228333333337,
            51.873702349999995
          ],
          [
            4.405162016666667,
            51.873684433333331
          ],
          [
            4.4089084666666665,
            51.873533250000001
          ],
          [
            4.4119930833333338,
            51.873319933333342
          ],
          [
            4.4147001833333324,
            51.873066383333331
          ],
          [
            4.4171448833333331,
            51.872781216666667
          ],
          [
            4.4195197333333329,
            51.872454066666663
          ],
          [
            4.4215353833333335,
            51.872137099999996
          ],
          [
            4.4229779999999996,
            51.871889399999993
          ],
          [
            4.4244035333333329,
            51.871639583333341
          ],
          [
            4.4258751333333333,
            51.87136958333334
          ],
          [
            4.4274158833333335,
            51.871069999999996
          ],
          [
            4.4288033000000002,
            51.870793616666667
          ],
          [
            4.4305569166666663,
            51.870436066666663
          ],
          [
            4.4316554333333329,
            51.870201433333342
          ],
          [
            4.4331532666666664,
            51.869872000000001
          ],
          [
            4.4345745166666672,
            51.869545450000004
          ],
          [
            4.4359882333333331,
            51.86920846666667
          ],
          [
            4.4373743666666661,
            51.868875366666664
          ],
          [
            4.4387548666666667,
            51.868540950000003
          ],
          [
            4.4402141833333335,
            51.868182250000004
          ],
          [
            4.4415731000000003,
            51.86784939999999
          ],
          [
            4.4429825000000003,
            51.867502783333336
          ],
          [
            4.4443837000000004,
            51.867161599999996
          ],
          [
            4.4461316999999996,
            51.866731200000004
          ],
          [
            4.4478701000000003,
            51.866313033333334
          ],
          [
            4.4495668333333338,
            51.865850033333331
          ],
          [
            4.4518297000000002,
            51.86523824999999
          ],
          [
            4.4542859166666666,
            51.86459661666666
          ],
          [
            4.4570485666666668,
            51.863898866666659
          ],
          [
            4.4598250499999992,
            51.863237633333327
          ],
          [
            4.4634665166666672,
            51.862564466666662
          ],
          [
            4.4677136666666666,
            51.86211316666666
          ],
          [
            4.4720461333333335,
            51.862013516666671
          ],
          [
            4.475788716666667,
            51.862195333333332
          ],
          [
            4.4792223499999997,
            51.862497333333337
          ],
          [
            4.4830227999999996,
            51.862980299999997
          ],
          [
            4.486887583333333,
            51.863566549999994
          ],
          [
            4.486887583333333,
            51.863566549999994
          ],
          [
            4.49045045,
            51.864093933333336
          ],
          [
            4.4938977833333338,
            51.864573266666667
          ],
          [
            4.4973615833333334,
            51.864966016666656
          ],
          [
            4.5012173833333335,
            51.865298016666671
          ],
          [
            4.5050361333333333,
            51.865533200000002
          ],
          [
            4.5085472166666669,
            51.865716083333332
          ],
          [
            4.5124432333333333,
            51.865693166666674
          ],
          [
            4.5166407666666668,
            51.865485749999998
          ],
          [
            4.5205723499999992,
            51.865136933333332
          ],
          [
            4.5243744333333336,
            51.864637466666665
          ],
          [
            4.5285157499999995,
            51.864085533333338
          ],
          [
            4.5323959166666663,
            51.86377843333333
          ],
          [
            4.5362116833333337,
            51.863790666666667
          ],
          [
            4.5399221333333335,
            51.864103833333331
          ],
          [
            4.5435639999999999,
            51.864717683333339
          ],
          [
            4.5473150666666671,
            51.865714199999999
          ],
          [
            4.5508529333333332,
            51.866974600000006
          ],
          [
            4.5542942000000002,
            51.868308683333332
          ],
          [
            4.5575758000000004,
            51.869588433333341
          ],
          [
            4.560399116666666,
            51.870829333333326
          ],
          [
            4.5632254333333329,
            51.872347583333337
          ],
          [
            4.5662505500000004,
            51.873878900000001
          ],
          [
            4.569514916666666,
            51.874685299999996
          ],
          [
            4.572774916666666,
            51.87427963333333
          ],
          [
            4.5753988833333326,
            51.872666233333334
          ],
          [
            4.577337899999999,
            51.870749800000006
          ],
          [
            4.5795975999999996,
            51.86921439999999
          ],
          [
            4.5822215833333333,
            51.867703600000006
          ],
          [
            4.5839262999999999,
            51.866716050000001
          ],
          [
            4.5849222000000003,
            51.866140516666668
          ],
          [
            4.5877652500000003,
            51.864507066666661
          ],
          [
            4.5903585499999995,
            51.86299600000001
          ],
          [
            4.5929472833333342,
            51.861264900000002
          ],
          [
            4.5953683999999999,
            51.859649400000002
          ],
          [
            4.5980124666666669,
            51.858001850000001
          ],
          [
            4.6010523833333332,
            51.856826266666666
          ],
          [
            4.604615233333333,
            51.856665183333341
          ],
          [
            4.6085518999999993,
            51.856590616666672
          ],
          [
            4.6122981999999997,
            51.856554733333333
          ],
          [
            4.6165503000000001,
            51.856514100000005
          ],
          [
            4.6205375833333333,
            51.856492266666656
          ],
          [
            4.6242601666666667,
            51.856538749999999
          ],
          [
            4.6280590999999998,
            51.856568133333333
          ],
          [
            4.6314574999999998,
            51.856644400000008
          ],
          [
            4.6352028385839077,
            51.85677832579912
          ],
          [
            4.6393339310286148,
            51.857081666683492
          ],
          [
            4.6435585741467973,
            51.857384462965875
          ],
          [
            4.6484017695568953,
            51.857497498949243
          ],
          [
            4.6527520111562168,
            51.857562417088545
          ],
          [
            4.6568138333333335,
            51.857623666666662
          ],
          [
            4.6603454166666669,
            51.857684100000007
          ],
          [
            4.6640779166666659,
            51.857271266666672
          ],
          [
            4.6675202333333337,
            51.856416166666669
          ],
          [
            4.6690486101354836,
            51.855815674371449
          ],
          [
            4.6720206666666666,
            51.854262133333329
          ],
          [
            4.6744980939930842,
            51.852813094064523
          ],
          [
            4.6765373523303175,
            51.851732528635047
          ],
          [
            4.678132399824098,
            51.850885077093821
          ],
          [
            4.6795560085250543,
            51.850607595857532
          ],
          [
            4.6806852782740869,
            51.850329993886049
          ],
          [
            4.6814041294011783,
            51.849544757883656
          ],
          [
            4.6836637166666666,
            51.848326116666676
          ],
          [
            4.6848842666666668,
            51.847784183333339
          ],
          [
            4.6864580833333322,
            51.847099283333336
          ],
          [
            4.6896018333333327,
            51.845736249999995
          ],
          [
            4.6933410833333333,
            51.844372733333323
          ],
          [
            4.6968288666666673,
            51.843235116666669
          ],
          [
            4.7002870166666666,
            51.842228966666667
          ],
          [
            4.7036915666666665,
            51.84131588333333
          ],
          [
            4.7073688833333334,
            51.840452933333339
          ],
          [
            4.7106679500000004,
            51.839641533333328
          ],
          [
            4.7143259500000001,
            51.838788083333341
          ],
          [
            4.7176520333333336,
            51.838021733333328
          ],
          [
            4.7208388333333335,
            51.837286716666661
          ],
          [
            4.7241132333333331,
            51.836518549999994
          ],
          [
            4.7273818833333339,
            51.835753750000002
          ],
          [
            4.7304444333333331,
            51.835044850000003
          ],
          [
            4.7336699500000003,
            51.834302516666675
          ],
          [
            4.73704825,
            51.83350025
          ],
          [
            4.7404387166666675,
            51.832648633333335
          ],
          [
            4.7434373833333332,
            51.831903683333337
          ],
          [
            4.7466578833333326,
            51.831121000000003
          ],
          [
            4.7495856833333336,
            51.830518716666667
          ],
          [
            4.7524353999999995,
            51.830133766666663
          ],
          [
            4.7554630333333332,
            51.829854916666662
          ],
          [
            4.7582599333333331,
            51.829570449999999
          ],
          [
            4.7612310666666664,
            51.829301083333334
          ],
          [
            4.7638398333333338,
            51.829069383333334
          ],
          [
            4.7664068999999998,
            51.828848050000005
          ],
          [
            4.7690717333333321,
            51.828588199999999
          ],
          [
            4.7714620666666674,
            51.828316033333337
          ],
          [
            4.7740106166666667,
            51.827995849999994
          ],
          [
            4.7763409166666655,
            51.827709216666669
          ],
          [
            4.7792110499999998,
            51.827374116666668
          ],
          [
            4.7818760500000002,
            51.827079016666659
          ],
          [
            4.7843372833333335,
            51.826829366666665
          ],
          [
            4.7868419666666666,
            51.82659091666666
          ],
          [
            4.7890905833333335,
            51.826395683333338
          ],
          [
            4.7915901333333339,
            51.826140633333338
          ],
          [
            4.7943932333333334,
            51.825651500000006
          ],
          [
            4.7968004166666658,
            51.825111616666668
          ],
          [
            4.7985380500000003,
            51.824711066666666
          ],
          [
            4.8003921999999992,
            51.824277000000002
          ],
          [
            4.8029687333333335,
            51.823672966666663
          ],
          [
            4.8057883500000003,
            51.823013350000004
          ],
          [
            4.8085793666666676,
            51.822362733333335
          ],
          [
            4.8116687833333334,
            51.821759783333327
          ],
          [
            4.814765733333334,
            51.82142828333334
          ],
          [
            4.8175635999999997,
            51.821325166666675
          ],
          [
            4.8201858666666677,
            51.821414400000002
          ],
          [
            4.822565,
            51.821516883333331
          ],
          [
            4.8247400666666662,
            51.821609099999996
          ],
          [
            4.8263485666666668,
            51.821676250000003
          ],
          [
            4.8281103500000002,
            51.82175028333333
          ],
          [
            4.8293610833333336,
            51.821817583333328
          ],
          [
            4.8310732999999999,
            51.821989966666663
          ],
          [
            4.8325900666666666,
            51.822238783333326
          ],
          [
            4.8340322333333337,
            51.822542216666676
          ],
          [
            4.8355968666666662,
            51.822884300000005
          ],
          [
            4.8370111833333329,
            51.823195466666654
          ],
          [
            4.8383883666666661,
            51.823501533333335
          ],
          [
            4.8398517500000002,
            51.823818916666674
          ],
          [
            4.8426215000000008,
            51.824283916666673
          ],
          [
            4.8454853333333334,
            51.824484216666661
          ],
          [
            4.8485269166666667,
            51.824665066666661
          ],
          [
            4.8518659500000005,
            51.82485663333334
          ],
          [
            4.8552035333333334,
            51.824973583333332
          ],
          [
            4.8588625999999993,
            51.825188199999999
          ],
          [
            4.8628525833333329,
            51.825619566666667
          ],
          [
            4.8667399666666666,
            51.826496216666662
          ],
          [
            4.8700303500000004,
            51.827624466666677
          ],
          [
            4.8735344499999993,
            51.828892616666657
          ],
          [
            4.8766449333333339,
            51.830024083333335
          ],
          [
            4.8791520333333329,
            51.830973683333333
          ],
          [
            4.8808169499999998,
            51.831635099999993
          ],
          [
            4.8821643333333338,
            51.832283933333336
          ],
          [
            4.8832682666666676,
            51.832786199999994
          ],
          [
            4.8857777333333337,
            51.833252449999989
          ],
          [
            4.8885421000000004,
            51.834013066666664
          ],
          [
            4.8915535333333331,
            51.834771616666664
          ],
          [
            4.8944414499999995,
            51.835471633333334
          ],
          [
            4.8971881000000002,
            51.83613561666666
          ],
          [
            4.8998479166666664,
            51.836779283333335
          ],
          [
            4.9028485166666664,
            51.837437433333328
          ],
          [
            4.905534499999999,
            51.837842600000002
          ],
          [
            4.9074156333333336,
            51.838120216666653
          ],
          [
            4.9088689333333333,
            51.838331866666671
          ],
          [
            4.9104008333333331,
            51.838561533333333
          ],
          [
            4.9120534999999999,
            51.83880151666667
          ],
          [
            4.9143771666666671,
            51.839101799999995
          ],
          [
            4.9176312833333338,
            51.839329216666663
          ],
          [
            4.9213615333333331,
            51.839300266666669
          ],
          [
            4.9247214000000001,
            51.839137233333339
          ],
          [
            4.9279541333333334,
            51.839188050000004
          ],
          [
            4.9307365666666669,
            51.839639333333324
          ],
          [
            4.9326327166666672,
            51.840172783333337
          ],
          [
            4.9340847499999994,
            51.840659783333329
          ],
          [
            4.9353361833333329,
            51.841124999999998
          ],
          [
            4.9369082333333338,
            51.841775000000005
          ],
          [
            4.9388183666666663,
            51.842619749999997
          ],
          [
            4.939602466666666,
            51.842950333333334
          ],
          [
            4.9408718,
            51.843486616666667
          ],
          [
            4.9435661833333331,
            51.84457046666666
          ],
          [
            4.9474458499999994,
            51.845652683333341
          ],
          [
            4.9517012000000005,
            51.846253399999995
          ],
          [
            4.9556614166666666,
            51.846395966666663
          ],
          [
            4.9596382833333337,
            51.846432833333331
          ],
          [
            4.9639992166666662,
            51.846526216666675
          ],
          [
            4.9679757499999999,
            51.846610449999993
          ],
          [
            4.9714995666666661,
            51.846675516666664
          ],
          [
            4.9745368333333335,
            51.846731799999993
          ],
          [
            4.9766974000000008,
            51.846771183333338
          ],
          [
            4.9782856000000004,
            51.846804500000005
          ],
          [
            4.9802323499999996,
            51.846852066666663
          ],
          [
            4.9821688833333333,
            51.846877183333326
          ],
          [
            4.9844758666666671,
            51.846775366666662
          ],
          [
            4.9881576666666669,
            51.846361383333338
          ],
          [
            4.9919604,
            51.845891666666667
          ],
          [
            4.9955170666666664,
            51.845365599999994
          ],
          [
            4.9987856666666675,
            51.844539633333333
          ],
          [
            5.0024568833333332,
            51.843600383333325
          ],
          [
            5.0066770500000004,
            51.842937733333336
          ],
          [
            5.0105399333333338,
            51.84237663333333
          ],
          [
            5.0148592333333335,
            51.841985783333335
          ],
          [
            5.0192090999999994,
            51.841749950000008
          ],
          [
            5.0231980999999992,
            51.841534233333334
          ],
          [
            5.0268834333333334,
            51.841308833333336
          ],
          [
            5.0303952333333335,
            51.840996133333327
          ],
          [
            5.0343610166666668,
            51.840634249999994
          ],
          [
            5.0361518999999992,
            51.840467466666659
          ],
          [
            5.0379123000000003,
            51.840303883333334
          ],
          [
            5.0418031666666661,
            51.839968066666671
          ],
          [
            5.0457051166666655,
            51.839742183333321
          ],
          [
            5.049978133333334,
            51.839652916666665
          ],
          [
            5.0543600833333331,
            51.839644183333334
          ],
          [
            5.0582719666666671,
            51.839639100000007
          ],
          [
            5.0620449666666669,
            51.839635900000005
          ],
          [
            5.065423833333333,
            51.839631716666659
          ],
          [
            5.0679443833333337,
            51.839630416666658
          ],
          [
            5.0701887833333332,
            51.839629016666663
          ],
          [
            5.0725904000000002,
            51.839626116666672
          ],
          [
            5.0762592499999997,
            51.839624400000005
          ],
          [
            5.08041695,
            51.83971056666666
          ],
          [
            5.0846843499999999,
            51.840258866666666
          ],
          [
            5.0888066333333333,
            51.841154716666672
          ],
          [
            5.0924955500000006,
            51.842087549999995
          ],
          [
            5.096098266666667,
            51.843131049999997
          ],
          [
            5.0997162666666664,
            51.844152916666658
          ],
          [
            5.1037267000000002,
            51.845233499999999
          ],
          [
            5.1074761666666664,
            51.846051216666666
          ],
          [
            5.1116048833333334,
            51.84693673333333
          ],
          [
            5.1158242166666668,
            51.847635700000005
          ],
          [
            5.1201478333333323,
            51.848051550000008
          ],
          [
            5.1245020833333337,
            51.848025933333339
          ],
          [
            5.1284642000000007,
            51.847839133333345
          ],
          [
            5.1324327000000007,
            51.847680699999998
          ],
          [
            5.1367917333333333,
            51.847509899999991
          ],
          [
            5.1411583666666667,
            51.847336016666667
          ],
          [
            5.145517466666667,
            51.847430766666676
          ],
          [
            5.1498710166666664,
            51.847682849999998
          ],
          [
            5.1538331166666671,
            51.847925266666671
          ],
          [
            5.1581868833333333,
            51.848122683333337
          ],
          [
            5.1625480333333336,
            51.848296299999994
          ],
          [
            5.1665189999999992,
            51.848455533333329
          ],
          [
            5.1704903,
            51.848619066666664
          ],
          [
            5.174850066666667,
            51.848686783333342
          ],
          [
            5.1792108333333333,
            51.848506349999994
          ],
          [
            5.1835507000000005,
            51.848295716666676
          ],
          [
            5.1875184666666661,
            51.848159216666666
          ],
          [
            5.1918542999999993,
            51.848428866666673
          ],
          [
            5.1960785666666673,
            51.849115133333335
          ],
          [
            5.2002913833333331,
            51.849838283333341
          ],
          [
            5.2041192333333344,
            51.850492366666664
          ],
          [
            5.2083287833333332,
            51.851214499999998
          ],
          [
            5.2124314000000007,
            51.852143099999999
          ],
          [
            5.2159347333333335,
            51.853318800000004
          ],
          [
            5.2197265999999996,
            51.854660666666661
          ],
          [
            5.2235873500000007,
            51.855929333333343
          ],
          [
            5.2276342333333341,
            51.856988433333335
          ],
          [
            5.2314579999999991,
            51.857678450000002
          ],
          [
            5.2353497333333339,
            51.858128166666667
          ],
          [
            5.2391445499999989,
            51.858301683333337
          ],
          [
            5.2427299166666668,
            51.858358583333334
          ],
          [
            5.2459527833333333,
            51.858405350000005
          ],
          [
            5.2484298333333337,
            51.8584411
          ],
          [
            5.2504804499999995,
            51.858469166666659
          ],
          [
            5.2522393000000003,
            51.858488166666667
          ],
          [
            5.2535091833333336,
            51.858500716666668
          ],
          [
            5.2549350666666665,
            51.858518133333341
          ],
          [
            5.2583781000000007,
            51.858573466666662
          ],
          [
            5.2616362500000005,
            51.858619233333336
          ],
          [
            5.2653674166666669,
            51.85866326666666
          ],
          [
            5.2696443333333347,
            51.858732466666666
          ],
          [
            5.273999766666666,
            51.858765783333332
          ],
          [
            5.2783662166666661,
            51.858804199999994
          ],
          [
            5.2827313333333334,
            51.858862516666669
          ],
          [
            5.2866780833333342,
            51.858916249999993
          ],
          [
            5.2905454666666669,
            51.858966949999996
          ],
          [
            5.2943037333333338,
            51.859016716666673
          ],
          [
            5.2983734666666678,
            51.859169933333341
          ],
          [
            5.3019909333333333,
            51.859602566666673
          ],
          [
            5.3052465,
            51.860249850000002
          ],
          [
            5.308490233333333,
            51.861019266666666
          ],
          [
            5.3121400499999991,
            51.861845333333328
          ],
          [
            5.3158590166666668,
            51.862684266666669
          ],
          [
            5.3193251666666663,
            51.863466383333332
          ],
          [
            5.3231178833333335,
            51.864317299999989
          ],
          [
            5.3266128833333326,
            51.865107333333327
          ],
          [
            5.3302300166666665,
            51.866188433333342
          ],
          [
            5.3332898333333327,
            51.867436216666661
          ],
          [
            5.3362043833333335,
            51.868905783333339
          ],
          [
            5.3392732833333341,
            51.870493416666676
          ],
          [
            5.3421782833333333,
            51.871996766666676
          ],
          [
            5.345237166666668,
            51.873575516666669
          ],
          [
            5.3480014000000002,
            51.875000366666669
          ],
          [
            5.3509425000000004,
            51.876518016666658
          ],
          [
            5.3540033666666655,
            51.878092283333338
          ],
          [
            5.3568291666666674,
            51.879561700000011
          ],
          [
            5.3596780166666669,
            51.880970133333328
          ],
          [
            5.3625100166666666,
            51.882267333333324
          ],
          [
            5.3650870166666662,
            51.88344823333334
          ],
          [
            5.3677995500000009,
            51.884646450000005
          ],
          [
            5.3706155999999998,
            51.885932683333344
          ],
          [
            5.3727469333333335,
            51.886938516666675
          ],
          [
            5.3745987999999993,
            51.887822883333335
          ],
          [
            5.3762921000000006,
            51.888634166666662
          ],
          [
            5.3777067833333341,
            51.889317433333325
          ],
          [
            5.3789344333333338,
            51.889902416666672
          ],
          [
            5.3801468833333335,
            51.890482300000002
          ],
          [
            5.3817403999999991,
            51.891241616666669
          ],
          [
            5.3832937499999991,
            51.891983683333336
          ],
          [
            5.3849092000000001,
            51.892762016666666
          ],
          [
            5.3861184,
            51.8933331
          ],
          [
            5.3876328999999998,
            51.894024700000003
          ],
          [
            5.3892239666666661,
            51.89475461666666
          ],
          [
            5.3910979999999995,
            51.89559688333334
          ],
          [
            5.3929715500000004,
            51.896368699999996
          ],
          [
            5.3951036833333337,
            51.897114333333334
          ],
          [
            5.3971649666666659,
            51.897718083333338
          ],
          [
            5.3991964999999995,
            51.898216500000004
          ],
          [
            5.4007476333333324,
            51.898546166666662
          ],
          [
            5.4021939666666663,
            51.898823266666675
          ],
          [
            5.4036543833333326,
            51.899073116666663
          ],
          [
            5.4050757499999991,
            51.899292416666675
          ],
          [
            5.4060896166666659,
            51.899430233333334
          ],
          [
            5.4069010833333344,
            51.899533699999999
          ],
          [
            5.4110644666666667,
            51.899926099999995
          ],
          [
            5.4150314333333336,
            51.900154933333333
          ],
          [
            5.4190024333333326,
            51.900360266666667
          ],
          [
            5.423358799999999,
            51.900588249999991
          ],
          [
            5.4277185999999995,
            51.900841366666661
          ],
          [
            5.4320778833333332,
            51.901066566666671
          ],
          [
            5.4360582166666669,
            51.901255016666667
          ],
          [
            5.4404016333333329,
            51.901462083333342
          ],
          [
            5.4443742166666675,
            51.901666750000004
          ],
          [
            5.4483071999999995,
            51.902112033333331
          ],
          [
            5.451899066666666,
            51.902864883333329
          ],
          [
            5.4553785500000007,
            51.903701516666658
          ],
          [
            5.4587855166666674,
            51.904558950000002
          ],
          [
            5.462267333333334,
            51.905404683333337
          ],
          [
            5.465775633333334,
            51.906235533333337
          ],
          [
            5.4693488833333328,
            51.907089183333333
          ],
          [
            5.4729605166666655,
            51.907947566666657
          ],
          [
            5.4764877999999992,
            51.908993916666667
          ],
          [
            5.4800407500000006,
            51.910407066666657
          ],
          [
            5.4833919499999997,
            51.911749300000004
          ],
          [
            5.4870089500000008,
            51.913248583333342
          ],
          [
            5.4906678999999992,
            51.914761050000003
          ],
          [
            5.4939741166666671,
            51.916130166666669
          ],
          [
            5.4975974500000007,
            51.9176413
          ],
          [
            5.5013306166666665,
            51.91903223333334
          ],
          [
            5.5050616833333343,
            51.919888899999997
          ],
          [
            5.5089389666666664,
            51.920440033333335
          ],
          [
            5.5132049333333333,
            51.921022449999995
          ],
          [
            5.5132049333333333,
            51.921022449999995
          ],
          [
            5.5175581000000005,
            51.921273699999993
          ],
          [
            5.5219374999999999,
            51.921304216666677
          ],
          [
            5.5259230000000006,
            51.921340216666671
          ],
          [
            5.5303026333333341,
            51.921269083333335
          ],
          [
            5.5346073500000008,
            51.920805699999995
          ],
          [
            5.5384367333333326,
            51.920137099999991
          ],
          [
            5.5423153833333325,
            51.919593083333332
          ],
          [
            5.5466790500000007,
            51.919354949999992
          ],
          [
            5.5510538,
            51.919414333333336
          ],
          [
            5.5554304999999999,
            51.919502016666662
          ],
          [
            5.559411916666666,
            51.919611266666664
          ],
          [
            5.5633874666666676,
            51.919707699999996
          ],
          [
            5.5673787166666662,
            51.919794216666666
          ],
          [
            5.571346966666666,
            51.919881866666678
          ],
          [
            5.5753386833333325,
            51.919967666666658
          ],
          [
            5.5797082166666678,
            51.920062383333338
          ],
          [
            5.5836832333333319,
            51.920142849999998
          ],
          [
            5.5880455833333338,
            51.920291766666665
          ],
          [
            5.5923121166666663,
            51.920887916666665
          ],
          [
            5.5965580333333342,
            51.921535533333326
          ],
          [
            5.6008099333333332,
            51.922177966666673
          ],
          [
            5.605049066666667,
            51.922843899999997
          ],
          [
            5.6093598666666669,
            51.92328366666667
          ],
          [
            5.6133430499999992,
            51.923273799999997
          ],
          [
            5.6176879333333334,
            51.922939583333331
          ],
          [
            5.6220282333333325,
            51.922593733333329
          ],
          [
            5.626360749999999,
            51.922242716666673
          ],
          [
            5.6303051166666673,
            51.921924850000003
          ],
          [
            5.6314883666666677,
            51.921829449999997
          ],
          [
            5.6342608333333333,
            51.921607666666659
          ],
          [
            5.6385982333333322,
            51.921258116666664
          ],
          [
            5.6425415500000007,
            51.920937749999993
          ],
          [
            5.6464865999999994,
            51.920581583333323
          ],
          [
            5.6504301333333329,
            51.920268133333337
          ],
          [
            5.6547784499999993,
            51.919952416666668
          ],
          [
            5.6591083500000012,
            51.919571116666667
          ],
          [
            5.6630584666666657,
            51.919243883333337
          ],
          [
            5.6673936000000005,
            51.918915249999991
          ],
          [
            5.6717330666666665,
            51.918574883333335
          ],
          [
            5.6756877666666652,
            51.918259783333326
          ],
          [
            5.6796321999999995,
            51.917936566666668
          ],
          [
            5.6839763333333337,
            51.917589233333338
          ],
          [
            5.6883241333333334,
            51.917315366666664
          ],
          [
            5.6922812666666669,
            51.91708726666667
          ],
          [
            5.6962505999999999,
            51.916896266666662
          ],
          [
            5.7002171833333319,
            51.916709300000001
          ],
          [
            5.7045816833333332,
            51.916528500000005
          ],
          [
            5.7089481833333329,
            51.916320049999996
          ],
          [
            5.7129162000000004,
            51.916131416666666
          ],
          [
            5.7172720000000004,
            51.915890733333327
          ],
          [
            5.7212102166666661,
            51.915838533333329
          ],
          [
            5.724782966666667,
            51.91592734999999
          ],
          [
            5.7283162166666663,
            51.916009683333336
          ],
          [
            5.7317909333333334,
            51.916092716666661
          ],
          [
            5.7355436833333329,
            51.916177516666664
          ],
          [
            5.7393369500000002,
            51.916276550000006
          ],
          [
            5.7432065666666663,
            51.916160049999995
          ],
          [
            5.7470948333333336,
            51.915713516666663
          ],
          [
            5.7470948333333336,
            51.915713516666663
          ],
          [
            5.7509316166666657,
            51.914917516666677
          ],
          [
            5.7543416333333335,
            51.913881083333337
          ],
          [
            5.7577726333333343,
            51.912502099999998
          ],
          [
            5.7608780000000008,
            51.911199033333332
          ],
          [
            5.7639495666666676,
            51.91017251666667
          ],
          [
            5.7676438999999995,
            51.91015396666667
          ],
          [
            5.7706611000000008,
            51.909019949999994
          ],
          [
            5.7711535666666673,
            51.907198933333333
          ],
          [
            5.768421233333334,
            51.906003333333331
          ],
          [
            5.7652546666666673,
            51.905553933333344
          ],
          [
            5.7626340833333334,
            51.903815566666665
          ],
          [
            5.7601029333333331,
            51.902194899999998
          ],
          [
            5.7574315333333326,
            51.900454733333333
          ],
          [
            5.7549121333333328,
            51.899009400000004
          ],
          [
            5.7522377666666671,
            51.897793833333331
          ],
          [
            5.7490834666666677,
            51.896603666666664
          ],
          [
            5.7455952666666672,
            51.895376999999989
          ],
          [
            5.7428415333333325,
            51.893786916666677
          ],
          [
            5.7408925500000008,
            51.891883199999995
          ],
          [
            5.7397179666666664,
            51.889799949999997
          ],
          [
            5.7387278999999998,
            51.887514549999999
          ],
          [
            5.7377073666666663,
            51.885155699999999
          ],
          [
            5.736663833333334,
            51.882724966666672
          ],
          [
            5.7356043333333329,
            51.880267350000004
          ],
          [
            5.7343298000000003,
            51.877678166666662
          ],
          [
            5.7325412333333343,
            51.875484833333338
          ],
          [
            5.7299813833333335,
            51.873295800000001
          ],
          [
            5.7273430166666666,
            51.871142166666672
          ],
          [
            5.7268657666666662,
            51.870750866666675
          ],
          [
            5.7247703333333337,
            51.869031849999999
          ],
          [
            5.7224700333333338,
            51.867147883333331
          ],
          [
            5.7202856666666664,
            51.865305266666667
          ],
          [
            5.717978416666667,
            51.86331345
          ],
          [
            5.7158207833333332,
            51.861532083333337
          ],
          [
            5.7146805500000006,
            51.859402116666665
          ],
          [
            5.7160066666666678,
            51.857246283333339
          ],
          [
            5.7195856333333328,
            51.856132750000008
          ],
          [
            5.7237727500000002,
            51.855383600000003
          ],
          [
            5.7276152500000013,
            51.854740383333336
          ],
          [
            5.7314525833333327,
            51.854101683333333
          ],
          [
            5.7356730333333346,
            51.853394733333332
          ],
          [
            5.7398942166666664,
            51.852690166666662
          ],
          [
            5.7440962499999992,
            51.851943966666674
          ],
          [
            5.7482069999999998,
            51.851045599999999
          ],
          [
            5.7518635333333332,
            51.850067366666657
          ],
          [
            5.7558395666666664,
            51.848943683333331
          ],
          [
            5.7594445333333342,
            51.847955916666663
          ],
          [
            5.7629715999999984,
            51.846973366666667
          ],
          [
            5.7664138833333327,
            51.845999033333328
          ],
          [
            5.7698260333333344,
            51.845086683333335
          ],
          [
            5.7735701666666674,
            51.844513599999999
          ],
          [
            5.7773035833333326,
            51.844488799999993
          ],
          [
            5.7796763999999996,
            51.842931416666673
          ],
          [
            5.7793042666666663,
            51.84072208333334
          ],
          [
            5.7766542910058787,
            51.839016136139243
          ],
          [
            5.7746607333333335,
            51.836732016666673
          ],
          [
            5.7733374333333343,
            51.834240666666666
          ],
          [
            5.7729309166666667,
            51.833033199999996
          ],
          [
            5.7726434333333341,
            51.831565500000004
          ],
          [
            5.7725492166666665,
            51.828860116666661
          ],
          [
            5.7730501666666676,
            51.826175583333331
          ],
          [
            5.7741849666666676,
            51.823561950000006
          ],
          [
            5.7754471666666669,
            51.820958033333334
          ],
          [
            5.7767244666666668,
            51.81837638333333
          ],
          [
            5.7782344666666674,
            51.815841116666661
          ],
          [
            5.7799605166666668,
            51.813355283333344
          ],
          [
            5.781699016666666,
            51.811129049999998
          ],
          [
            5.7837867499999991,
            51.808751783333342
          ],
          [
            5.7860689166666663,
            51.80643726666667
          ],
          [
            5.7885335333333323,
            51.804205533333331
          ],
          [
            5.7911782499999997,
            51.802050250000008
          ],
          [
            5.794001016666666,
            51.799976433333327
          ],
          [
            5.796980183333333,
            51.79799525
          ],
          [
            5.8001180999999997,
            51.796110200000008
          ],
          [
            5.8034014333333328,
            51.794322433333342
          ],
          [
            5.8068470500000009,
            51.792668299999995
          ],
          [
            5.8104046666666669,
            51.791099833333334
          ],
          [
            5.814041350000001,
            51.78960588333333
          ],
          [
            5.8176668833333336,
            51.788099766666662
          ],
          [
            5.8212556833333329,
            51.786569099999994
          ],
          [
            5.8248251,
            51.785017116666666
          ],
          [
            5.8283564166666659,
            51.783442349999994
          ],
          [
            5.8315468500000014,
            51.781628299999994
          ],
          [
            5.8341432166666669,
            51.779446616666668
          ],
          [
            5.8359685166666662,
            51.777005333333328
          ],
          [
            5.8369714166666675,
            51.774383533333335
          ],
          [
            5.837122083333333,
            51.771706750000007
          ],
          [
            5.8369704333333328,
            51.769224166666667
          ],
          [
            5.8370302000000001,
            51.766517949999994
          ],
          [
            5.8373039333333336,
            51.76380846666666
          ],
          [
            5.8378116166666665,
            51.761117683333332
          ],
          [
            5.8384778000000006,
            51.758435116666668
          ],
          [
            5.8390532999999998,
            51.755741283333329
          ],
          [
            5.8396155333333333,
            51.753359433333323
          ],
          [
            5.8402083833333345,
            51.750780116666661
          ],
          [
            5.8408720833333323,
            51.748195100000004
          ],
          [
            5.8415379666666682,
            51.745521433333337
          ],
          [
            5.842244683333333,
            51.742845950000003
          ],
          [
            5.8429611833333333,
            51.740169333333341
          ],
          [
            5.8440681000000003,
            51.737555633333336
          ],
          [
            5.8456805666666654,
            51.735039883333336
          ],
          [
            5.8477737833333343,
            51.732661783333334
          ],
          [
            5.8503067333333334,
            51.730457533333343
          ],
          [
            5.8529957333333336,
            51.728620900000003
          ],
          [
            5.8557474166666665,
            51.727068049999993
          ],
          [
            5.8590349166666673,
            51.725343883333338
          ],
          [
            5.8622598999999997,
            51.723550683333329
          ],
          [
            5.8651741833333331,
            51.721585783333332
          ],
          [
            5.867650583333333,
            51.719367833333344
          ],
          [
            5.8694420333333337,
            51.717141850000012
          ],
          [
            5.8707881166666667,
            51.714570999999999
          ],
          [
            5.8718836333333346,
            51.711946516666664
          ],
          [
            5.8732213000000009,
            51.709361749999999
          ],
          [
            5.8740564500000003,
            51.707979766666661
          ],
          [
            5.8748230499999998,
            51.706853433333329
          ],
          [
            5.8767689166666663,
            51.704423666666663
          ],
          [
            5.8790033499999996,
            51.702099266666657
          ],
          [
            5.8814044166666672,
            51.700009399999999
          ],
          [
            5.8838977999999988,
            51.697687566666673
          ],
          [
            5.8862137666666667,
            51.695125233333329
          ],
          [
            5.8879888333333321,
            51.692749166666665
          ],
          [
            5.8895742999999996,
            51.690117916666665
          ],
          [
            5.8906776166666663,
            51.687660833333332
          ],
          [
            5.8917224666666659,
            51.685328283333334
          ],
          [
            5.8927946833333325,
            51.683186750000004
          ],
          [
            5.8937665666666668,
            51.681209166666669
          ],
          [
            5.8947602166666666,
            51.679253716666672
          ],
          [
            5.89589345,
            51.677129366666662
          ],
          [
            5.8970489000000006,
            51.675016833333331
          ],
          [
            5.8981782333333346,
            51.673049783333333
          ],
          [
            5.8994410000000004,
            51.67097059999999
          ],
          [
            5.9006874666666675,
            51.669068833333327
          ],
          [
            5.9027039499999994,
            51.667409716666661
          ],
          [
            5.9059415666666668,
            51.666738116666657
          ],
          [
            5.9092071166666669,
            51.666324183333337
          ],
          [
            5.9127277166666659,
            51.66583601666666
          ],
          [
            5.9162330499999998,
            51.665201200000006
          ],
          [
            5.919892599999999,
            51.664380516666675
          ],
          [
            5.9238289666666679,
            51.663512000000004
          ],
          [
            5.9280054666666668,
            51.662749883333333
          ],
          [
            5.9322605666666668,
            51.662215450000005
          ],
          [
            5.9365701166666662,
            51.661927699999993
          ],
          [
            5.9397297999999994,
            51.661893399999997
          ],
          [
            5.9409215666666659,
            51.661915049999998
          ],
          [
            5.9451618999999996,
            51.66214196666666
          ],
          [
            5.9494985333333332,
            51.662511266666662
          ],
          [
            5.9538298666666662,
            51.662877533333329
          ],
          [
            5.958159283333333,
            51.663235950000008
          ],
          [
            5.9624890499999994,
            51.663599916666669
          ],
          [
            5.9668049333333331,
            51.663970766666672
          ],
          [
            5.9707853000000002,
            51.66431226666667
          ],
          [
            5.975079749999999,
            51.664776066666676
          ],
          [
            5.979330683333334,
            51.6653673
          ],
          [
            5.983526416666666,
            51.666091133333339
          ],
          [
            5.9876585833333333,
            51.666945266666673
          ],
          [
            5.9917175166666672,
            51.667936449999992
          ],
          [
            5.9956001333333333,
            51.669063233333326
          ],
          [
            5.9994125999999994,
            51.670416350000004
          ],
          [
            6.0030484333333334,
            51.67190025
          ],
          [
            6.006811250000001,
            51.673266516666672
          ],
          [
            6.0108129166666666,
            51.674238966666664
          ],
          [
            6.0150382000000002,
            51.674908999999992
          ],
          [
            6.0193764000000014,
            51.675141033333333
          ],
          [
            6.0237214333333329,
            51.675087100000006
          ],
          [
            6.0280657500000006,
            51.674976416666674
          ],
          [
            6.032412833333332,
            51.674861133333323
          ],
          [
            6.0367438499999997,
            51.674741300000008
          ],
          [
            6.0411029000000003,
            51.674627583333326
          ],
          [
            6.0454540000000003,
            51.674497350000003
          ],
          [
            6.0497979666666675,
            51.674302683333323
          ],
          [
            6.0545228500000006,
            51.674008633333337
          ],
          [
            6.0584422666666669,
            51.673711833333329
          ],
          [
            6.062748599999999,
            51.673386666666659
          ],
          [
            6.0670571999999989,
            51.673053716666665
          ],
          [
            6.0713084500000001,
            51.672738450000004
          ],
          [
            6.0753409166666659,
            51.672612600000001
          ],
          [
            6.0796861,
            51.67281753333333
          ],
          [
            6.0840033000000009,
            51.673287433333343
          ],
          [
            6.0885329666666665,
            51.673811433333334
          ],
          [
            6.0928454000000007,
            51.674324033333342
          ],
          [
            6.0968519999999993,
            51.674659200000001
          ],
          [
            6.1011603999999995,
            51.674713116666666
          ],
          [
            6.1055075333333342,
            51.674408233333331
          ],
          [
            6.109767699999999,
            51.673816666666667
          ],
          [
            6.1138755333333332,
            51.672909433333345
          ],
          [
            6.1177878833333335,
            51.671727350000012
          ],
          [
            6.1216078666666665,
            51.670432783333339
          ],
          [
            6.1254288666666659,
            51.669124250000003
          ],
          [
            6.1288526166666673,
            51.66798403333334
          ],
          [
            6.132508950000001,
            51.666804266666666
          ],
          [
            6.1363592333333337,
            51.665607450000003
          ],
          [
            6.1402923500000011,
            51.66444589999999
          ],
          [
            6.1442355333333341,
            51.663345466666669
          ],
          [
            6.1482302666666673,
            51.662286849999994
          ],
          [
            6.1519318333333324,
            51.66136135
          ],
          [
            6.1556450666666667,
            51.660483049999989
          ],
          [
            6.1597486000000004,
            51.659572549999993
          ],
          [
            6.1635082666666658,
            51.658793799999998
          ],
          [
            6.1676603333333331,
            51.657994566666666
          ],
          [
            6.1718455000000008,
            51.657254666666667
          ],
          [
            6.1756589166666664,
            51.656600949999998
          ],
          [
            6.1794792526081741,
            51.655929909173842
          ],
          [
            6.1832667166666662,
            51.65524813333333
          ],
          [
            6.1870962259152114,
            51.654617704537749
          ],
          [
            6.1912872666666656,
            51.653897616666669
          ],
          [
            6.195094833333334,
            51.653241099999995
          ],
          [
            6.198907066666667,
            51.652588966666663
          ],
          [
            6.2027398000000007,
            51.651966350000002
          ],
          [
            6.2065904500000002,
            51.651402850000004
          ],
          [
            6.2108320666666677,
            51.650834583333335
          ],
          [
            6.2147202833333326,
            51.65033128333333
          ],
          [
            6.2186291874643258,
            51.649911715955675
          ],
          [
            6.2225413432985146,
            51.649523665754167
          ],
          [
            6.2264606999999987,
            51.649163716666664
          ],
          [
            6.2303886166666658,
            51.648872699999991
          ],
          [
            6.2347191000000013,
            51.648637533333336
          ],
          [
            6.2390509333333348,
            51.648412549999996
          ],
          [
            6.2433807666666672,
            51.648203899999999
          ],
          [
            6.2477117833333331,
            51.648004099999994
          ],
          [
            6.2520483499999999,
            51.647742749999999
          ],
          [
            6.2563375000000008,
            51.647320183333342
          ],
          [
            6.2602012833333331,
            51.646796366666663
          ],
          [
            6.2643544166666674,
            51.646033000000003
          ],
          [
            6.2684778333333329,
            51.645166683333343
          ],
          [
            6.2721480333333339,
            51.644245300000001
          ],
          [
            6.2760694166666671,
            51.643079066666665
          ],
          [
            6.2798703833333338,
            51.64175791666667
          ],
          [
            6.2818909500000002,
            51.64098001666666
          ],
          [
            6.2832151666666674,
            51.640440800000007
          ],
          [
            6.2864306166666664,
            51.63900919999999
          ],
          [
            6.2898067166666678,
            51.637309466666665
          ],
          [
            6.292820233333333,
            51.635717466666669
          ],
          [
            6.2961251333333337,
            51.633964133333329
          ],
          [
            6.2991347499999994,
            51.63236628333334
          ],
          [
            6.3024420166666673,
            51.630612166666666
          ],
          [
            6.3057514500000007,
            51.628859166666679
          ],
          [
            6.3090249333333341,
            51.627072800000001
          ],
          [
            6.3119612666666658,
            51.625416416666674
          ],
          [
            6.3149017999999986,
            51.623759366666668
          ],
          [
            6.3178775833333347,
            51.622144616666674
          ],
          [
            6.3212028999999994,
            51.620414116666673
          ],
          [
            6.3246668666666661,
            51.618771750000001
          ],
          [
            6.3281523833333324,
            51.617147400000007
          ],
          [
            6.3316114666666676,
            51.615507999999998
          ],
          [
            6.3346695666666681,
            51.613953583333327
          ],
          [
            6.3379440166666674,
            51.612181333333332
          ],
          [
            6.3408104166666668,
            51.610479266666673
          ],
          [
            6.3436507666666673,
            51.608773916666664
          ],
          [
            6.3468122333333321,
            51.606920049999992
          ],
          [
            6.3499339333333324,
            51.60503396666666
          ],
          [
            6.3527757333333348,
            51.603317133333327
          ],
          [
            6.3556209500000005,
            51.601600866666665
          ],
          [
            6.3587449666666656,
            51.599725533333341
          ],
          [
            6.361862416666666,
            51.597842450000009
          ],
          [
            6.3647099666666671,
            51.5961371
          ],
          [
            6.3675714166666673,
            51.594438566666668
          ],
          [
            6.3705030666666671,
            51.592788633333335
          ],
          [
            6.3711099000000013,
            51.592475200000003
          ],
          [
            6.373901766666668,
            51.59110518333334
          ],
          [
            6.3771271166666663,
            51.589689716666662
          ],
          [
            6.3807718666666675,
            51.58820721666666
          ],
          [
            6.3841732833333333,
            51.586965966666668
          ],
          [
            6.3876567000000009,
            51.585816266666676
          ],
          [
            6.3912025833333335,
            51.584722033333342
          ],
          [
            6.3947567166666666,
            51.58362923333334
          ],
          [
            6.3983095500000005,
            51.582537899999998
          ],
          [
            6.4018739333333334,
            51.581475133333328
          ],
          [
            6.4054730666666666,
            51.580459400000002
          ],
          [
            6.4091082833333335,
            51.579481433333335
          ],
          [
            6.4127783833333334,
            51.578544683333334
          ],
          [
            6.4164533833333337,
            51.577651533333331
          ],
          [
            6.420162050000001,
            51.576798999999994
          ],
          [
            6.4238726166666673,
            51.57595778333333
          ],
          [
            6.4275959666666669,
            51.575118900000007
          ],
          [
            6.4313141333333324,
            51.574282916666668
          ],
          [
            6.4353886666666673,
            51.573360533333336
          ],
          [
            6.4390964166666667,
            51.572522766666658
          ],
          [
            6.4428054999999986,
            51.571680666666666
          ],
          [
            6.4465121333333322,
            51.57084325000001
          ],
          [
            6.4505882333333338,
            51.569925016666666
          ],
          [
            6.4546423500000003,
            51.568975600000009
          ],
          [
            6.4587195868853557,
            51.568074522298602
          ],
          [
            6.4628572710666878,
            51.567257164093668
          ],
          [
            6.467075433333334,
            51.566595250000006
          ],
          [
            6.4709667272551838,
            51.566131116033496
          ],
          [
            6.4752600211550391,
            51.565770953672434
          ],
          [
            6.4795611000000006,
            51.565445500000003
          ],
          [
            6.4807365000000008,
            51.56536899999999
          ],
          [
            6.4838815666666676,
            51.565149216666669
          ],
          [
            6.4881868833333325,
            51.56483063333333
          ],
          [
            6.4924908999999991,
            51.564457516666671
          ],
          [
            6.4967688333333342,
            51.564003599999999
          ],
          [
            6.5010211666666669,
            51.563463783333333
          ],
          [
            6.5052417333333343,
            51.562839799999999
          ],
          [
            6.5090554166666665,
            51.562216833333338
          ],
          [
            6.5126762500000002,
            51.561557700000002
          ],
          [
            6.5143611666666663,
            51.561228966666675
          ],
          [
            6.5174791166666681,
            51.560577516666669
          ],
          [
            6.5204215666666663,
            51.559895533333339
          ],
          [
            6.5232488833333342,
            51.559188350000007
          ],
          [
            6.5253243666666663,
            51.558657283333332
          ],
          [
            6.528334434006541,
            51.558458865482862
          ],
          [
            6.5289230499999986,
            51.557998266666665
          ],
          [
            6.5317893833333338,
            51.556950416666659
          ],
          [
            6.5352157999999996,
            51.555887100000007
          ],
          [
            6.5386708666666671,
            51.554827883333338
          ],
          [
            6.5424826166666659,
            51.553655083333325
          ],
          [
            6.5457891333333329,
            51.552626183333324
          ],
          [
            6.5485560999999999,
            51.551689000000003
          ],
          [
            6.5503464000000005,
            51.551125283333334
          ],
          [
            6.5519938333333334,
            51.550511783333334
          ],
          [
            6.5533479999999997,
            51.549971450000001
          ],
          [
            6.5555545833333326,
            51.549004549999999
          ],
          [
            6.558072516666666,
            51.54780791666667
          ],
          [
            6.5607805000000008,
            51.546358599999998
          ],
          [
            6.5632340333333339,
            51.544875433333331
          ],
          [
            6.5659340666666663,
            51.54301495
          ],
          [
            6.5683620500000002,
            51.541032466666671
          ],
          [
            6.5709124333333326,
            51.53882706666667
          ],
          [
            6.5732426333333329,
            51.536829000000004
          ],
          [
            6.5756180833333344,
            51.534718216666668
          ],
          [
            6.5777768833333328,
            51.532796783333332
          ],
          [
            6.5799215666666671,
            51.530838616666671
          ],
          [
            6.5817652166666667,
            51.528887133333335
          ],
          [
            6.5832180833333327,
            51.526945949999998
          ],
          [
            6.5844460666666675,
            51.524761300000002
          ],
          [
            6.5852576333333328,
            51.522683783333335
          ],
          [
            6.5857790000000005,
            51.52037403333334
          ],
          [
            6.5859147166666672,
            51.518115716666671
          ],
          [
            6.5856987666666669,
            51.515879750000003
          ],
          [
            6.5850442333333339,
            51.513431266666672
          ],
          [
            6.5840883000000003,
            51.511313799999996
          ],
          [
            6.58271125,
            51.509116716666661
          ],
          [
            6.5811841166666669,
            51.507063016666677
          ],
          [
            6.5796843833333334,
            51.505060700000001
          ],
          [
            6.5783892499999999,
            51.503151083333329
          ],
          [
            6.5773496833333329,
            51.501089533333335
          ],
          [
            6.5767182833333342,
            51.499210216666675
          ],
          [
            6.5761940166666664,
            51.497229116666666
          ],
          [
            6.5759485,
            51.495421950000001
          ],
          [
            6.5759033500000008,
            51.493854933333324
          ],
          [
            6.5760191999999993,
            51.492286783333334
          ],
          [
            6.5762676000000004,
            51.491006849999998
          ],
          [
            6.578375799999999,
            51.490257116666662
          ],
          [
            6.5811871166666664,
            51.490628766666667
          ],
          [
            6.5839546166666665,
            51.49158229999999
          ],
          [
            6.5871955333333325,
            51.492341616666664
          ],
          [
            6.59103555,
            51.492797199999991
          ],
          [
            6.5947396666666673,
            51.49321943333333
          ],
          [
            6.598813766666666,
            51.493682633333343
          ],
          [
            6.6030674666666656,
            51.494161450000007
          ],
          [
            6.6074105999999988,
            51.494527249999997
          ],
          [
            6.6117929999999996,
            51.494724399999996
          ],
          [
            6.6161408833333333,
            51.494729049999989
          ],
          [
            6.6205060000000007,
            51.494660499999995
          ],
          [
            6.6248747999999997,
            51.494487766666666
          ],
          [
            6.6292243666666675,
            51.494206533333326
          ],
          [
            6.6335763833333337,
            51.493810116666658
          ],
          [
            6.6378543499999996,
            51.493242933333335
          ],
          [
            6.6417202666666659,
            51.492652966666668
          ],
          [
            6.6459453666666661,
            51.491963699999992
          ],
          [
            6.6500672666666674,
            51.491057699999992
          ],
          [
            6.6538616666666668,
            51.489705749999999
          ],
          [
            6.6561492333333341,
            51.488703133333338
          ],
          [
            6.6574692000000013,
            51.488139283333339
          ],
          [
            6.6607346333333339,
            51.486755949999996
          ],
          [
            6.6636692833333333,
            51.485163866666667
          ],
          [
            6.6665407499999993,
            51.483344500000008
          ],
          [
            6.6699124000000003,
            51.481942233333328
          ],
          [
            6.673415116666666,
            51.481240216666663
          ],
          [
            6.6770152500000002,
            51.481062716666671
          ],
          [
            6.6809504000000004,
            51.48099546666667
          ],
          [
            6.6849483666666663,
            51.480926850000003
          ],
          [
            6.6890274499999993,
            51.480851733333338
          ],
          [
            6.6928232166666666,
            51.480780933333328
          ],
          [
            6.6965071000000007,
            51.480511566666664
          ],
          [
            6.7003376333333327,
            51.479699616666664
          ],
          [
            6.7043483333333329,
            51.478642549999996
          ],
          [
            6.7086297833333335,
            51.478081683333329
          ],
          [
            6.7129891000000006,
            51.478102933333332
          ],
          [
            6.7173399166666661,
            51.478310933333326
          ],
          [
            6.7217019666666662,
            51.478542866666672
          ],
          [
            6.7260327833333333,
            51.479030466666671
          ],
          [
            6.7296939666666669,
            51.48000776666666
          ],
          [
            6.7330300500000009,
            51.481377183333343
          ],
          [
            6.7363209166666671,
            51.482786449999999
          ],
          [
            6.7399251833333347,
            51.484319866666659
          ],
          [
            6.7435456666666669,
            51.485859783333339
          ],
          [
            6.7471313833333344,
            51.486931583333337
          ],
          [
            6.7514235666666664,
            51.487364849999999
          ],
          [
            6.755779033333333,
            51.487139716666661
          ],
          [
            6.7597110999999996,
            51.486656716666658
          ],
          [
            6.7638268333333338,
            51.485861499999999
          ],
          [
            6.7671284999999992,
            51.484643916666663
          ],
          [
            6.7709177833333341,
            51.483343383333342
          ],
          [
            6.7748160000000004,
            51.483205133333328
          ],
          [
            6.7782497833333331,
            51.484127233333325
          ],
          [
            6.7814226,
            51.485660283333331
          ],
          [
            6.7853140833333327,
            51.486371499999997
          ],
          [
            6.7890702166666657,
            51.485983833333329
          ],
          [
            6.7928800666666662,
            51.485014666666665
          ],
          [
            6.796924016666666,
            51.484602716666664
          ],
          [
            6.800935766666667,
            51.485419800000003
          ],
          [
            6.8047356666666667,
            51.486687283333339
          ],
          [
            6.8083300500000012,
            51.487424350000012
          ],
          [
            6.8119827166666669,
            51.487682933333325
          ],
          [
            6.8150734000000002,
            51.487286033333341
          ],
          [
            6.8139965666666669,
            51.48526656666666
          ],
          [
            6.8135054666666672,
            51.483652916666671
          ],
          [
            6.8133546999999997,
            51.481906766666668
          ],
          [
            6.8136194666666681,
            51.479675066666672
          ],
          [
            6.8145125833333342,
            51.477316783333329
          ],
          [
            6.8155324666666672,
            51.474793233333337
          ],
          [
            6.8162934500000008,
            51.47244906666667
          ],
          [
            6.8166719333333337,
            51.469809333333323
          ],
          [
            6.81634385,
            51.467087266666674
          ],
          [
            6.815414333333333,
            51.464646466666665
          ],
          [
            6.8137022499999995,
            51.462587499999998
          ],
          [
            6.8122194333333335,
            51.461461566666671
          ],
          [
            6.8115305999999993,
            51.461060549999999
          ],
          [
            6.809123099999999,
            51.459989449999995
          ],
          [
            6.8064421954203418,
            51.459160560789961
          ],
          [
            6.8039398483304074,
            51.458047002763116
          ],
          [
            6.8019861209084773,
            51.456727457809023
          ],
          [
            6.8005375180212235,
            51.455242861289882
          ],
          [
            6.799483391309658,
            51.453394021599124
          ],
          [
            6.7990447267731593,
            51.451585785048358
          ],
          [
            6.7988029079249355,
            51.449629062341529
          ],
          [
            6.7987316802034066,
            51.447918068530967
          ],
          [
            6.7989461156069906,
            51.446288406565607
          ],
          [
            6.7997139342902235,
            51.444537272169498
          ],
          [
            6.8009175119666265,
            51.443097363417166
          ],
          [
            6.8027386603045361,
            51.441771343197495
          ],
          [
            6.8045048964184787,
            51.440641834665968
          ],
          [
            6.806219690989459,
            51.439268090463962
          ],
          [
            6.8074074333333332,
            51.437771349999998
          ],
          [
            6.8083072917510368,
            51.436091149010799
          ],
          [
            6.8085470077945516,
            51.434346211284549
          ],
          [
            6.8082503941491117,
            51.432698681918168
          ],
          [
            6.8074591666666668,
            51.430853583333324
          ],
          [
            6.8059486166666661,
            51.429163100000004
          ],
          [
            6.8041956000000008,
            51.427730333333329
          ],
          [
            6.8022659666666661,
            51.426173366666674
          ],
          [
            6.8004171166666678,
            51.424680000000009
          ],
          [
            6.7983107166666663,
            51.422710949999995
          ],
          [
            6.7971190666666663,
            51.420126833333342
          ],
          [
            6.7974445499999998,
            51.417427333333343
          ],
          [
            6.7985604500000001,
            51.414786266666667
          ],
          [
            6.7995125666666674,
            51.412626583333328
          ],
          [
            6.8005790333333342,
            51.409980133333328
          ],
          [
            6.8020376833333325,
            51.407664366666658
          ],
          [
            6.8040408499999989,
            51.405520033333339
          ],
          [
            6.8064736000000003,
            51.403556416666667
          ],
          [
            6.8092831000000018,
            51.401474566666664
          ],
          [
            6.8120840166666676,
            51.399353750000003
          ],
          [
            6.8145095166666669,
            51.39739878333333
          ],
          [
            6.8164510833333338,
            51.395224800000001
          ],
          [
            6.8178349166666674,
            51.392892366666672
          ],
          [
            6.818640433333333,
            51.390466050000001
          ],
          [
            6.8193340499999993,
            51.387765333333334
          ],
          [
            6.8200235500000002,
            51.385055383333338
          ],
          [
            6.8206522000000014,
            51.382621016666654
          ],
          [
            6.8213251333333327,
            51.38004755
          ],
          [
            6.821994516666666,
            51.377445950000002
          ],
          [
            6.8226864999999997,
            51.374833600000002
          ],
          [
            6.823643566666667,
            51.372568116666663
          ],
          [
            6.8250852833333342,
            51.370326499999997
          ],
          [
            6.8266792333333344,
            51.367852133333329
          ],
          [
            6.828295933333334,
            51.365328283333341
          ],
          [
            6.8300505000000005,
            51.362804666666669
          ],
          [
            6.8321054166666668,
            51.360673183333333
          ],
          [
            6.8346005500000002,
            51.358742266666667
          ],
          [
            6.8378186833333334,
            51.356896533333341
          ],
          [
            6.8411011333333329,
            51.355501216666674
          ],
          [
            6.8448458666666658,
            51.354114233333334
          ],
          [
            6.8486125666666666,
            51.35272488333333
          ],
          [
            6.851004249999999,
            51.351836366666667
          ],
          [
            6.852027033333334,
            51.351455899999998
          ],
          [
            6.8554439,
            51.350168600000011
          ],
          [
            6.8592067666666674,
            51.34877316666666
          ],
          [
            6.8623847499999995,
            51.347286516666664
          ],
          [
            6.8651874166666662,
            51.345523800000002
          ],
          [
            6.8679448333333335,
            51.343411083333329
          ],
          [
            6.8704432499999992,
            51.341476366666669
          ],
          [
            6.8731955666666673,
            51.339365366666669
          ],
          [
            6.8759005499999999,
            51.337222616666672
          ],
          [
            6.8784432666666664,
            51.33530713333333
          ],
          [
            6.8809415333333339,
            51.333366516666672
          ],
          [
            6.8834600666666663,
            51.331421583333331
          ],
          [
            6.88621135,
            51.329302049999995
          ],
          [
            6.888705616666666,
            51.327362916666672
          ],
          [
            6.8911904166666664,
            51.325430716666666
          ],
          [
            6.8936668333333335,
            51.323486450000004
          ],
          [
            6.8957786333333324,
            51.321396633333336
          ],
          [
            6.8974143000000003,
            51.31911740000001
          ],
          [
            6.8986145166666661,
            51.316484466666658
          ],
          [
            6.8991575499999991,
            51.314023083333332
          ],
          [
            6.8991367833333337,
            51.311545933333335
          ],
          [
            6.8984855000000005,
            51.308860433333336
          ],
          [
            6.8976429999999995,
            51.306158933333336
          ],
          [
            6.8969018000000002,
            51.303713266666662
          ],
          [
            6.896347050000001,
            51.301281116666665
          ],
          [
            6.8963210166666675,
            51.298787266666672
          ],
          [
            6.8968466999999993,
            51.296308616666664
          ],
          [
            6.8975904999999997,
            51.293914466666671
          ],
          [
            6.8983703500000004,
            51.291380949999997
          ],
          [
            6.8990219333333336,
            51.289290849999993
          ],
          [
            6.8991745833333331,
            51.288803433333335
          ],
          [
            6.8999970999999993,
            51.28614335000001
          ],
          [
            6.9009590666666663,
            51.283751116666657
          ],
          [
            6.9026367999999989,
            51.281214216666662
          ],
          [
            6.9044534166666667,
            51.279005199999993
          ],
          [
            6.9063310833333338,
            51.276806116666663
          ],
          [
            6.9082574000000001,
            51.274552966666668
          ],
          [
            6.9103139499999999,
            51.272157283333335
          ],
          [
            6.9121768499999989,
            51.269959599999993
          ],
          [
            6.9137094333333344,
            51.267657049999997
          ],
          [
            6.9147036999999987,
            51.265274283333341
          ],
          [
            6.9151681666666658,
            51.262789283333333
          ],
          [
            6.9150878999999996,
            51.260234733333327
          ],
          [
            6.9145005166666671,
            51.257577049999995
          ],
          [
            6.9139132333333331,
            51.255080883333328
          ],
          [
            6.9132829166666658,
            51.252400183333343
          ],
          [
            6.9127070833333333,
            51.24995246666667
          ],
          [
            6.9121280499999989,
            51.247491733333334
          ],
          [
            6.9115423499999995,
            51.244835883333323
          ],
          [
            6.9108661833333329,
            51.242142616666662
          ],
          [
            6.9103314333333321,
            51.239690033333332
          ],
          [
            6.9102603333333334,
            51.236969050000006
          ],
          [
            6.9107293666666676,
            51.23450918333333
          ],
          [
            6.9117144499999998,
            51.232118633333329
          ],
          [
            6.9132374000000008,
            51.229822550000002
          ],
          [
            6.9151996166666665,
            51.227429516666668
          ],
          [
            6.9171865833333346,
            51.224985916666675
          ],
          [
            6.9190351333333338,
            51.222712783333328
          ],
          [
            6.9208695166666665,
            51.22049943333333
          ],
          [
            6.9221054000000004,
            51.219076583333333
          ],
          [
            6.9226275500000005,
            51.218445800000005
          ],
          [
            6.9244673499999996,
            51.216224250000003
          ],
          [
            6.9262269999999999,
            51.214094700000004
          ],
          [
            6.9279187499999999,
            51.212043733333331
          ],
          [
            6.9296799166666672,
            51.20989946666667
          ],
          [
            6.9313371833333326,
            51.207860633333333
          ],
          [
            6.9329061833333334,
            51.205898250000004
          ],
          [
            6.9342837166666653,
            51.203914699999999
          ],
          [
            6.9355439000000016,
            51.201856516666673
          ],
          [
            6.9366190499999991,
            51.200037383333331
          ],
          [
            6.9374438498866411,
            51.198478426303637
          ],
          [
            6.9385140089980908,
            51.197062341196506
          ],
          [
            6.9407490499999991,
            51.195972366666666
          ],
          [
            6.9432452999999983,
            51.195666633333339
          ],
          [
            6.9457438833333338,
            51.196155016666673
          ],
          [
            6.9489168333333335,
            51.196687750000002
          ],
          [
            6.9524005166666676,
            51.19718713333333
          ],
          [
            6.9555747333333331,
            51.197546950000003
          ],
          [
            6.9591375333333332,
            51.197856050000006
          ],
          [
            6.9629100999999993,
            51.198166033333337
          ],
          [
            6.9672019000000001,
            51.198567500000003
          ],
          [
            6.9715133333333332,
            51.198961583333329
          ],
          [
            6.9758246333333336,
            51.199354583333324
          ],
          [
            6.9797554333333345,
            51.199714233333331
          ],
          [
            6.9840618833333341,
            51.200110716666664
          ],
          [
            6.9879891666666669,
            51.200466083333339
          ],
          [
            6.9922995666666665,
            51.200858333333322
          ],
          [
            6.9966198666666664,
            51.201254933333331
          ],
          [
            7.0008665666666667,
            51.201869016666663
          ],
          [
            7.0008665666666667,
            51.201869016666663
          ],
          [
            7.0049450000000002,
            51.202841183333341
          ],
          [
            7.0090244166666666,
            51.203817100000002
          ],
          [
            7.0130439166666676,
            51.204863616666671
          ],
          [
            7.0170568666666666,
            51.205909716666675
          ],
          [
            7.021096366666665,
            51.206928766666671
          ],
          [
            7.0253220333333326,
            51.207598283333333
          ],
          [
            7.0292652833333324,
            51.207759166666662
          ],
          [
            7.0330947833333326,
            51.207771433333328
          ],
          [
            7.0370404166666676,
            51.207788116666677
          ],
          [
            7.0410804333333337,
            51.208252433333335
          ],
          [
            7.0443917499999991,
            51.209221333333332
          ],
          [
            7.0478656333333332,
            51.210387250000004
          ],
          [
            7.0514482333333337,
            51.211676033333333
          ],
          [
            7.0542625999999995,
            51.213244083333329
          ],
          [
            7.0563237666666669,
            51.215193183333341
          ],
          [
            7.0577661999999997,
            51.217194050000003
          ],
          [
            7.0598637666666662,
            51.218991566666666
          ],
          [
            7.0626464499999999,
            51.220042216666656
          ],
          [
            7.0660788833333337,
            51.220592666666668
          ],
          [
            7.0695983999999994,
            51.221246616666669
          ],
          [
            7.0724607833333337,
            51.222808966666662
          ],
          [
            7.0746363333333324,
            51.22437596666667
          ],
          [
            7.0776275166666673,
            51.225321466666671
          ],
          [
            7.0809399166666669,
            51.225673666666673
          ],
          [
            7.083674283333333,
            51.226139633333339
          ],
          [
            7.0857563000000008,
            51.227027283333335
          ],
          [
            7.087252133333334,
            51.228294266666666
          ],
          [
            7.0884048833333333,
            51.230090249999996
          ],
          [
            7.0894401166666672,
            51.231139733333336
          ],
          [
            7.0909330333333331,
            51.232193866666663
          ],
          [
            7.0920497333333321,
            51.233343016666673
          ],
          [
            7.092580166666667,
            51.234736016666666
          ],
          [
            7.0917302352126095,
            51.236201449184641
          ],
          [
            7.0908519243500399,
            51.237019912166687
          ],
          [
            7.0921971113676303,
            51.237377099009521
          ],
          [
            7.0936535897475057,
            51.237370565721015
          ],
          [
            7.0948585999999993,
            51.237860216666668
          ],
          [
            7.0935415622751901,
            51.238103548766603
          ],
          [
            7.0934642833333328,
            51.237470799999997
          ],
          [
            7.093297327488572,
            51.23657074363129
          ],
          [
            7.0933226333333339,
            51.23566078333333
          ],
          [
            7.0936112833333329,
            51.234770533333325
          ],
          [
            7.0947665833333344,
            51.233215400000006
          ],
          [
            7.0969877577853326,
            51.231810400133135
          ],
          [
            7.0997552500000003,
            51.231149883333337
          ],
          [
            7.1025777770137202,
            51.231277900758599
          ],
          [
            7.1054881048926504,
            51.231823159947538
          ],
          [
            7.1083497318858777,
            51.232693620188698
          ],
          [
            7.111406483272332,
            51.233649250534199
          ],
          [
            7.1146996975991756,
            51.233992413854651
          ],
          [
            7.1176238503004292,
            51.23408028910584
          ],
          [
            7.1197755333333346,
            51.232947700000004
          ],
          [
            7.1206425833333338,
            51.231360716666664
          ],
          [
            7.1206467833333331,
            51.230016666666671
          ],
          [
            7.1214858666666654,
            51.227963000000003
          ],
          [
            7.124434327812498,
            51.226895967692805
          ],
          [
            7.1275389500875095,
            51.226217560364304
          ],
          [
            7.1303590379286703,
            51.225972317018524
          ],
          [
            7.1330735974172663,
            51.226642090431952
          ],
          [
            7.1354251809890874,
            51.227328360053434
          ],
          [
            7.1384411459946353,
            51.227016923673574
          ],
          [
            7.1413922410071189,
            51.226487013328764
          ],
          [
            7.1448122062162733,
            51.226481446252627
          ],
          [
            7.1484023246900659,
            51.227211628039512
          ],
          [
            7.151187189991651,
            51.228529063562348
          ],
          [
            7.1533348347703161,
            51.230331766680465
          ],
          [
            7.1546556333333342,
            51.232472866666662
          ],
          [
            7.1559082833333338,
            51.234676783333335
          ],
          [
            7.1578220000000004,
            51.236513333333342
          ],
          [
            7.1608972999999994,
            51.23763495
          ],
          [
            7.1638579606633419,
            51.238662536393349
          ],
          [
            7.1671601970755789,
            51.23954388747925
          ],
          [
            7.1707780833333326,
            51.240665599999993
          ],
          [
            7.173473866666666,
            51.241972766666663
          ],
          [
            7.176494766666667,
            51.242710283333324
          ],
          [
            7.1792460166666672,
            51.242711866666667
          ],
          [
            7.1821741833333324,
            51.243027616666659
          ],
          [
            7.1853466333333342,
            51.243244366666673
          ],
          [
            7.1883024500000001,
            51.243384116666661
          ],
          [
            7.1891200000000008,
            51.243297500000004
          ],
          [
            7.1908225833333335,
            51.242595866666669
          ],
          [
            7.1921680166666668,
            51.240994866666668
          ],
          [
            7.1933294335441493,
            51.23953375548956
          ],
          [
            7.1951640283126492,
            51.238195531429795
          ],
          [
            7.1975968775627317,
            51.237538910227457
          ],
          [
            7.1996473070999283,
            51.237519514196322
          ],
          [
            7.2011064312514685,
            51.23759657946448
          ],
          [
            7.2036196568633715,
            51.237562427196302
          ],
          [
            7.206212297525715,
            51.237058252293096
          ],
          [
            7.2085611444659614,
            51.236307546974629
          ],
          [
            7.2107305397112542,
            51.235721137654593
          ],
          [
            7.2124469057784042,
            51.235719713191173
          ],
          [
            7.2146822944534312,
            51.235925118590885
          ],
          [
            7.2170568481616906,
            51.23614904082735
          ],
          [
            7.2195422400690488,
            51.236459616060294
          ],
          [
            7.221821147668015,
            51.237099834067898
          ],
          [
            7.223953389855148,
            51.237998651414934
          ],
          [
            7.225947566666667,
            51.238593383333331
          ],
          [
            7.2278473203238978,
            51.239008425148697
          ],
          [
            7.2302305632840911,
            51.239399883757763
          ],
          [
            7.2313804584373438,
            51.239589168402752
          ],
          [
            7.2328754166666664,
            51.23983535
          ],
          [
            7.2346751541225904,
            51.239319605700629
          ],
          [
            7.2358166097861343,
            51.23766102548106
          ],
          [
            7.2359078463809334,
            51.236125874539958
          ],
          [
            7.2360251578962371,
            51.234593992927941
          ],
          [
            7.2359638560537611,
            51.232983770812368
          ],
          [
            7.2354948999999991,
            51.231608733333331
          ],
          [
            7.2352688114939658,
            51.23039529762675
          ],
          [
            7.2349590248925884,
            51.229225544583301
          ],
          [
            7.2346058500000012,
            51.228307283333336
          ],
          [
            7.2343653177661889,
            51.22709740760034
          ],
          [
            7.2347647494081935,
            51.225819239368526
          ],
          [
            7.2353463999999992,
            51.224888750000005
          ],
          [
            7.2363382009473778,
            51.223533364090194
          ],
          [
            7.2385911120269117,
            51.222525467106259
          ],
          [
            7.2403707667409876,
            51.221546953613419
          ],
          [
            7.2408355381066478,
            51.220011994934573
          ],
          [
            7.2410662640644352,
            51.218476034516478
          ],
          [
            7.2412580127994906,
            51.217079647521949
          ],
          [
            7.2412905410581434,
            51.215751001825438
          ],
          [
            7.2409064085746628,
            51.214421044094649
          ],
          [
            7.2405471878578389,
            51.213286547790673
          ],
          [
            7.2402512688753662,
            51.212345910356817
          ],
          [
            7.2408986704662741,
            51.211377929140028
          ],
          [
            7.2416006115686207,
            51.21053841235986
          ],
          [
            7.242413948766802,
            51.209551342150895
          ],
          [
            7.2432791666666674,
            51.208470500000004
          ],
          [
            7.2442007751618629,
            51.207366855202558
          ],
          [
            7.2450736268417568,
            51.206168780796325
          ],
          [
            7.245324995463168,
            51.204928533418062
          ],
          [
            7.2462019078018534,
            51.204021485107866
          ],
          [
            7.247356981496389,
            51.20313843730888
          ],
          [
            7.2485410382621653,
            51.202391491486388
          ],
          [
            7.2499702331200515,
            51.201539282086593
          ],
          [
            7.2512952696424815,
            51.20068607547784
          ],
          [
            7.2536113742430102,
            51.201046352424918
          ],
          [
            7.2561262714127857,
            51.201640780864167
          ],
          [
            7.2590642081325036,
            51.201818168583173
          ],
          [
            7.2614289219627333,
            51.20170377077676
          ],
          [
            7.2638232135626586,
            51.201337876426187
          ],
          [
            7.2663632666666675,
            51.200911233333336
          ],
          [
            7.2686887166666656,
            51.200360516666663
          ],
          [
            7.2703275570743786,
            51.199170773679214
          ],
          [
            7.2714529000000008,
            51.197498583333328
          ],
          [
            7.2713439313972508,
            51.195691675676272
          ],
          [
            7.2709137000994506,
            51.194150360043565
          ],
          [
            7.2696710900816628,
            51.192864202164841
          ],
          [
            7.268208216642595,
            51.191586821051047
          ],
          [
            7.2670886480150516,
            51.190649709056196
          ],
          [
            7.2663975333333326,
            51.189859549999994
          ],
          [
            7.2676071333333327,
            51.189377083333326
          ],
          [
            7.2672322333333339,
            51.188485350000008
          ],
          [
            7.2686155000000001,
            51.188250428157851
          ],
          [
            7.270129678623074,
            51.188063986921179
          ],
          [
            7.2718511245926178,
            51.188270306960099
          ],
          [
            7.2733937335903853,
            51.188154454295777
          ],
          [
            7.2750437379114512,
            51.188059467807392
          ],
          [
            7.2765133833333344,
            51.187878533333333
          ],
          [
            7.2770166742514224,
            51.186993746691918
          ],
          [
            7.2758780624265507,
            51.185970695920282
          ],
          [
            7.2787234149853566,
            51.185126350106422
          ]
        ],
        "type" : "LineString"
      },
      "properties" : {
        "device" : "B9E47AEB-E54C-4563-96B6-06995DD4BC56 (iPhone 16 Pro)",
        "end" : "2026-04-14T21:59:59Z",
        "source" : "Geory 5.3.2",
        "start" : "2026-04-13T22:00:00Z",
        "type" : "route"
      },
      "type" : "Feature"
    }
  ]
}