{
  "type" : "FeatureCollection",
  "features" : [
    {
      "type" : "Feature",
      "geometry" : {
        "type" : "Point",
        "coordinates" : [
          7.2787531473555802,
          51.185099592957883
        ]
      },
      "properties" : {
        "arrival" : "2026-09-08T14:59:17Z",
        "device" : "B9E47AEB-E54C-4563-96B6-06995DD4BC56 (iPhone 16 Pro)",
        "label" : "Zuhause",
        "departure" : "2026-09-09T09:13:48Z",
        "duration" : 65670.958492040634,
        "source" : "Geory 5.3.2",
        "weather" : "Bedeckter Himmel (24,0 °C)",
        "type" : "visit",
        "address" : "Schneppendahl 1A, Lennep, 42897 Remscheid, Deutschland",
        "rating" : 0,
        "timestamp" : "2026-09-08T14:59:17Z"
      }
    },
    {
      "geometry" : {
        "type" : "Point",
        "coordinates" : [
          4.5882631644584864,
          52.461640770018576
        ]
      },
      "properties" : {
        "rating" : 0,
        "source" : "Geory 5.3.2",
        "departure" : "2026-09-09T13:19:50Z",
        "address" : "Harbour of IJmuiden, Halkade 2, 1976 DC IJmuiden, Niederlande",
        "arrival" : "2026-09-09T12:49:00Z",
        "type" : "visit",
        "device" : "B9E47AEB-E54C-4563-96B6-06995DD4BC56 (iPhone 16 Pro)",
        "duration" : 1849.7803056240082,
        "timestamp" : "2026-09-09T12:49:00Z",
        "weather" : "Klarer Himmel (17,9 °C)"
      },
      "type" : "Feature"
    },
    {
      "type" : "Feature",
      "geometry" : {
        "type" : "Point",
        "coordinates" : [
          4.5836627511374992,
          52.463203518827434
        ]
      },
      "properties" : {
        "address" : "Harbour of IJmuiden, Sluisplein 80, 1975 AG IJmuiden, Niederlande",
        "device" : "B9E47AEB-E54C-4563-96B6-06995DD4BC56 (iPhone 16 Pro)",
        "rating" : 0,
        "source" : "Geory 5.3.2",
        "departure" : "2026-09-09T13:56:12Z",
        "type" : "visit",
        "weather" : "Klarer Himmel (18,4 °C)",
        "duration" : 1926.668247461319,
        "arrival" : "2026-09-09T13:24:05Z",
        "timestamp" : "2026-09-09T13:24:05Z"
      }
    },
    {
      "type" : "Feature",
      "geometry" : {
        "type" : "Point",
        "coordinates" : [
          4.5872381273206662,
          52.462265946712904
        ]
      },
      "properties" : {
        "arrival" : "2026-09-09T13:59:21Z",
        "duration" : 2731.1828389167786,
        "type" : "visit",
        "timestamp" : "2026-09-09T13:59:21Z",
        "rating" : 0,
        "weather" : "Klarer Himmel (18,3 °C)",
        "departure" : "2026-09-09T14:44:52Z",
        "source" : "Geory 5.3.2",
        "address" : "Harbour of IJmuiden, 1975 BN IJmuiden, Niederlande",
        "device" : "B9E47AEB-E54C-4563-96B6-06995DD4BC56 (iPhone 16 Pro)"
      }
    },
    {
      "type" : "Feature",
      "properties" : {
        "type" : "visit",
        "device" : "B9E47AEB-E54C-4563-96B6-06995DD4BC56 (iPhone 16 Pro)",
        "arrival" : "2026-09-09T14:46:28Z",
        "address" : "Harbour of IJmuiden, 1976 CB IJmuiden, Niederlande",
        "timestamp" : "2026-09-09T14:46:28Z",
        "rating" : 0,
        "weather" : "Klarer Himmel (18,0 °C)",
        "source" : "Geory 5.3.2",
        "duration" : 2930.8639032840729,
        "departure" : "2026-09-09T15:35:19Z"
      },
      "geometry" : {
        "type" : "Point",
        "coordinates" : [
          4.5817367106709277,
          52.463199326469883
        ]
      }
    },
    {
      "type" : "Feature",
      "geometry" : {
        "coordinates" : [
          -2.7942403911467233,
          56.197217681989741
        ],
        "type" : "Point"
      },
      "properties" : {
        "device" : "B9E47AEB-E54C-4563-96B6-06995DD4BC56 (iPhone 16 Pro)",
        "source" : "Geory 5.3.2",
        "timestamp" : "2026-09-10T13:32:43Z",
        "rating" : 0,
        "address" : "A917, Ardross, Elie, Leven, KY9, Schottland",
        "departure" : "2026-09-10T14:20:47Z",
        "arrival" : "2026-09-10T13:32:43Z",
        "type" : "visit",
        "duration" : 2884.0022301673889,
        "weather" : "Leichter Regen (14,6 °C)"
      }
    },
    {
      "geometry" : {
        "coordinates" : [
          [
            -2.6816590856674791,
            56.22968431199557
          ],
          [
            -2.6827065288863374,
            56.229703129093416
          ],
          [
            -2.6826230833333331,
            56.229045883333342
          ],
          [
            -2.6835363644482593,
            56.228250347516926
          ],
          [
            -2.6851105070266348,
            56.227955253956523
          ],
          [
            -2.6867494009391177,
            56.22815831421935
          ],
          [
            -2.6879043484298792,
            56.228933526628367
          ],
          [
            -2.6889723161390382,
            56.229984498980123
          ],
          [
            -2.6899185202200648,
            56.230805603189424
          ],
          [
            -2.6905079999999999,
            56.22975086666667
          ],
          [
            -2.6913558499999999,
            56.228832666666662
          ],
          [
            -2.6920641333333335,
            56.227932016666664
          ],
          [
            -2.6936130788340042,
            56.227157139260548
          ],
          [
            -2.6950359166666669,
            56.22646038333334
          ],
          [
            -2.6965960666666664,
            56.226011383333322
          ],
          [
            -2.698150416666667,
            56.225658800000005
          ],
          [
            -2.6996408833333332,
            56.225316466666669
          ],
          [
            -2.7009390499999997,
            56.224707166666661
          ],
          [
            -2.7019544166666667,
            56.224007
          ],
          [
            -2.7029919333333332,
            56.223293349999999
          ],
          [
            -2.7043384007658542,
            56.22276616368125
          ],
          [
            -2.7054668999999998,
            56.222116850000006
          ],
          [
            -2.7067322666666662,
            56.221509699999991
          ],
          [
            -2.7079457666666666,
            56.220811133333335
          ],
          [
            -2.709129616666667,
            56.220055516666662
          ],
          [
            -2.7103694333333332,
            56.219215033333327
          ],
          [
            -2.7118357500000001,
            56.218502633333337
          ],
          [
            -2.7135785833333337,
            56.21795121666667
          ],
          [
            -2.7154800666666667,
            56.217457050000007
          ],
          [
            -2.7175462166666668,
            56.217011966666661
          ],
          [
            -2.7196422166666667,
            56.216652116666666
          ],
          [
            -2.7213352361099394,
            56.216260741005904
          ],
          [
            -2.7232701425213546,
            56.215775995541222
          ],
          [
            -2.7250017499999997,
            56.215350450000003
          ],
          [
            -2.7267546999999999,
            56.215235533333335
          ],
          [
            -2.7283452534468777,
            56.214921516336567
          ],
          [
            -2.7298814500000002,
            56.214468183333345
          ],
          [
            -2.7314977333333332,
            56.214158266666658
          ],
          [
            -2.7332494000000001,
            56.214107250000005
          ],
          [
            -2.7346784333333329,
            56.214574933333338
          ],
          [
            -2.7368108833333333,
            56.214561066666661
          ],
          [
            -2.7379718833333335,
            56.214269200000004
          ],
          [
            -2.7395588405387103,
            56.213634340421081
          ],
          [
            -2.7412684999999999,
            56.213305283333327
          ],
          [
            -2.7432875650486892,
            56.213190827813143
          ],
          [
            -2.7455900766717578,
            56.212998005552187
          ],
          [
            -2.74781577736417,
            56.212393730169126
          ],
          [
            -2.749647122875015,
            56.211606044118689
          ],
          [
            -2.7511789744661428,
            56.210647969340656
          ],
          [
            -2.7532322179124766,
            56.209963784296285
          ],
          [
            -2.7554083599413217,
            56.209461535641971
          ],
          [
            -2.757503966666667,
            56.20896590000001
          ],
          [
            -2.7593740500000004,
            56.208540466666662
          ],
          [
            -2.7610964666666669,
            56.208174283333328
          ],
          [
            -2.7628210166666669,
            56.207878833333339
          ],
          [
            -2.7646592666666669,
            56.207896166666664
          ],
          [
            -2.7668116333333335,
            56.207963850000006
          ],
          [
            -2.7690495333333329,
            56.208023233333336
          ],
          [
            -2.7711777999999998,
            56.207859099999993
          ],
          [
            -2.7730024999999996,
            56.207395683333331
          ],
          [
            -2.774961666666667,
            56.206727766666674
          ],
          [
            -2.7765938833333332,
            56.205988416666671
          ],
          [
            -2.7784945833333334,
            56.205250066666665
          ],
          [
            -2.7807783000000001,
            56.204681083333327
          ],
          [
            -2.7830992333333335,
            56.204103099999998
          ],
          [
            -2.7850841333333336,
            56.203457799999995
          ],
          [
            -2.7864015081637152,
            56.202939727188372
          ],
          [
            -2.7883496435555246,
            56.202156217803022
          ],
          [
            -2.7899917034624226,
            56.201228065942637
          ],
          [
            -2.7910460702018782,
            56.200366163215016
          ],
          [
            -2.7920732327262603,
            56.199519611745984
          ],
          [
            -2.7925587413291195,
            56.199117517123419
          ],
          [
            -2.7942403911467233,
            56.197217681989741
          ],
          [
            -2.794960066666667,
            56.197144233333333
          ],
          [
            -2.7971722666666663,
            56.195996333333341
          ],
          [
            -2.7985332000000001,
            56.195309216666665
          ],
          [
            -2.8008813333333329,
            56.194580300000005
          ],
          [
            -2.8033892833333338,
            56.193972166666661
          ],
          [
            -2.806333383333333,
            56.193501449999999
          ],
          [
            -2.8090507500000004,
            56.193072683333334
          ],
          [
            -2.81163585,
            56.192670016666668
          ],
          [
            -2.81372475,
            56.192194283333343
          ],
          [
            -2.8150588333333331,
            56.191690616666669
          ],
          [
            -2.8164434166666665,
            56.191160000000011
          ],
          [
            -2.8179433833333336,
            56.190683916666671
          ],
          [
            -2.8196142166666665,
            56.190492283333327
          ],
          [
            -2.8213118000000001,
            56.190433299999995
          ],
          [
            -2.821609,
            56.191352199999997
          ],
          [
            -2.8218484333333329,
            56.192293450000008
          ],
          [
            -2.8220803499999998,
            56.193229366666671
          ],
          [
            -2.8227244333333332,
            56.194299233333332
          ],
          [
            -2.8240229166666668,
            56.195334533333337
          ],
          [
            -2.8253660833333334,
            56.196298016666667
          ],
          [
            -2.8275223999999999,
            56.197103033333335
          ],
          [
            -2.8296820500000002,
            56.198089300000007
          ],
          [
            -2.8314157,
            56.199186183333325
          ],
          [
            -2.8324826999999999,
            56.200576749999996
          ],
          [
            -2.8333302333333332,
            56.201865083333331
          ],
          [
            -2.8340501333333328,
            56.202792100000003
          ],
          [
            -2.8344323333333334,
            56.20374673333334
          ],
          [
            -2.8351731999999998,
            56.205024383333331
          ],
          [
            -2.8357972234941533,
            56.205938721008792
          ],
          [
            -2.835652333333333,
            56.207075933333336
          ],
          [
            -2.8340095666666665,
            56.207729866666654
          ],
          [
            -2.8324742499999997,
            56.208187166666661
          ],
          [
            -2.8308121833333328,
            56.20837135
          ],
          [
            -2.8291925500000001,
            56.20840840000001
          ],
          [
            -2.8275258000000001,
            56.208467283333327
          ],
          [
            -2.8264242166666667,
            56.209129266666665
          ],
          [
            -2.8264236166666663,
            56.210031616666662
          ],
          [
            -2.8264686333333335,
            56.210960049999997
          ],
          [
            -2.8268186645760061,
            56.211924758718695
          ],
          [
            -2.8269944549228585,
            56.213219482686135
          ],
          [
            -2.8270088309697448,
            56.214435240713733
          ],
          [
            -2.8271580356441426,
            56.215723860594068
          ],
          [
            -2.8274210303299934,
            56.217418561882283
          ],
          [
            -2.8276867080394323,
            56.219190456721989
          ],
          [
            -2.8279469666666666,
            56.220716583333328
          ],
          [
            -2.8280634999999998,
            56.221892033333347
          ],
          [
            -2.8287346166666669,
            56.222780716666669
          ],
          [
            -2.8304800333333331,
            56.222130233333331
          ],
          [
            -2.8332381333333339,
            56.221762216666669
          ],
          [
            -2.8360262499999997,
            56.221531133333336
          ],
          [
            -2.8386233666666665,
            56.221313899999998
          ],
          [
            -2.8411291333333333,
            56.221117199999995
          ],
          [
            -2.8433198666666661,
            56.220960783333339
          ],
          [
            -2.8450135500000004,
            56.220794899999994
          ],
          [
            -2.8466147333333334,
            56.220609016666671
          ],
          [
            -2.8482603333333332,
            56.220428899999995
          ],
          [
            -2.8499172333333336,
            56.22024416666666
          ],
          [
            -2.8515305,
            56.220046616666664
          ],
          [
            -2.8541059,
            56.219724916666671
          ],
          [
            -2.8570625489257422,
            56.219351544033628
          ],
          [
            -2.8598769621246838,
            56.219010974809173
          ],
          [
            -2.8625222209378367,
            56.218740717611041
          ],
          [
            -2.8652456666666666,
            56.21826621666667
          ],
          [
            -2.867521,
            56.217650800000001
          ],
          [
            -2.8696030166666673,
            56.216818783333338
          ],
          [
            -2.8715163499999998,
            56.216043533333334
          ],
          [
            -2.8736804500000002,
            56.216075783333331
          ],
          [
            -2.8763205833333334,
            56.215890999999999
          ],
          [
            -2.8792198833333336,
            56.215625033333332
          ],
          [
            -2.8823881,
            56.215586083333328
          ],
          [
            -2.8852623666666668,
            56.216006116666662
          ],
          [
            -2.8883113833333334,
            56.216663016666679
          ],
          [
            -2.8912317999999999,
            56.217200966666667
          ],
          [
            -2.8941992666666669,
            56.217315883333335
          ],
          [
            -2.8968341666666664,
            56.217381849999995
          ],
          [
            -2.8993190833333338,
            56.218052266666668
          ],
          [
            -2.9018097000000003,
            56.218444833333329
          ],
          [
            -2.9037420333333337,
            56.219172300000004
          ],
          [
            -2.9059986666666666,
            56.220385433333334
          ],
          [
            -2.9089716999999999,
            56.220998750000007
          ],
          [
            -2.9118610499999997,
            56.221493083333343
          ],
          [
            -2.9149971333333333,
            56.221700183333333
          ],
          [
            -2.9173480166666672,
            56.221911233333337
          ],
          [
            -2.9199075999999997,
            56.2215001
          ],
          [
            -2.9220092833333333,
            56.221136399999992
          ],
          [
            -2.9240050833333333,
            56.22097269999999
          ],
          [
            -2.9257427333333337,
            56.220885416666668
          ],
          [
            -2.9274292333333336,
            56.220627033333329
          ],
          [
            -2.9289690999999998,
            56.220294550000006
          ],
          [
            -2.9302456000000006,
            56.219602583333334
          ],
          [
            -2.93074075,
            56.218306016666673
          ],
          [
            -2.931879583333334,
            56.217172183333332
          ],
          [
            -2.9343493666666669,
            56.216725366666665
          ],
          [
            -2.9362325833333327,
            56.216386333333332
          ],
          [
            -2.9383707166666659,
            56.216379400000008
          ],
          [
            -2.9404354333333336,
            56.21648141666666
          ],
          [
            -2.9422157333333332,
            56.21656946666667
          ],
          [
            -2.9438273666666666,
            56.21652313333334
          ],
          [
            -2.9455616166666667,
            56.216535083333341
          ],
          [
            -2.9472165292719752,
            56.216253325604924
          ],
          [
            -2.9488861333333336,
            56.216005166666669
          ],
          [
            -2.9492492252881166,
            56.215040762293995
          ],
          [
            -2.9506555018986775,
            56.214510160923282
          ],
          [
            -2.9522635500000001,
            56.213954099999995
          ],
          [
            -2.9536460666666668,
            56.213853583333339
          ],
          [
            -2.9552838999999995,
            56.213669583333328
          ],
          [
            -2.9568562833333338,
            56.213361033333335
          ],
          [
            -2.9584525136821251,
            56.213056341227897
          ],
          [
            -2.9600669988331183,
            56.212733079623227
          ],
          [
            -2.961633683333333,
            56.212400883333338
          ],
          [
            -2.9637880833333337,
            56.211971266666659
          ],
          [
            -2.9659117666666663,
            56.211535599999998
          ],
          [
            -2.9685781333333332,
            56.210990733333333
          ],
          [
            -2.9714457333333333,
            56.210404116666659
          ],
          [
            -2.9746290499999994,
            56.209756383333328
          ],
          [
            -2.977839039307141,
            56.209121083515925
          ],
          [
            -2.9805857131145315,
            56.20856535115206
          ],
          [
            -2.9830619790912816,
            56.208064258329657
          ],
          [
            -2.9852770836218951,
            56.207621148760566
          ],
          [
            -2.9874466226598826,
            56.207188952932789
          ],
          [
            -2.9890910830226751,
            56.206866875761882
          ],
          [
            -2.9907212287955329,
            56.20654310812472
          ],
          [
            -2.9923178625895028,
            56.206221391311644
          ],
          [
            -2.9940847596951894,
            56.205707868560715
          ],
          [
            -2.9948234500000006,
            56.204878533333336
          ],
          [
            -2.9954322833333329,
            56.203964583333331
          ],
          [
            -2.9968084333333338,
            56.203459766666668
          ],
          [
            -2.9983705166666663,
            56.202900733333337
          ],
          [
            -3.0003227333333333,
            56.202472216666671
          ],
          [
            -3.0025408333333332,
            56.202071566666667
          ],
          [
            -3.0047757166666664,
            56.201664083333334
          ],
          [
            -3.0070302333333334,
            56.201239050000005
          ],
          [
            -3.0089839333333335,
            56.200882716666669
          ],
          [
            -3.0107023666666661,
            56.200573033333335
          ],
          [
            -3.0122675333333326,
            56.200261183333332
          ],
          [
            -3.0145231333333338,
            56.199831416666662
          ],
          [
            -3.0169731833333335,
            56.199378433333337
          ],
          [
            -3.0194359499999996,
            56.19903810000001
          ],
          [
            -3.0214235666666669,
            56.198813116666663
          ],
          [
            -3.0231622833333338,
            56.198550750000003
          ],
          [
            -3.0253100499999999,
            56.198411116666662
          ],
          [
            -3.0277155499999999,
            56.198228083333333
          ],
          [
            -3.0299627500000001,
            56.198058633333325
          ],
          [
            -3.0316504328203906,
            56.197919341726028
          ],
          [
            -3.0332642833333336,
            56.19773446666666
          ],
          [
            -3.0354868833333328,
            56.197628183333336
          ],
          [
            -3.0373085919921845,
            56.19762846632085
          ],
          [
            -3.0392793180383735,
            56.197342537497228
          ],
          [
            -3.0411838553909831,
            56.197194395145793
          ],
          [
            -3.0433615457159893,
            56.196816221102893
          ],
          [
            -3.0449461994406022,
            56.19594953299687
          ],
          [
            -3.0449461994406022,
            56.19594953299687
          ],
          [
            -3.0463623695470261,
            56.194889809919431
          ],
          [
            -3.0472052433570846,
            56.193974316774408
          ],
          [
            -3.0482782166666671,
            56.193294449999996
          ],
          [
            -3.0511746,
            56.191936749999996
          ],
          [
            -3.0545001000000003,
            56.191128366666661
          ],
          [
            -3.058445233333333,
            56.191200433333336
          ],
          [
            -3.0621704000000003,
            56.191671566666678
          ],
          [
            -3.0659325833333337,
            56.192150216666676
          ],
          [
            -3.0695831999999994,
            56.192611599999992
          ],
          [
            -3.073054616666667,
            56.193038049999998
          ],
          [
            -3.0770789666666665,
            56.193510383333326
          ],
          [
            -3.0808585000000002,
            56.193932433333337
          ],
          [
            -3.0843527500000003,
            56.194335116666657
          ],
          [
            -3.0879780833333328,
            56.194866299999994
          ],
          [
            -3.0913119666666673,
            56.195363133333331
          ],
          [
            -3.0950653666666663,
            56.195636399999998
          ],
          [
            -3.0985853833333334,
            56.195565033333331
          ],
          [
            -3.1017467999999999,
            56.195435883333332
          ],
          [
            -3.10537945,
            56.195336883333326
          ],
          [
            -3.1092363833333336,
            56.195875016666662
          ],
          [
            -3.1128270333333341,
            56.196493499999995
          ],
          [
            -3.1162733267265916,
            56.197073318107194
          ],
          [
            -3.1195841166666667,
            56.197043916666672
          ],
          [
            -3.122683166666667,
            56.196686566666664
          ],
          [
            -3.1261318,
            56.196746033333326
          ],
          [
            -3.129332366666667,
            56.196863699999987
          ],
          [
            -3.131461966666667,
            56.196952083333322
          ],
          [
            -3.1323482333333339,
            56.196988350000005
          ],
          [
            -3.1351918000000003,
            56.197060300000004
          ],
          [
            -3.1369605499999995,
            56.197129583333329
          ],
          [
            -3.1396042833333335,
            56.197183533333323
          ],
          [
            -3.143002420046102,
            56.197307323259942
          ],
          [
            -3.1461085833333335,
            56.197403314823937
          ],
          [
            -3.1492366448727371,
            56.197109146638105
          ],
          [
            -3.1513793446019389,
            56.196514255752518
          ],
          [
            -3.1529978999999999,
            56.19612338333333
          ],
          [
            -3.154734616666667,
            56.196326699999993
          ],
          [
            -3.1550102999999994,
            56.194759566666669
          ],
          [
            -3.1558209166666669,
            56.19300324999999
          ],
          [
            -3.1561577500000002,
            56.191130400000006
          ],
          [
            -3.155451961284812,
            56.189261706024766
          ],
          [
            -3.1539505999999999,
            56.18762026666667
          ],
          [
            -3.1523948499999994,
            56.18589621666667
          ],
          [
            -3.1509857000000001,
            56.184298333333331
          ],
          [
            -3.1498748666666674,
            56.182979833333334
          ],
          [
            -3.1493199500000002,
            56.182070916666667
          ],
          [
            -3.149323233333333,
            56.181117133333323
          ],
          [
            -3.1477704333333327,
            56.180728766666668
          ],
          [
            -3.1464485666666668,
            56.17948801666666
          ],
          [
            -3.1445380166666665,
            56.177695499999999
          ],
          [
            -3.1423436166666665,
            56.175666016666675
          ],
          [
            -3.1406340999999993,
            56.173508183333325
          ],
          [
            -3.1392776999999992,
            56.171277999999994
          ],
          [
            -3.1382381166666664,
            56.168967716666671
          ],
          [
            -3.1380677500000003,
            56.168494933333342
          ],
          [
            -3.1375326333333335,
            56.166608783333338
          ],
          [
            -3.1371816833333339,
            56.164216750000001
          ],
          [
            -3.1371864666666665,
            56.161828016666668
          ],
          [
            -3.1375007500000001,
            56.159454916666661
          ],
          [
            -3.1376873333333335,
            56.157116233333333
          ],
          [
            -3.1375517166666667,
            56.154740566666668
          ],
          [
            -3.1371285833333333,
            56.152376900000007
          ],
          [
            -3.1365203666666663,
            56.149973966666657
          ],
          [
            -3.1365864499999998,
            56.147980466666667
          ],
          [
            -3.1376229166666669,
            56.146423216666669
          ],
          [
            -3.1390543833333333,
            56.145420866666669
          ],
          [
            -3.1405967833333337,
            56.144980100000005
          ],
          [
            -3.1426022166666665,
            56.144269350000002
          ],
          [
            -3.1452938000000001,
            56.144005399999998
          ],
          [
            -3.1482285166666664,
            56.143936433333323
          ],
          [
            -3.1513300166666665,
            56.143933583333336
          ],
          [
            -3.1547228833333327,
            56.143917583333327
          ],
          [
            -3.1581940833333335,
            56.143884366666661
          ],
          [
            -3.1618062666666664,
            56.143849466666673
          ],
          [
            -3.1653356333333336,
            56.143809233333329
          ],
          [
            -3.1693237166666668,
            56.143789033333327
          ],
          [
            -3.1728177166666662,
            56.14374411666666
          ],
          [
            -3.1768229999999997,
            56.14357888333334
          ],
          [
            -3.1806264999999994,
            56.143348683333336
          ],
          [
            -3.1845025833333334,
            56.142999333333329
          ],
          [
            -3.1883518333333334,
            56.142622833333341
          ],
          [
            -3.1920790833333332,
            56.14219593333334
          ],
          [
            -3.1963405833333334,
            56.141541333333329
          ],
          [
            -3.2001877333333333,
            56.140729683333333
          ],
          [
            -3.2040286999999998,
            56.139727516666674
          ],
          [
            -3.2060187666666673,
            56.139216999999988
          ],
          [
            -3.2079152833333335,
            56.138758300000006
          ],
          [
            -3.2117334500000001,
            56.137897900000006
          ],
          [
            -3.2152619333333328,
            56.137076549999996
          ],
          [
            -3.2183506999999998,
            56.136475349999998
          ],
          [
            -3.2213417166666667,
            56.135953133333338
          ],
          [
            -3.2242916851353161,
            56.135492076732831
          ],
          [
            -3.2273283809431716,
            56.135049654448245
          ],
          [
            -3.2305019666137853,
            56.134631006930157
          ],
          [
            -3.2337699635227835,
            56.134232642424116
          ],
          [
            -3.2372781666666666,
            56.13370836666666
          ],
          [
            -3.2409170833333327,
            56.133041333333331
          ],
          [
            -3.2444448000000001,
            56.132258116666662
          ],
          [
            -3.2480802833333331,
            56.131273716666662
          ],
          [
            -3.2515868500000003,
            56.130262400000007
          ],
          [
            -3.2551230166666669,
            56.129173666666674
          ],
          [
            -3.2587194333333334,
            56.128182950000003
          ],
          [
            -3.2628271333333334,
            56.127216133333334
          ],
          [
            -3.2668157499999997,
            56.126410016666654
          ],
          [
            -3.2708275666666666,
            56.12576656666667
          ],
          [
            -3.2744525333333332,
            56.125268933333338
          ],
          [
            -3.2781125166666669,
            56.124713949999986
          ],
          [
            -3.2820378833333335,
            56.124053283333325
          ],
          [
            -3.2857310000000002,
            56.123352599999997
          ],
          [
            -3.2894027000000006,
            56.12259208333333
          ],
          [
            -3.2933542666666664,
            56.121692333333343
          ],
          [
            -3.2969598666666666,
            56.12078855
          ],
          [
            -3.3003911166666664,
            56.119842783333333
          ],
          [
            -3.3039249000000002,
            56.118807699999991
          ],
          [
            -3.3074733833333334,
            56.117695016666659
          ],
          [
            -3.3108146833333336,
            56.11656845000001
          ],
          [
            -3.3131189166666664,
            56.115736933333324
          ],
          [
            -3.3140784333333331,
            56.115379183333339
          ],
          [
            -3.3172704999999998,
            56.114141749999995
          ],
          [
            -3.3203610666666661,
            56.112861733333332
          ],
          [
            -3.3236868333333329,
            56.111388433333332
          ],
          [
            -3.3267015166666667,
            56.109961266666673
          ],
          [
            -3.3296828500000002,
            56.108489216666669
          ],
          [
            -3.332519416666667,
            56.106986766666658
          ],
          [
            -3.3351460333333338,
            56.105492300000002
          ],
          [
            -3.3379382000000004,
            56.103851050000003
          ],
          [
            -3.3404902999999999,
            56.102285366666671
          ],
          [
            -3.3430805833333332,
            56.10080658333333
          ],
          [
            -3.3456795000000001,
            56.099417250000002
          ],
          [
            -3.3483846666666666,
            56.098089049999999
          ],
          [
            -3.351171883333333,
            56.096834050000012
          ],
          [
            -3.3540291833333336,
            56.095647283333335
          ],
          [
            -3.3572850333333331,
            56.094399283333331
          ],
          [
            -3.3604204166666669,
            56.093304133333334
          ],
          [
            -3.3640896333333332,
            56.092144616666666
          ],
          [
            -3.3675382833333334,
            56.091156500000004
          ],
          [
            -3.3711229666666669,
            56.090229066666673
          ],
          [
            -3.3751302666666665,
            56.089335633333327
          ],
          [
            -3.3787985666666667,
            56.088374183333329
          ],
          [
            -3.3823191166666664,
            56.086963600000004
          ],
          [
            -3.3851201000000004,
            56.085401550000007
          ],
          [
            -3.3873993999999996,
            56.083628116666659
          ],
          [
            -3.3897447999999994,
            56.081621550000001
          ],
          [
            -3.3919453333333336,
            56.079740350000002
          ],
          [
            -3.3930395500000001,
            56.077703549999988
          ],
          [
            -3.3923210000000004,
            56.075483550000008
          ],
          [
            -3.3901824333333339,
            56.07359051666667
          ],
          [
            -3.3901824333333339,
            56.07359051666667
          ],
          [
            -3.3887085833333335,
            56.071558050000007
          ],
          [
            -3.3879110166666666,
            56.069596516666657
          ],
          [
            -3.3874058833333329,
            56.067450800000003
          ],
          [
            -3.3872825166666662,
            56.065243066666667
          ],
          [
            -3.3873597166666665,
            56.063119800000003
          ],
          [
            -3.3874107666666662,
            56.061038250000003
          ],
          [
            -3.3874615833333337,
            56.059046516666662
          ],
          [
            -3.3875202333333334,
            56.056911416666665
          ],
          [
            -3.3876838500000002,
            56.054735349999994
          ],
          [
            -3.3885378000000004,
            56.052786083333331
          ],
          [
            -3.3901665666666663,
            56.050966883333331
          ],
          [
            -3.3924068833333334,
            56.049509866666661
          ],
          [
            -3.3950758999999997,
            56.048383666666666
          ],
          [
            -3.3978497833333332,
            56.047361683333342
          ],
          [
            -3.4007186999999997,
            56.046296550000001
          ],
          [
            -3.4037014999999995,
            56.04489701666666
          ],
          [
            -3.4054810666666668,
            56.043116116666667
          ],
          [
            -3.4063643500000005,
            56.04082975
          ],
          [
            -3.4070969666666664,
            56.038704116666665
          ],
          [
            -3.4080655833333324,
            56.036798083333338
          ],
          [
            -3.4088988000000002,
            56.03460041666667
          ],
          [
            -3.4086148999999999,
            56.032401766666659
          ],
          [
            -3.4081911999999996,
            56.030050899999992
          ],
          [
            -3.4080373333333331,
            56.027842283333335
          ],
          [
            -3.4082087833333334,
            56.025678966666668
          ],
          [
            -3.4084321000000002,
            56.023589866666661
          ],
          [
            -3.4073976666666663,
            56.021420000000006
          ],
          [
            -3.4058818833333331,
            56.019219749999998
          ],
          [
            -3.4055543666666663,
            56.016835283333329
          ],
          [
            -3.4063614166666669,
            56.014766233333333
          ],
          [
            -3.4075822833333329,
            56.01283518333333
          ],
          [
            -3.408754716666667,
            56.010981899999997
          ],
          [
            -3.4098843333333329,
            56.009197350000008
          ],
          [
            -3.4111201000000002,
            56.007246333333327
          ],
          [
            -3.4122801333333332,
            56.005415200000002
          ],
          [
            -3.4134354,
            56.003605833333324
          ],
          [
            -3.4145189499999993,
            56.001901133333327
          ],
          [
            -3.4155782333333331,
            56.000228166666666
          ],
          [
            -3.4167094499999999,
            55.998443516666676
          ],
          [
            -3.4179226000000003,
            55.996537966666665
          ],
          [
            -3.419030283333333,
            55.994791833333323
          ],
          [
            -3.420086116666667,
            55.993119700000001
          ],
          [
            -3.4212216166666667,
            55.99132516666667
          ],
          [
            -3.4224234500000006,
            55.989363616666672
          ],
          [
            -3.4230761666666663,
            55.987109350000004
          ],
          [
            -3.422378066666667,
            55.984935516666674
          ],
          [
            -3.4204937166666665,
            55.983057433333336
          ],
          [
            -3.4173328499999993,
            55.981528016666665
          ],
          [
            -3.413657783333333,
            55.980741900000012
          ],
          [
            -3.4093530166666661,
            55.980646066666665
          ],
          [
            -3.4048218666666665,
            55.980556566666671
          ],
          [
            -3.4008033333333332,
            55.980177349999998
          ],
          [
            -3.397189,
            55.97957086666667
          ],
          [
            -3.3936521833333333,
            55.978849516666671
          ],
          [
            -3.3900152666666665,
            55.978484049999992
          ],
          [
            -3.3860582000000004,
            55.978479500000006
          ],
          [
            -3.3825022666666666,
            55.978017433333328
          ],
          [
            -3.3810042166666667,
            55.976157583333332
          ],
          [
            -3.3826432166666671,
            55.974179266666674
          ],
          [
            -3.3848215333333331,
            55.97243795
          ],
          [
            -3.3870084,
            55.970707516666671
          ],
          [
            -3.3892675333333329,
            55.968982249999996
          ],
          [
            -3.3919571166666671,
            55.967265766666664
          ],
          [
            -3.3952927499999999,
            55.96579843333334
          ],
          [
            -3.3988432833333331,
            55.964884016666666
          ],
          [
            -3.4024576166666662,
            55.96448611666667
          ],
          [
            -3.4066397000000008,
            55.96419341666666
          ],
          [
            -3.4107078500000001,
            55.963145500000003
          ],
          [
            -3.413809366666666,
            55.961328466666664
          ],
          [
            -3.4158838666666669,
            55.959429399999998
          ],
          [
            -3.4174281833333331,
            55.957581116666674
          ],
          [
            -3.4185998833333335,
            55.955715399999995
          ],
          [
            -3.4194574499999999,
            55.954379750000001
          ],
          [
            -3.4216921333333339,
            55.954242166666674
          ],
          [
            -3.4204188833333338,
            55.955343449999994
          ],
          [
            -3.4168084999999997,
            55.954226333333331
          ],
          [
            -3.4138692333333331,
            55.952370416666653
          ],
          [
            -3.4118216833333332,
            55.950368866666672
          ],
          [
            -3.4098307833333337,
            55.948395900000001
          ],
          [
            -3.4077270333333329,
            55.946371716666668
          ],
          [
            -3.4059017166666665,
            55.944533266666667
          ],
          [
            -3.4043749000000001,
            55.942762333333334
          ],
          [
            -3.4032340833333334,
            55.941088683333334
          ],
          [
            -3.4022089333333336,
            55.939197866666667
          ],
          [
            -3.4014764500000001,
            55.937484550000001
          ],
          [
            -3.4008574,
            55.935849183333325
          ],
          [
            -3.4008574,
            55.935849183333325
          ],
          [
            -3.4006466833333326,
            55.93429905
          ],
          [
            -3.4009821833333329,
            55.932693833333332
          ],
          [
            -3.4019411000000002,
            55.931073849999997
          ],
          [
            -3.4031310166666668,
            55.928843099999995
          ],
          [
            -3.4020534166666665,
            55.926391766666661
          ],
          [
            -3.3991653500000005,
            55.924950400000007
          ],
          [
            -3.3950547666666666,
            55.92462578333334
          ],
          [
            -3.3913739666666669,
            55.925581466666664
          ],
          [
            -3.3883480166666664,
            55.926760716666664
          ],
          [
            -3.3854451999999995,
            55.927895300000003
          ],
          [
            -3.3824877333333339,
            55.928902416666674
          ],
          [
            -3.3785576833333333,
            55.929661633333339
          ],
          [
            -3.3741295166666663,
            55.930138383333329
          ],
          [
            -3.36995405,
            55.930404433333329
          ],
          [
            -3.3657713999999999,
            55.930291666666669
          ],
          [
            -3.3612001833333331,
            55.930065899999995
          ],
          [
            -3.3566065000000003,
            55.929480016666673
          ],
          [
            -3.3526844999999996,
            55.928319633333331
          ],
          [
            -3.34947105,
            55.926648599999993
          ],
          [
            -3.3470019666666664,
            55.924754966666661
          ],
          [
            -3.3443359500000001,
            55.922707249999995
          ],
          [
            -3.3410535999999995,
            55.920853516666661
          ],
          [
            -3.3373325833333336,
            55.919612133333338
          ],
          [
            -3.3332759333333333,
            55.918959266666661
          ],
          [
            -3.3285985666666669,
            55.918911366666663
          ],
          [
            -3.324416783333334,
            55.919510700000004
          ],
          [
            -3.3207690000000003,
            55.920634216666663
          ],
          [
            -3.3177287166666662,
            55.921977033333327
          ],
          [
            -3.3166202666666664,
            55.92247678333333
          ],
          [
            -3.3148411833333329,
            55.92327636666667
          ],
          [
            -3.3129791666666666,
            55.924071349999998
          ],
          [
            -3.311281978238565,
            55.923850233954319
          ],
          [
            -3.3097145666666665,
            55.923010583333337
          ],
          [
            -3.3078144666666667,
            55.921862766666663
          ],
          [
            -3.3062053333333332,
            55.920772033333336
          ],
          [
            -3.3041975666666663,
            55.919410199999994
          ],
          [
            -3.3016996166666663,
            55.917719683333345
          ],
          [
            -3.2992484999999996,
            55.916120916666664
          ],
          [
            -3.2964282333333328,
            55.914775666666678
          ],
          [
            -3.2928866999999995,
            55.913717266666659
          ],
          [
            -3.2888351666666664,
            55.912834916666661
          ],
          [
            -3.2852348,
            55.911958999999996
          ],
          [
            -3.2818703999999994,
            55.910693383333339
          ],
          [
            -3.278969916666667,
            55.909032499999995
          ],
          [
            -3.2770321666666669,
            55.907268099999996
          ],
          [
            -3.2753816666666666,
            55.905345683333337
          ],
          [
            -3.2735809999999996,
            55.903333916666661
          ],
          [
            -3.2714200166666658,
            55.901676266666669
          ],
          [
            -3.2687293999999998,
            55.900365399999991
          ],
          [
            -3.2657685833333336,
            55.899381250000005
          ],
          [
            -3.2627562000000006,
            55.898806083333326
          ],
          [
            -3.2597572000000006,
            55.898484616666664
          ],
          [
            -3.2571034666666665,
            55.898307800000005
          ],
          [
            -3.2545333666666663,
            55.898220333333335
          ],
          [
            -3.252212716666667,
            55.89821624999999
          ],
          [
            -3.2500658666666671,
            55.898280949999993
          ],
          [
            -3.2483481000000003,
            55.89837193333333
          ],
          [
            -3.2474340166666673,
            55.898423299999997
          ],
          [
            -3.2466215333333337,
            55.898494016666675
          ],
          [
            -3.244293883333333,
            55.898710566666658
          ],
          [
            -3.2418668333333329,
            55.89892123333334
          ],
          [
            -3.2392122999999997,
            55.899136583333338
          ],
          [
            -3.2373192999999998,
            55.899275400000001
          ],
          [
            -3.2346835666666665,
            55.899423783333333
          ],
          [
            -3.2313603666666668,
            55.899399566666673
          ],
          [
            -3.2281747833333339,
            55.899268433333326
          ],
          [
            -3.2252551999999999,
            55.8990996
          ],
          [
            -3.2222660666666667,
            55.89888646666666
          ],
          [
            -3.2189913499999996,
            55.898606800000003
          ],
          [
            -3.2161388499999997,
            55.898309399999995
          ],
          [
            -3.2125937666666666,
            55.897884716666674
          ],
          [
            -3.2088118333333333,
            55.897339300000006
          ],
          [
            -3.205074166666666,
            55.896453866666661
          ],
          [
            -3.2012735500000002,
            55.895147033333323
          ],
          [
            -3.1976995833333333,
            55.894066583333341
          ],
          [
            -3.1941796833333336,
            55.893231550000003
          ],
          [
            -3.1903512333333333,
            55.892559833333337
          ],
          [
            -3.1867616666666665,
            55.89213251666667
          ],
          [
            -3.1832292166666671,
            55.891808916666662
          ],
          [
            -3.1793846333333335,
            55.891436550000002
          ],
          [
            -3.1758937666666669,
            55.891082916666662
          ],
          [
            -3.1719581333333338,
            55.890660449999999
          ],
          [
            -3.1678066666666664,
            55.890185083333336
          ],
          [
            -3.1636140999999998,
            55.889805700000004
          ],
          [
            -3.1593022166666667,
            55.889676583333326
          ],
          [
            -3.1555331166666671,
            55.889663950000006
          ],
          [
            -3.1555331166666671,
            55.889663950000006
          ],
          [
            -3.151593866666667,
            55.889715099999997
          ],
          [
            -3.1479625166666665,
            55.889870566666666
          ],
          [
            -3.1443935666666665,
            55.890217799999995
          ],
          [
            -3.1412633499999996,
            55.890697166666669
          ],
          [
            -3.137878516666667,
            55.891409566666667
          ],
          [
            -3.134774516666667,
            55.892266783333326
          ],
          [
            -3.1315993333333334,
            55.893347466666668
          ],
          [
            -3.1283629499999996,
            55.894489866666667
          ],
          [
            -3.12499935,
            55.895682866666661
          ],
          [
            -3.1214671333333333,
            55.89680693333333
          ],
          [
            -3.117951666666666,
            55.89769853333334
          ],
          [
            -3.1139824666666667,
            55.898448566666673
          ],
          [
            -3.1095259,
            55.898994683333328
          ],
          [
            -3.1055279166666669,
            55.899233199999991
          ],
          [
            -3.1018916666666665,
            55.8992565
          ],
          [
            -3.0984948999999999,
            55.899229133333328
          ],
          [
            -3.0954845666666673,
            55.899457333333338
          ],
          [
            -3.0934166333333342,
            55.899769183333341
          ],
          [
            -3.0916994666666664,
            55.899906549999997
          ],
          [
            -3.0903743499999998,
            55.900491633333324
          ],
          [
            -3.0889669828494202,
            55.900974576296754
          ],
          [
            -3.0876422333333333,
            55.901493216666665
          ],
          [
            -3.0863728666666663,
            55.902096699999987
          ],
          [
            -3.0851965166666666,
            55.902723416666674
          ],
          [
            -3.0839966833333334,
            55.90335425
          ],
          [
            -3.0827865666666669,
            55.903987233333325
          ],
          [
            -3.0815526333333341,
            55.904610516666658
          ],
          [
            -3.0803224,
            55.905238266666665
          ],
          [
            -3.0790967500000002,
            55.905843633333347
          ],
          [
            -3.0778341999999999,
            55.906455633333344
          ],
          [
            -3.076610333333333,
            55.907042933333337
          ],
          [
            -3.0753360833333336,
            55.907635349999993
          ],
          [
            -3.0740553666666668,
            55.908221033333326
          ],
          [
            -3.072728566666667,
            55.908813583333327
          ],
          [
            -3.0714060999999999,
            55.909395466666666
          ],
          [
            -3.0700875427852869,
            55.909976494227159
          ],
          [
            -3.0688331805639044,
            55.910634736348484
          ],
          [
            -3.0674409166666661,
            55.911475733333333
          ],
          [
            -3.0659835166666665,
            55.912612733333333
          ],
          [
            -3.0628540500000003,
            55.913388349999998
          ],
          [
            -3.0585070999999999,
            55.912687066666663
          ],
          [
            -3.0540392833333336,
            55.911964916666662
          ],
          [
            -3.0495294999999998,
            55.911235599999991
          ],
          [
            -3.0453632499999999,
            55.910106683333339
          ],
          [
            -3.041649266666667,
            55.908511566666661
          ],
          [
            -3.0379707833333334,
            55.906880600000001
          ],
          [
            -3.0341985,
            55.905257666666664
          ],
          [
            -3.0304061166666663,
            55.903698866666673
          ],
          [
            -3.0265645333333331,
            55.902196900000007
          ],
          [
            -3.0226705666666667,
            55.900746433333339
          ],
          [
            -3.0187382166666672,
            55.899364733333336
          ],
          [
            -3.014866116666667,
            55.898017850000002
          ],
          [
            -3.0108773833333338,
            55.896634583333331
          ],
          [
            -3.0068951999999993,
            55.895251016666663
          ],
          [
            -3.0034126333333337,
            55.894034133333328
          ],
          [
            -2.9999300500000006,
            55.892707999999992
          ],
          [
            -2.9968590608751935,
            55.89072941864034
          ],
          [
            -2.9946475083810289,
            55.888268510591907
          ],
          [
            -2.9928935166666673,
            55.886057899999997
          ],
          [
            -2.9914824688430071,
            55.884339932789686
          ],
          [
            -2.9909628884028496,
            55.88370147580703
          ],
          [
            -2.9889220479239316,
            55.881175762227876
          ],
          [
            -2.987244297609565,
            55.879097423706703
          ],
          [
            -2.9854387134343758,
            55.87701555978132
          ],
          [
            -2.9837031015526994,
            55.875636935140882
          ],
          [
            -2.9819451835386417,
            55.874306047734876
          ],
          [
            -2.9801612500000005,
            55.872854516666671
          ],
          [
            -2.9778927333333329,
            55.871557033333325
          ],
          [
            -2.9760897499999999,
            55.870642600000011
          ],
          [
            -2.9744231999999999,
            55.86978633333333
          ],
          [
            -2.9726276,
            55.868930533333334
          ],
          [
            -2.9707274333333338,
            55.868641266666657
          ],
          [
            -2.9691166,
            55.868224099999999
          ],
          [
            -2.9675805499999992,
            55.867470500000003
          ],
          [
            -2.96645425,
            55.866613833333332
          ],
          [
            -2.9652671999999995,
            55.865669449999992
          ],
          [
            -2.964268716666667,
            55.864744500000008
          ],
          [
            -2.9638051448497378,
            55.863815784685784
          ],
          [
            -2.962762866666667,
            55.863040233333336
          ],
          [
            -2.9611461666666665,
            55.862535200000003
          ],
          [
            -2.9585101999999996,
            55.861265999999993
          ],
          [
            -2.9566193333333333,
            55.859801600000004
          ],
          [
            -2.9542668666666669,
            55.858333400000006
          ],
          [
            -2.9516652500000005,
            55.856840116666667
          ],
          [
            -2.9486077666666666,
            55.855205633333327
          ],
          [
            -2.9455032999999995,
            55.853702599999991
          ],
          [
            -2.9425807833333333,
            55.851988499999997
          ],
          [
            -2.940408633333333,
            55.850605366666663
          ],
          [
            -2.9373486000000004,
            55.849355100000004
          ],
          [
            -2.9343964333333332,
            55.848011116666676
          ],
          [
            -2.9318435333333328,
            55.846556716666655
          ],
          [
            -2.9284713666666664,
            55.845525516666676
          ],
          [
            -2.9251428333333331,
            55.844413400000001
          ],
          [
            -2.9222934166666663,
            55.842717766666659
          ],
          [
            -2.9194078999999999,
            55.840979749999995
          ],
          [
            -2.9168962166666663,
            55.839471950000004
          ],
          [
            -2.9138890333333332,
            55.838397166666667
          ],
          [
            -2.9104582166666666,
            55.838347899999995
          ],
          [
            -2.906888533333333,
            55.838805866666675
          ],
          [
            -2.9033782833333333,
            55.838504933333333
          ],
          [
            -2.9002901166666666,
            55.837643616666675
          ],
          [
            -2.8971645666666666,
            55.836154800000003
          ],
          [
            -2.8936350833333337,
            55.834704549999998
          ],
          [
            -2.8906848666666667,
            55.833481683333332
          ],
          [
            -2.8878286833333333,
            55.831840750000005
          ],
          [
            -2.885247716666667,
            55.830356550000005
          ],
          [
            -2.8825223666666671,
            55.828698616666664
          ],
          [
            -2.8797100666666666,
            55.827251766666663
          ],
          [
            -2.8770066052830634,
            55.82580859498281
          ],
          [
            -2.874209306637558,
            55.824617292222577
          ],
          [
            -2.8710455833333333,
            55.823941116666674
          ],
          [
            -2.8677009333333334,
            55.824253633333335
          ],
          [
            -2.8651249166666668,
            55.825246266666667
          ],
          [
            -2.8615884999999999,
            55.825356416666665
          ],
          [
            -2.8578721000000002,
            55.82530045
          ],
          [
            -2.8578721000000002,
            55.82530045
          ],
          [
            -2.8539826666666666,
            55.824341133333341
          ],
          [
            -2.8513528500000005,
            55.822392166666667
          ],
          [
            -2.8493549333333337,
            55.820025066666666
          ],
          [
            -2.8471377333333336,
            55.817506683333342
          ],
          [
            -2.8449271666666665,
            55.815295183333333
          ],
          [
            -2.8424757999999999,
            55.812846933333333
          ],
          [
            -2.8402725833333338,
            55.810642133333339
          ],
          [
            -2.838229933333333,
            55.808583550000009
          ],
          [
            -2.8364731666666669,
            55.80670811666667
          ],
          [
            -2.8352624166666667,
            55.804813016666664
          ],
          [
            -2.8366662333333332,
            55.802950399999993
          ],
          [
            -2.8384722333333334,
            55.800995766666666
          ],
          [
            -2.8382888333333334,
            55.799047050000006
          ],
          [
            -2.8362470833333333,
            55.797281749999996
          ],
          [
            -2.8343826333333335,
            55.795387433333325
          ],
          [
            -2.8330601000000004,
            55.79324123333334
          ],
          [
            -2.8317074333333334,
            55.791058233333331
          ],
          [
            -2.8299931166666665,
            55.789009249999992
          ],
          [
            -2.8273371999999997,
            55.787663499999987
          ],
          [
            -2.8242330666666668,
            55.786772883333335
          ],
          [
            -2.8211368333333335,
            55.785503199999994
          ],
          [
            -2.8177802666666665,
            55.784453233333331
          ],
          [
            -2.8142542833333333,
            55.783493583333332
          ],
          [
            -2.8107677500000001,
            55.782484350000004
          ],
          [
            -2.807604833333333,
            55.781182783333328
          ],
          [
            -2.8047180833333334,
            55.779519000000001
          ],
          [
            -2.8021662166666665,
            55.778011966666654
          ],
          [
            -2.7995140666666667,
            55.776485199999989
          ],
          [
            -2.7971938499999998,
            55.775348783333328
          ],
          [
            -2.79418335,
            55.774011133333332
          ],
          [
            -2.7914347833333331,
            55.772757916666663
          ],
          [
            -2.7893688000000001,
            55.771845583333338
          ],
          [
            -2.7881885166666667,
            55.771136783333333
          ],
          [
            -2.7861512166666667,
            55.769854699999996
          ],
          [
            -2.784375433333333,
            55.768160900000005
          ],
          [
            -2.782607716666667,
            55.766453550000008
          ],
          [
            -2.7817344333333334,
            55.764491283333335
          ],
          [
            -2.7811284999999999,
            55.762262433333341
          ],
          [
            -2.780049,
            55.759966333333324
          ],
          [
            -2.7786672166666668,
            55.7578721
          ],
          [
            -2.7771244666666663,
            55.755629033333321
          ],
          [
            -2.7753181833333334,
            55.753422283333343
          ],
          [
            -2.7736601833333334,
            55.751220116666673
          ],
          [
            -2.7724172,
            55.74920010000001
          ],
          [
            -2.7712365833333332,
            55.746898716666657
          ],
          [
            -2.7701713833333335,
            55.744502399999988
          ],
          [
            -2.7690797833333334,
            55.742277883333323
          ],
          [
            -2.7679873499999998,
            55.740139200000009
          ],
          [
            -2.7669464000000001,
            55.738076
          ],
          [
            -2.7660320166666663,
            55.73607366666667
          ],
          [
            -2.7651803333333334,
            55.734106133333334
          ],
          [
            -2.7644300166666667,
            55.732131083333329
          ],
          [
            -2.7635413500000001,
            55.730229466666664
          ],
          [
            -2.7628095663199326,
            55.728509103417991
          ],
          [
            -2.7619429823801327,
            55.726683704573446
          ],
          [
            -2.7603083014199821,
            55.725325933522576
          ],
          [
            -2.7595579787766749,
            55.724852947590321
          ],
          [
            -2.7584805666666665,
            55.724234166666669
          ],
          [
            -2.7572661000000003,
            55.723512566666678
          ],
          [
            -2.7561432333333333,
            55.722875266666669
          ],
          [
            -2.7546569499999998,
            55.722027500000003
          ],
          [
            -2.75310270011818,
            55.721442398003106
          ],
          [
            -2.7516328434946509,
            55.72099306319793
          ],
          [
            -2.7505230280679718,
            55.720344949052091
          ],
          [
            -2.7491856166666664,
            55.7197356
          ],
          [
            -2.747768283333333,
            55.71926526666666
          ],
          [
            -2.7463798666666666,
            55.718761416666666
          ],
          [
            -2.7448970209291921,
            55.718301809121236
          ],
          [
            -2.7432808458020137,
            55.717848942694417
          ],
          [
            -2.7420012833333329,
            55.717259499999997
          ],
          [
            -2.7409950666666667,
            55.71642283333334
          ],
          [
            -2.7395123333333338,
            55.71531190000001
          ],
          [
            -2.7374653333333336,
            55.713690916666671
          ],
          [
            -2.7346862912380709,
            55.712253567258827
          ],
          [
            -2.7312154699688258,
            55.711113756132775
          ],
          [
            -2.7275993372769372,
            55.709906402505418
          ],
          [
            -2.7244402517817408,
            55.708781722081206
          ],
          [
            -2.7211901318692435,
            55.707444522670301
          ],
          [
            -2.7177754814352202,
            55.705951981428278
          ],
          [
            -2.7147814666666665,
            55.704490183333334
          ],
          [
            -2.7125720666666666,
            55.702453066666671
          ],
          [
            -2.7118287666666663,
            55.700027683333339
          ],
          [
            -2.7116688833333336,
            55.697779199999999
          ],
          [
            -2.7115772000000002,
            55.696435133333338
          ],
          [
            -2.7115146000000001,
            55.695533383333334
          ],
          [
            -2.7113493833333333,
            55.693269399999991
          ],
          [
            -2.7109794333333337,
            55.690767783333335
          ],
          [
            -2.7104567666666668,
            55.688482283333329
          ],
          [
            -2.7101605499999999,
            55.68599720000001
          ],
          [
            -2.7102419333333332,
            55.68352805
          ],
          [
            -2.7098977833333331,
            55.681317133333337
          ],
          [
            -2.7082116833333334,
            55.679387366666667
          ],
          [
            -2.7051524666666666,
            55.677976450000003
          ],
          [
            -2.7015338833333331,
            55.6767872
          ],
          [
            -2.6991943666666667,
            55.675101600000005
          ],
          [
            -2.6978423666666664,
            55.672812333333333
          ],
          [
            -2.6965317513027585,
            55.670632086502842
          ],
          [
            -2.6952166958610992,
            55.668429330903194
          ],
          [
            -2.6943401296494098,
            55.666016989642237
          ],
          [
            -2.6949603739294279,
            55.66357569477794
          ],
          [
            -2.6955295333333336,
            55.661156250000012
          ],
          [
            -2.6940582128120192,
            55.6588838152907
          ],
          [
            -2.6939096992867544,
            55.656586144587862
          ],
          [
            -2.6937731700306751,
            55.654460251452235
          ],
          [
            -2.6933976709787171,
            55.652375855116539
          ],
          [
            -2.6925982166666662,
            55.650166366666653
          ],
          [
            -2.6914080065201711,
            55.648106522787224
          ],
          [
            -2.6910241994361739,
            55.646184489129091
          ],
          [
            -2.6903645925262532,
            55.644452645372219
          ],
          [
            -2.6894891666666667,
            55.642902300000003
          ],
          [
            -2.6875152166666667,
            55.641736566666665
          ],
          [
            -2.685534416666667,
            55.641110799999993
          ],
          [
            -2.6836885666666666,
            55.640498783333335
          ],
          [
            -2.6826143,
            55.640196266666663
          ],
          [
            -2.6807087666666667,
            55.639252033333328
          ],
          [
            -2.6801612833333328,
            55.637978099999998
          ],
          [
            -2.6803411000000001,
            55.636740666666675
          ],
          [
            -2.6810433833333334,
            55.635389000000004
          ],
          [
            -2.6820987833333332,
            55.633558700000002
          ],
          [
            -2.6824827166666667,
            55.631368833333333
          ],
          [
            -2.6823038333333331,
            55.629241116666662
          ],
          [
            -2.6812110333333337,
            55.627183699999989
          ],
          [
            -2.6799711166666667,
            55.625262783333334
          ],
          [
            -2.6785317499999999,
            55.623498716666667
          ],
          [
            -2.6781299666666665,
            55.621583883333336
          ],
          [
            -2.6790955333333337,
            55.619554950000001
          ],
          [
            -2.6793987000000001,
            55.617404666666665
          ],
          [
            -2.6786715333333335,
            55.61552043333333
          ],
          [
            -2.6773937499999998,
            55.613710016666666
          ],
          [
            -2.6759804500000004,
            55.611891899999996
          ],
          [
            -2.6755792666666665,
            55.609934000000003
          ],
          [
            -2.675432433333333,
            55.608131366666669
          ],
          [
            -2.6753090833333331,
            55.606200366666663
          ],
          [
            -2.6751114166666667,
            55.604045183333334
          ],
          [
            -2.6743908666666667,
            55.602015833333347
          ],
          [
            -2.6730642666666671,
            55.600402749999994
          ],
          [
            -2.6718213666666664,
            55.598900166666667
          ],
          [
            -2.6712693833333332,
            55.597348799999999
          ],
          [
            -2.6711862166666664,
            55.596352950000004
          ],
          [
            -2.6708257833333335,
            55.594914299999992
          ],
          [
            -2.6706546833333333,
            55.593996600000004
          ],
          [
            -2.6705125333333335,
            55.59319141666667
          ],
          [
            -2.6704192500000001,
            55.591405566666658
          ],
          [
            -2.6719442833333336,
            55.58958006666667
          ],
          [
            -2.6725800166666667,
            55.587564850000007
          ],
          [
            -2.6726410500000002,
            55.585501366666655
          ],
          [
            -2.6718488666666671,
            55.583605283333327
          ],
          [
            -2.670167216666667,
            55.581846216666662
          ],
          [
            -2.6685059166666667,
            55.58005261666667
          ],
          [
            -2.6669698500000001,
            55.578389833333325
          ],
          [
            -2.6653354999999999,
            55.576597549999995
          ],
          [
            -2.6639218499999999,
            55.574978600000001
          ],
          [
            -2.6622307666666667,
            55.573701216666663
          ],
          [
            -2.6602059666666666,
            55.572819066666675
          ],
          [
            -2.6578121833333332,
            55.571957099999992
          ],
          [
            -2.6553214166666668,
            55.571411116666667
          ],
          [
            -2.6529643666666667,
            55.57058390000001
          ],
          [
            -2.6507316833333334,
            55.569605416666676
          ],
          [
            -2.6491799666666669,
            55.568751966666667
          ],
          [
            -2.6483778999999998,
            55.567530966666666
          ],
          [
            -2.6479768000000004,
            55.565875466666661
          ],
          [
            -2.6478099499999996,
            55.56404418333333
          ],
          [
            -2.6474756666666668,
            55.562466166666674
          ],
          [
            -2.6451199666666665,
            55.561006500000005
          ],
          [
            -2.6427095166666668,
            55.559797133333326
          ],
          [
            -2.6400049000000001,
            55.558409916666676
          ],
          [
            -2.6375269666666665,
            55.557117533333333
          ],
          [
            -2.6347095290141485,
            55.555694107868518
          ],
          [
            -2.6322116414553425,
            55.554431176069883
          ],
          [
            -2.6315302623202719,
            55.554084002309956
          ],
          [
            -2.6298691564090229,
            55.553225606623073
          ],
          [
            -2.6274861709192607,
            55.551972423871263
          ],
          [
            -2.6257853738754191,
            55.550742076951593
          ],
          [
            -2.6242015986578702,
            55.549501843637714
          ],
          [
            -2.6227330922772372,
            55.548404308104658
          ],
          [
            -2.6215572351480199,
            55.547313461577161
          ],
          [
            -2.6207092123966405,
            55.546481095156778
          ],
          [
            -2.6196174215414172,
            55.545416216461774
          ],
          [
            -2.6182462229232173,
            55.544088324267143
          ],
          [
            -2.6166616462838608,
            55.542544072617218
          ],
          [
            -2.6148401036283619,
            55.540763885889419
          ],
          [
            -2.6129780251413486,
            55.539013390477663
          ],
          [
            -2.6112634096956167,
            55.53758368590961
          ],
          [
            -2.6095478331427104,
            55.536219002497383
          ],
          [
            -2.6070500594887083,
            55.534992140093749
          ],
          [
            -2.6044732000000002,
            55.533753516666671
          ],
          [
            -2.6018531333333335,
            55.532441416666671
          ],
          [
            -2.5994140333333338,
            55.531264049999997
          ],
          [
            -2.5969502666666666,
            55.530095783333344
          ],
          [
            -2.5945203833333337,
            55.52912156666666
          ],
          [
            -2.5925298666666667,
            55.527814266666667
          ],
          [
            -2.5910081833333334,
            55.5264053
          ],
          [
            -2.59053435,
            55.524470633333337
          ],
          [
            -2.5894392499999999,
            55.522729233333337
          ],
          [
            -2.5873932722597948,
            55.521367303281849
          ],
          [
            -2.5860249028925244,
            55.521034687129884
          ],
          [
            -2.5843363865158677,
            55.520567609771177
          ],
          [
            -2.5819851646376519,
            55.519371545349124
          ],
          [
            -2.5805389051781917,
            55.517882246920415
          ],
          [
            -2.5798733211415708,
            55.516466394246905
          ],
          [
            -2.5809699101776502,
            55.515053613000767
          ],
          [
            -2.5805100145958391,
            55.51329589415284
          ],
          [
            -2.5790925307216082,
            55.511763670101786
          ],
          [
            -2.5769826560898701,
            55.510210675507899
          ],
          [
            -2.5749640986190796,
            55.508662947944828
          ],
          [
            -2.5733738965321584,
            55.506993937832952
          ],
          [
            -2.5721228307005397,
            55.50543709116652
          ],
          [
            -2.5696067275046399,
            55.504644203750303
          ],
          [
            -2.5666326895379106,
            55.505488958010076
          ],
          [
            -2.5634233060631511,
            55.505737563522487
          ],
          [
            -2.5606306128903489,
            55.505385185833084
          ],
          [
            -2.5572822734915568,
            55.504924041125683
          ],
          [
            -2.5538447422235668,
            55.504729398460881
          ],
          [
            -2.5504011441000114,
            55.504797138119557
          ],
          [
            -2.547919979777117,
            55.504914252289979
          ],
          [
            -2.545761735273643,
            55.503853546271692
          ],
          [
            -2.5446969499999996,
            55.502505999999997
          ],
          [
            -2.5450405166666665,
            55.500844049999991
          ],
          [
            -2.5457076999999995,
            55.499291833333338
          ],
          [
            -2.546090116666667,
            55.497645766666665
          ],
          [
            -2.5468034166666667,
            55.495926066666669
          ],
          [
            -2.5469037499999998,
            55.495027416666666
          ],
          [
            -2.5466673666666666,
            55.493425533333323
          ],
          [
            -2.5464655666666669,
            55.492057199999998
          ],
          [
            -2.5454133946034334,
            55.491315993598754
          ],
          [
            -2.5448700254038377,
            55.488581467769343
          ],
          [
            -2.5459118205318947,
            55.486817694989604
          ],
          [
            -2.5456054550812364,
            55.486201487206237
          ],
          [
            -2.545051,
            55.485339383333333
          ],
          [
            -2.5457606333333338,
            55.484472283333332
          ],
          [
            -2.5471086666666665,
            55.483982050000002
          ],
          [
            -2.5482810999999996,
            55.483371683333338
          ],
          [
            -2.5490571166666669,
            55.482559566666673
          ],
          [
            -2.5498245666666666,
            55.481684733333338
          ],
          [
            -2.5505828500000001,
            55.480844800000007
          ],
          [
            -2.5512981666666668,
            55.480028533333339
          ],
          [
            -2.5517630499999999,
            55.478768466666658
          ],
          [
            -2.5518925499999998,
            55.47758941666666
          ],
          [
            -2.5526092499999997,
            55.476440000000004
          ],
          [
            -2.5539190333333335,
            55.475477833333329
          ],
          [
            -2.5543978594830214,
            55.47467327196803
          ],
          [
            -2.5544582587785096,
            55.474038761655891
          ],
          [
            -2.5543711041946313,
            55.472695452313808
          ],
          [
            -2.5534319251648121,
            55.47157256329772
          ],
          [
            -2.5531467092671534,
            55.470318110249288
          ],
          [
            -2.5538136737495458,
            55.469006472267061
          ],
          [
            -2.5548898499999999,
            55.468301133333341
          ],
          [
            -2.5545589666666668,
            55.466595433333332
          ],
          [
            -2.55337945,
            55.465197133333341
          ],
          [
            -2.5526749166666667,
            55.463765683333328
          ],
          [
            -2.5532311833333332,
            55.462363599999996
          ],
          [
            -2.5561027140320007,
            55.461435017035214
          ],
          [
            -2.5582746333333333,
            55.46018089999999
          ],
          [
            -2.5589439530854632,
            55.458799079699588
          ],
          [
            -2.5584114247251448,
            55.457613150884882
          ],
          [
            -2.557289196236384,
            55.456457377675569
          ],
          [
            -2.5567704500000001,
            55.454636433333327
          ],
          [
            -2.5562208500000003,
            55.452817016666657
          ],
          [
            -2.5546807499999997,
            55.450676600000001
          ],
          [
            -2.5532357000000001,
            55.448819916666665
          ],
          [
            -2.5521360666666664,
            55.447166433333329
          ],
          [
            -2.5516966833333337,
            55.445417666666664
          ],
          [
            -2.5504157000000003,
            55.443479633333325
          ],
          [
            -2.5490917666666664,
            55.441654666666665
          ],
          [
            -2.5464114253056689,
            55.440250008870272
          ],
          [
            -2.5440548000000001,
            55.438695366666657
          ],
          [
            -2.54265075,
            55.436773883333338
          ],
          [
            -2.5406435333333337,
            55.435000300000006
          ],
          [
            -2.5375553033740208,
            55.43374978596124
          ],
          [
            -2.5348401971678869,
            55.432735942215253
          ],
          [
            -2.532716066666667,
            55.431197116666659
          ],
          [
            -2.5315943526672706,
            55.429136470947803
          ],
          [
            -2.5306396333333336,
            55.427273583333331
          ],
          [
            -2.5296514166666668,
            55.425259916666668
          ],
          [
            -2.5287744666666669,
            55.423487933333341
          ],
          [
            -2.5267799333333332,
            55.422136699999996
          ],
          [
            -2.5239652000000001,
            55.42159216666667
          ],
          [
            -2.5212935833333332,
            55.42066938333334
          ],
          [
            -2.5190945666666669,
            55.419623533333336
          ],
          [
            -2.5163889500000001,
            55.419868933333326
          ],
          [
            -2.5133978499999996,
            55.419483766666659
          ],
          [
            -2.5108921,
            55.417971083333327
          ],
          [
            -2.5090003666666663,
            55.416303333333325
          ],
          [
            -2.5081139000000001,
            55.414515699999988
          ],
          [
            -2.5078934071470145,
            55.412744361773733
          ],
          [
            -2.5077811066015929,
            55.411032826258122
          ],
          [
            -2.5077836983277471,
            55.409384258026051
          ],
          [
            -2.507007133333333,
            55.407975933333333
          ],
          [
            -2.5059645500000003,
            55.406662750000002
          ],
          [
            -2.5043944499999999,
            55.405298783333336
          ],
          [
            -2.5028557333333334,
            55.403969266666671
          ],
          [
            -2.5017744500000001,
            55.402253966666663
          ],
          [
            -2.5007296000000001,
            55.400583183333339
          ],
          [
            -2.499826928639111,
            55.39918799709362
          ],
          [
            -2.4992359666666668,
            55.39803788333333
          ],
          [
            -2.4991211,
            55.397083083333335
          ],
          [
            -2.4989489333333332,
            55.395610433333331
          ],
          [
            -2.4990995333333337,
            55.393748433333336
          ],
          [
            -2.499059533333333,
            55.391855016666661
          ],
          [
            -2.4982500833333336,
            55.389921166666667
          ],
          [
            -2.497491066666667,
            55.388187866666669
          ],
          [
            -2.4962040999999999,
            55.386565616666665
          ],
          [
            -2.4963080593613833,
            55.384689314353736
          ],
          [
            -2.4968503121916239,
            55.382852669697407
          ],
          [
            -2.4964894961372406,
            55.380984085033205
          ],
          [
            -2.4956928206525202,
            55.378731262618281
          ],
          [
            -2.4943376461320699,
            55.376780287486611
          ],
          [
            -2.4927665000000001,
            55.375114783333331
          ],
          [
            -2.4910783935600578,
            55.373218481967534
          ],
          [
            -2.4908897656675553,
            55.371105227584223
          ],
          [
            -2.4912939101908869,
            55.36915943923384
          ],
          [
            -2.4921124772547638,
            55.367520693016424
          ],
          [
            -2.4939180656585056,
            55.366310005036965
          ],
          [
            -2.4960777833333334,
            55.365748133333334
          ],
          [
            -2.4964768009851288,
            55.364557481512335
          ],
          [
            -2.4958183288739013,
            55.363160634556806
          ],
          [
            -2.4966103900236538,
            55.361792741243434
          ],
          [
            -2.4939367869046394,
            55.360380342782562
          ],
          [
            -2.4926497008426156,
            55.359270716312174
          ],
          [
            -2.4909102666666665,
            55.357761799999992
          ],
          [
            -2.4890865333333334,
            55.356219133333326
          ],
          [
            -2.4864215999999999,
            55.355604200000002
          ],
          [
            -2.4864215999999999,
            55.355604200000002
          ],
          [
            -2.4840532333333334,
            55.355321900000007
          ],
          [
            -2.4820068499999999,
            55.355111533333336
          ],
          [
            -2.4785739234563717,
            55.354804219329083
          ],
          [
            -2.480678570005399,
            55.353800081411045
          ],
          [
            -2.4825118448109476,
            55.352946991596859
          ],
          [
            -2.479423535105215,
            55.353981378373298
          ],
          [
            -2.4779740285346996,
            55.354339823851902
          ],
          [
            -2.4786802695641317,
            55.354708749172381
          ],
          [
            -2.4781161666666667,
            55.354468116666666
          ],
          [
            -2.4771664500000004,
            55.353167200000009
          ],
          [
            -2.4759745975284639,
            55.351732584374368
          ],
          [
            -2.4740305500000002,
            55.350190616666666
          ],
          [
            -2.4721496198904789,
            55.348808802093963
          ],
          [
            -2.4689457544518785,
            55.348169837991541
          ],
          [
            -2.4660691404317729,
            55.347765219377941
          ],
          [
            -2.4641526166666665,
            55.346486249999998
          ],
          [
            -2.4650405666666666,
            55.344609416666664
          ],
          [
            -2.4643702264042795,
            55.342652407867511
          ],
          [
            -2.4631232701275674,
            55.34082008709175
          ],
          [
            -2.4613924385665102,
            55.339182509927717
          ],
          [
            -2.4613924385665102,
            55.339182509927717
          ],
          [
            -2.4586750364980694,
            55.338150528490992
          ],
          [
            -2.4554424078864976,
            55.338113158383734
          ],
          [
            -2.4522718727002619,
            55.337504653270862
          ],
          [
            -2.4491348505220008,
            55.336520079797907
          ],
          [
            -2.4458023597465424,
            55.335418744034072
          ],
          [
            -2.4427818854118346,
            55.334065038249847
          ],
          [
            -2.4401128840446495,
            55.33279073334522
          ],
          [
            -2.4370518503948935,
            55.331498885940654
          ],
          [
            -2.4337771647007242,
            55.330687101713231
          ],
          [
            -2.4305289941061896,
            55.329532857491849
          ],
          [
            -2.4273099290390028,
            55.328766458744788
          ],
          [
            -2.4242694173881221,
            55.328370407531942
          ],
          [
            -2.4214049108650491,
            55.327350015166985
          ],
          [
            -2.4186909068889206,
            55.326275485026507
          ],
          [
            -2.4156985221791873,
            55.325013548874082
          ],
          [
            -2.4116416036534902,
            55.324375038244234
          ],
          [
            -2.4074062988664915,
            55.323727593226245
          ],
          [
            -2.4036733208453653,
            55.323518746909478
          ],
          [
            -2.40017013859336,
            55.32349661415428
          ],
          [
            -2.3967429319480793,
            55.323325747115526
          ],
          [
            -2.3933457839567573,
            55.322711483888988
          ],
          [
            -2.3897194357090674,
            55.32210155991082
          ],
          [
            -2.3857509448497649,
            55.321720728882894
          ],
          [
            -2.3822187806630506,
            55.321388895082158
          ],
          [
            -2.378718348196974,
            55.32086979124233
          ],
          [
            -2.3758346247868096,
            55.319910934736562
          ],
          [
            -2.372794253046393,
            55.318890543078339
          ],
          [
            -2.3697300317593206,
            55.318010421743935
          ],
          [
            -2.368810573919399,
            55.317710701888267
          ],
          [
            -2.3667142869518578,
            55.316928678344084
          ],
          [
            -2.3639826300343234,
            55.315646162619657
          ],
          [
            -2.3613357166666664,
            55.314398916666669
          ],
          [
            -2.3590623663403854,
            55.312963376518987
          ],
          [
            -2.3564667314591787,
            55.311508003165102
          ],
          [
            -2.3537676988686513,
            55.309941559645623
          ],
          [
            -2.3511985633208745,
            55.308618652162401
          ],
          [
            -2.3484368843751597,
            55.307654690494232
          ],
          [
            -2.3458849713817296,
            55.306233222992539
          ],
          [
            -2.3440474167350609,
            55.304597698236925
          ],
          [
            -2.3428528369999917,
            55.302843532827517
          ],
          [
            -2.34141037757691,
            55.301255760488523
          ],
          [
            -2.3397343349720203,
            55.299480465039267
          ],
          [
            -2.337885442262281,
            55.297937138282791
          ],
          [
            -2.3346747632707303,
            55.297139225229117
          ],
          [
            -2.33153686573212,
            55.296537185927207
          ],
          [
            -2.3284865345721029,
            55.295944877213358
          ],
          [
            -2.3249289117310052,
            55.295235459103452
          ],
          [
            -2.3216653834596657,
            55.294579088332178
          ],
          [
            -2.3182022706076575,
            55.293882737656624
          ],
          [
            -2.3149614066450854,
            55.29323161167359
          ],
          [
            -2.3117122898930762,
            55.292702644590136
          ],
          [
            -2.3082384045731277,
            55.292077486933422
          ],
          [
            -2.3050027804536519,
            55.291009949105948
          ],
          [
            -2.3019876880461516,
            55.289972926041088
          ],
          [
            -2.2987868675394574,
            55.289034789038972
          ],
          [
            -2.2957564146327174,
            55.288206414122286
          ],
          [
            -2.2929404754802678,
            55.286789563498104
          ],
          [
            -2.2903595923244868,
            55.285445058139594
          ],
          [
            -2.2895961903045872,
            55.285049344284538
          ],
          [
            -2.2874685527667027,
            55.284073096411127
          ],
          [
            -2.2846791688914019,
            55.282866632343648
          ],
          [
            -2.2815239995374972,
            55.281737709632949
          ],
          [
            -2.2790240512651532,
            55.280377786788932
          ],
          [
            -2.2764896860937864,
            55.279061603675331
          ],
          [
            -2.2740759527294112,
            55.277889154888044
          ],
          [
            -2.2720008118806625,
            55.277050085511455
          ],
          [
            -2.2699618038574152,
            55.276664294644199
          ],
          [
            -2.2682142232456233,
            55.276069047375067
          ],
          [
            -2.2664931370143928,
            55.275591554790076
          ],
          [
            -2.2644411687472159,
            55.275054157927734
          ],
          [
            -2.2623915287046481,
            55.274356773986916
          ],
          [
            -2.2606567027255751,
            55.273762966827775
          ],
          [
            -2.258460631325609,
            55.272956794055567
          ],
          [
            -2.2567785714393755,
            55.271598911450738
          ],
          [
            -2.2543875457511451,
            55.270465227297514
          ],
          [
            -2.252308561656855,
            55.269235498957336
          ],
          [
            -2.2505458995510934,
            55.267951295630326
          ],
          [
            -2.2487802003823978,
            55.26668300667216
          ],
          [
            -2.2466767756071468,
            55.265685858687434
          ],
          [
            -2.2446254071197016,
            55.264640695659928
          ],
          [
            -2.2425338327967959,
            55.263681650814149
          ],
          [
            -2.2401658687760939,
            55.262657508220975
          ],
          [
            -2.2376208961050699,
            55.261225223169653
          ],
          [
            -2.2354022204159008,
            55.259872661022037
          ],
          [
            -2.2329687171362878,
            55.258242029365924
          ],
          [
            -2.230711809686126,
            55.25681810195092
          ],
          [
            -2.228190447295026,
            55.255410405659624
          ],
          [
            -2.225854984761571,
            55.254216375347838
          ],
          [
            -2.2235634166666669,
            55.252985016666663
          ],
          [
            -2.2212171999999999,
            55.251790200000009
          ],
          [
            -2.2196310061883251,
            55.250709709535599
          ],
          [
            -2.2186861101397835,
            55.249035042860541
          ],
          [
            -2.2180220967398294,
            55.247510854027226
          ],
          [
            -2.2170223168347727,
            55.245657705523236
          ],
          [
            -2.21582810891225,
            55.243983320601231
          ],
          [
            -2.2141107977203309,
            55.242666555594184
          ],
          [
            -2.2119389397453175,
            55.241388925739251
          ],
          [
            -2.2093336673863568,
            55.240568915613942
          ],
          [
            -2.2064321318716247,
            55.239857727553087
          ],
          [
            -2.2037741482272297,
            55.239172004512227
          ],
          [
            -2.201333026048399,
            55.238339636856793
          ],
          [
            -2.1986901007195283,
            55.237324647768752
          ],
          [
            -2.1959133652492508,
            55.236251356364662
          ],
          [
            -2.1933137122465927,
            55.235059716005544
          ],
          [
            -2.1911224029982987,
            55.233707231671204
          ],
          [
            -2.1885314574942845,
            55.232808712118477
          ],
          [
            -2.1859309986789848,
            55.232452878275822
          ],
          [
            -2.1837679156664604,
            55.232231434829082
          ],
          [
            -2.1815757864690966,
            55.231984012296856
          ],
          [
            -2.1796343833333336,
            55.231876449999994
          ],
          [
            -2.1779838261504496,
            55.231422200435567
          ],
          [
            -2.1763182127621765,
            55.231221011326738
          ],
          [
            -2.1748421427997782,
            55.23080314092222
          ],
          [
            -2.1728250168650844,
            55.230194348134425
          ],
          [
            -2.1703061823614922,
            55.229637404478801
          ],
          [
            -2.1674990782187162,
            55.229230740672293
          ],
          [
            -2.1642686092791021,
            55.228756063129332
          ],
          [
            -2.1619256916440186,
            55.228546767552153
          ],
          [
            -2.1595587640751184,
            55.228312175153945
          ],
          [
            -2.1574648842241517,
            55.22748411936157
          ],
          [
            -2.1562200713627262,
            55.226576386631947
          ],
          [
            -2.1547603687271346,
            55.225444757778064
          ],
          [
            -2.1515741564926865,
            55.225158656119589
          ],
          [
            -2.1479610951001846,
            55.224830916647065
          ],
          [
            -2.1445957177045978,
            55.224515284645697
          ],
          [
            -2.1415473996341445,
            55.223381596109
          ],
          [
            -2.1391854208875061,
            55.221677745891078
          ],
          [
            -2.1370175627197692,
            55.220125159891289
          ],
          [
            -2.1340079680226669,
            55.218869413783466
          ],
          [
            -2.1304433260283244,
            55.218046124799812
          ],
          [
            -2.1265186899994939,
            55.217746130623951
          ],
          [
            -2.122827319610646,
            55.217612707417842
          ],
          [
            -2.1193867997360343,
            55.217268257297221
          ],
          [
            -2.116549459641655,
            55.216791889988038
          ],
          [
            -2.1139434893743192,
            55.216070482010799
          ],
          [
            -2.1113899343870433,
            55.215991275571376
          ],
          [
            -2.1093069118289161,
            55.215782160012516
          ],
          [
            -2.1095087000000001,
            55.214283133333325
          ],
          [
            -2.1104971833333335,
            55.213038433333331
          ],
          [
            -2.1084811944404578,
            55.211988507175057
          ],
          [
            -2.1061872768052594,
            55.2111947732243
          ],
          [
            -2.1050517499999999,
            55.209561283333336
          ],
          [
            -2.1039789,
            55.208268016666672
          ],
          [
            -2.1012272076885266,
            55.207708204809101
          ],
          [
            -2.0981285886753156,
            55.207146579067356
          ],
          [
            -2.0957805500000002,
            55.206139633333336
          ],
          [
            -2.0939670833333333,
            55.204969516666672
          ],
          [
            -2.09261885,
            55.203129249999996
          ],
          [
            -2.091275266666667,
            55.201064283333331
          ],
          [
            -2.0899206333333336,
            55.199140833333338
          ],
          [
            -2.0870559166666665,
            55.197723866666671
          ],
          [
            -2.0840403333333333,
            55.196817250000002
          ],
          [
            -2.08075235,
            55.19583608333334
          ],
          [
            -2.0773130499999999,
            55.194808583333327
          ],
          [
            -2.0739292666666667,
            55.193694783333335
          ],
          [
            -2.0709326333333333,
            55.192625966666675
          ],
          [
            -2.0674511999999998,
            55.191928366666666
          ],
          [
            -2.064005733333333,
            55.191787666666677
          ],
          [
            -2.060825466666667,
            55.191636599999988
          ],
          [
            -2.0575443666666668,
            55.191008449999998
          ],
          [
            -2.0541158666666668,
            55.190243283333331
          ],
          [
            -2.0508643231458579,
            55.189503872408459
          ],
          [
            -2.0478705833333333,
            55.188740733333333
          ],
          [
            -2.0455379499999999,
            55.187324216666667
          ],
          [
            -2.0433539166666668,
            55.185629116666661
          ],
          [
            -2.0415122499999998,
            55.183995566666667
          ],
          [
            -2.0399427333333335,
            55.182251966666669
          ],
          [
            -2.0384460166666667,
            55.180586183333332
          ],
          [
            -2.0368957333333331,
            55.178750016666662
          ],
          [
            -2.0349487833333333,
            55.176976333333336
          ],
          [
            -2.0319087000000002,
            55.175893633333331
          ],
          [
            -2.0285231518150875,
            55.17500844034079
          ],
          [
            -2.0259951000000003,
            55.173340066666668
          ],
          [
            -2.025283533333333,
            55.172621083333325
          ],
          [
            -2.0240978333333337,
            55.171410616666662
          ],
          [
            -2.0225078500000002,
            55.16978713333333
          ],
          [
            -2.0210348499999999,
            55.168166350000007
          ],
          [
            -2.019735666666667,
            55.166357850000004
          ],
          [
            -2.0184723999999998,
            55.164526883333338
          ],
          [
            -2.0172793833333333,
            55.162810183333342
          ],
          [
            -2.01599825,
            55.161231833333346
          ],
          [
            -2.0145149333333334,
            55.159652250000001
          ],
          [
            -2.0124323,
            55.158533233333337
          ],
          [
            -2.0115026333333335,
            55.157137733333336
          ],
          [
            -2.0117245333333336,
            55.155123500000002
          ],
          [
            -2.0111293833333335,
            55.153245900000009
          ],
          [
            -2.0090580500000002,
            55.151812133333337
          ],
          [
            -2.0058962666666669,
            55.150876850000003
          ],
          [
            -2.0026502833333333,
            55.149995250000003
          ],
          [
            -1.9993457666666667,
            55.149049566666662
          ],
          [
            -1.9966604499999998,
            55.147977249999997
          ],
          [
            -1.9941072833333333,
            55.146876583333338
          ],
          [
            -1.9925754500000001,
            55.14553935
          ],
          [
            -1.9917895333333333,
            55.144178716666666
          ],
          [
            -1.9903447333333333,
            55.142961433333333
          ],
          [
            -1.9875403833333334,
            55.141845733333334
          ],
          [
            -1.9841487000000002,
            55.140955416666671
          ],
          [
            -1.9805681166666669,
            55.140134500000009
          ],
          [
            -1.9769805833333332,
            55.139318000000003
          ],
          [
            -1.9737447333333336,
            55.13858991666666
          ],
          [
            -1.9706397499999997,
            55.137884849999999
          ],
          [
            -1.9677126333333332,
            55.136801166666658
          ],
          [
            -1.9653704666666665,
            55.135345933333333
          ],
          [
            -1.9632680666666666,
            55.134009249999991
          ],
          [
            -1.9604241166666669,
            55.132574466666668
          ],
          [
            -1.9575653,
            55.131474099999998
          ],
          [
            -1.9538457833333334,
            55.130990349999998
          ],
          [
            -1.9502573333333335,
            55.130610916666669
          ],
          [
            -1.9469103833333337,
            55.130190266666659
          ],
          [
            -1.9438489499999998,
            55.129670916666662
          ],
          [
            -1.9409371333333334,
            55.129149883333334
          ],
          [
            -1.9381010500000002,
            55.128258549999998
          ],
          [
            -1.9349598666666665,
            55.127102666666666
          ],
          [
            -1.9319419333333334,
            55.126144433333337
          ],
          [
            -1.9286998666666666,
            55.125057133333335
          ],
          [
            -1.9257205166666664,
            55.124057733333338
          ],
          [
            -1.9229690333333334,
            55.123247366666661
          ],
          [
            -1.9197920499999999,
            55.122828216666662
          ],
          [
            -1.916873555135191,
            55.122426751342935
          ],
          [
            -1.9139538333333332,
            55.121681366666664
          ],
          [
            -1.9116290833333334,
            55.120485599999995
          ],
          [
            -1.9091144166666665,
            55.119211666666665
          ],
          [
            -1.9062607,
            55.118048183333336
          ],
          [
            -1.9034067166666671,
            55.116889949999994
          ],
          [
            -1.9006808833333333,
            55.115991749999999
          ],
          [
            -1.8973741666666668,
            55.115449199999993
          ],
          [
            -1.8942632833333335,
            55.114995249999993
          ],
          [
            -1.8911825,
            55.114598416666666
          ],
          [
            -1.8881037000000003,
            55.114126933333331
          ],
          [
            -1.8851950166666669,
            55.113294283333332
          ],
          [
            -1.8818352333333332,
            55.112590249999997
          ],
          [
            -1.8797025000000001,
            55.112142716666661
          ],
          [
            -1.8788036666666665,
            55.111955966666663
          ],
          [
            -1.8754883333333334,
            55.111265016666657
          ],
          [
            -1.872524633333333,
            55.1106452
          ],
          [
            -1.8690883666666664,
            55.109975749999997
          ],
          [
            -1.8659170833333334,
            55.109409200000002
          ],
          [
            -1.8626057333333337,
            55.108814500000001
          ],
          [
            -1.8591265166666668,
            55.108225433333338
          ],
          [
            -1.8559923666666669,
            55.107840249999995
          ],
          [
            -1.8530017666666665,
            55.107469200000004
          ],
          [
            -1.8500654212368939,
            55.107098993758548
          ],
          [
            -1.8476631869015094,
            55.106802308292167
          ],
          [
            -1.8452787333333334,
            55.106263266666673
          ],
          [
            -1.8437470499999997,
            55.105348966666668
          ],
          [
            -1.8429416333333333,
            55.103988033333323
          ],
          [
            -1.8420157833333335,
            55.102680233333331
          ],
          [
            -1.8403239166666665,
            55.101799583333332
          ],
          [
            -1.8373855000000001,
            55.101918049999995
          ],
          [
            -1.8341581999999996,
            55.101765449999995
          ],
          [
            -1.8307700833333331,
            55.101552133333342
          ],
          [
            -1.8273097000000003,
            55.101043716666666
          ],
          [
            -1.8242725833333333,
            55.099789849999993
          ],
          [
            -1.8212106666666668,
            55.098410783333335
          ],
          [
            -1.8185437333333334,
            55.097148200000014
          ],
          [
            -1.8165819499999998,
            55.095415966666664
          ],
          [
            -1.8150523000000001,
            55.093416916666669
          ],
          [
            -1.8136776000000001,
            55.091675900000006
          ],
          [
            -1.8122326166666669,
            55.089875449999994
          ],
          [
            -1.8110466333333335,
            55.088082283333335
          ],
          [
            -1.8106303833333333,
            55.087276066666668
          ],
          [
            -1.8101760833333336,
            55.086389083333344
          ],
          [
            -1.809407533333333,
            55.085062833333325
          ],
          [
            -1.8088241,
            55.084148300000003
          ],
          [
            -1.8083136166666669,
            55.083282549999993
          ],
          [
            -1.8074262333333331,
            55.082030966666657
          ],
          [
            -1.8059175333333335,
            55.080386250000011
          ],
          [
            -1.8037727166666666,
            55.078845383333324
          ],
          [
            -1.8007876333333332,
            55.077588083333332
          ],
          [
            -1.7988153,
            55.076002066666668
          ],
          [
            -1.7968041833333337,
            55.074266599999994
          ],
          [
            -1.7947852500000001,
            55.072550433333333
          ],
          [
            -1.7926839999999997,
            55.070857566666675
          ],
          [
            -1.7903127999999999,
            55.069452466666675
          ],
          [
            -1.7878415499999998,
            55.068301783333332
          ],
          [
            -1.7853815999999998,
            55.067079716666662
          ],
          [
            -1.7830894666666663,
            55.065668233333326
          ],
          [
            -1.7805098333333333,
            55.064337133333325
          ],
          [
            -1.7777253147452776,
            55.063096588899967
          ],
          [
            -1.7749842313369251,
            55.061872388671752
          ],
          [
            -1.772823793529136,
            55.060584169776675
          ],
          [
            -1.7704662333333332,
            55.059286883333336
          ],
          [
            -1.7683299499999998,
            55.057867533333336
          ],
          [
            -1.7663872999999999,
            55.05654358333333
          ],
          [
            -1.7643963,
            55.05531568333334
          ],
          [
            -1.7619902999999999,
            55.054496633333336
          ],
          [
            -1.7599167666666669,
            55.053296266666663
          ],
          [
            -1.7581566,
            55.05193538333333
          ],
          [
            -1.7577612333333335,
            55.051518116666664
          ],
          [
            -1.7567506833333335,
            55.050509233333337
          ],
          [
            -1.7547006192127241,
            55.050059944135647
          ],
          [
            -1.7524356593625141,
            55.050039633310035
          ],
          [
            -1.7498549022773904,
            55.049807092860533
          ],
          [
            -1.747257711125052,
            55.049536540964034
          ],
          [
            -1.7450719000000001,
            55.049474283333332
          ],
          [
            -1.7433831666666666,
            55.049547833333328
          ],
          [
            -1.7419536333333336,
            55.050017350000005
          ],
          [
            -1.7422569666666665,
            55.051029116666662
          ],
          [
            -1.7424563666666666,
            55.052276133333329
          ],
          [
            -1.7427126333333334,
            55.053468700000003
          ],
          [
            -1.7429434500000001,
            55.054605716666678
          ],
          [
            -1.7431295666666664,
            55.055566233333337
          ],
          [
            -1.7429170666666669,
            55.056520633333342
          ],
          [
            -1.7427532499999998,
            55.057733766666658
          ],
          [
            -1.7425485166666665,
            55.058652916666674
          ],
          [
            -1.7423094435396522,
            55.059686798381414
          ],
          [
            -1.7417075166666667,
            55.061034500000005
          ],
          [
            -1.7396197833333331,
            55.062208566666669
          ],
          [
            -1.7369278833333335,
            55.063220133333331
          ],
          [
            -1.7348991833333334,
            55.064406600000005
          ],
          [
            -1.7342566166666666,
            55.066179533333326
          ],
          [
            -1.7334251333333333,
            55.068002883333335
          ],
          [
            -1.7332227166666665,
            55.06997208333334
          ],
          [
            -1.7332915067589987,
            55.071812671542006
          ],
          [
            -1.7332915067589987,
            55.071812671542006
          ],
          [
            -1.7326037653402759,
            55.07327707073938
          ],
          [
            -1.7301245166666666,
            55.073955566666669
          ],
          [
            -1.7276369666666667,
            55.074246849999987
          ],
          [
            -1.7249257833333331,
            55.074077000000003
          ],
          [
            -1.7214610333333336,
            55.07422771666667
          ],
          [
            -1.7179606833333332,
            55.074319433333329
          ],
          [
            -1.7144524666666663,
            55.074327750000002
          ],
          [
            -1.711282,
            55.074298066666671
          ],
          [
            -1.7078645499999998,
            55.074272500000006
          ],
          [
            -1.7044548000000002,
            55.074205799999994
          ],
          [
            -1.7011554666666668,
            55.07417061666667
          ],
          [
            -1.6981601333333336,
            55.074120416666666
          ],
          [
            -1.6953798333333334,
            55.07406863333334
          ],
          [
            -1.6928140666666671,
            55.07335736666667
          ],
          [
            -1.6902043333333334,
            55.072906966666672
          ],
          [
            -1.6872573666666668,
            55.07333100000001
          ],
          [
            -1.6846211000000002,
            55.073847549999996
          ],
          [
            -1.6818470166666668,
            55.074584566666665
          ],
          [
            -1.6787285833333332,
            55.075262583333341
          ],
          [
            -1.6751508666666668,
            55.075953633333327
          ],
          [
            -1.6714977166666667,
            55.07665586666667
          ],
          [
            -1.6678968833333334,
            55.077344266666657
          ],
          [
            -1.6643337333333335,
            55.078028266666664
          ],
          [
            -1.6611030833333336,
            55.078590799999994
          ],
          [
            -1.6576252999999999,
            55.078898183333337
          ],
          [
            -1.6544936333333335,
            55.079122433333332
          ],
          [
            -1.6512382666666667,
            55.079183449999995
          ],
          [
            -1.6486914333333331,
            55.079369216666656
          ],
          [
            -1.6468900166666667,
            55.078729466666665
          ],
          [
            -1.64551095,
            55.076939800000005
          ],
          [
            -1.6442276301621388,
            55.074946332221593
          ],
          [
            -1.6430830833333332,
            55.073082866666667
          ],
          [
            -1.6420814333333336,
            55.071406116666672
          ],
          [
            -1.6407483666666669,
            55.070116766666665
          ],
          [
            -1.6387418342549831,
            55.069415902718227
          ],
          [
            -1.6377725833333334,
            55.068054583333335
          ],
          [
            -1.6366099000000001,
            55.066792516666659
          ],
          [
            -1.6348269000000002,
            55.065941683333328
          ],
          [
            -1.6335320785107825,
            55.065408625990337
          ],
          [
            -1.6321916333333335,
            55.064878083333333
          ],
          [
            -1.6301276166666667,
            55.065454033333332
          ],
          [
            -1.6272836666666666,
            55.065825533333332
          ],
          [
            -1.6241786,
            55.066264216666667
          ],
          [
            -1.6205542666666668,
            55.066663933333331
          ],
          [
            -1.6170468333333332,
            55.066899200000002
          ],
          [
            -1.6131425666666668,
            55.06699274999999
          ],
          [
            -1.6091133499999999,
            55.066986749999998
          ],
          [
            -1.6053630166666664,
            55.066969499999999
          ],
          [
            -1.6012739333333332,
            55.066957616666663
          ],
          [
            -1.5975559333333331,
            55.066943366666656
          ],
          [
            -1.5938824999999999,
            55.066921966666662
          ],
          [
            -1.5902393500000001,
            55.066780550000004
          ],
          [
            -1.58675845,
            55.066496433333334
          ],
          [
            -1.5834888833333334,
            55.066106750000003
          ],
          [
            -1.5809455666666665,
            55.065745533333327
          ],
          [
            -1.5793619333333335,
            55.065401716666678
          ],
          [
            -1.5779495833333332,
            55.064934366666662
          ],
          [
            -1.5763677000000003,
            55.064749666666664
          ],
          [
            -1.5747455833333333,
            55.064262116666669
          ],
          [
            -1.5720690833333331,
            55.06323355
          ],
          [
            -1.5693075666666669,
            55.061805533333334
          ],
          [
            -1.5670111000000002,
            55.060188683333337
          ],
          [
            -1.5647085166666665,
            55.058333400000009
          ],
          [
            -1.5625645000000001,
            55.056616433333332
          ],
          [
            -1.5602545999999999,
            55.054757050000006
          ],
          [
            -1.5579212666666666,
            55.052879766666663
          ],
          [
            -1.555509733333333,
            55.050909016666679
          ],
          [
            -1.5537408499999998,
            55.049015700000005
          ],
          [
            -1.552412883333333,
            55.046851733333341
          ],
          [
            -1.5509540333333334,
            55.044857466666663
          ],
          [
            -1.5490191333333334,
            55.043050066666666
          ],
          [
            -1.4800381218351053,
            54.997330461930623
          ],
          [
            -1.4805925373180955,
            54.996322615855433
          ],
          [
            -1.4808868451272568,
            54.995398694452753
          ],
          [
            -1.4788324763118008,
            54.995220906234636
          ],
          [
            -1.476739131493257,
            54.995237147567757
          ],
          [
            -1.4750128711870507,
            54.995257105829225
          ],
          [
            -1.473337305774393,
            54.995282499615392
          ],
          [
            -1.471520612252935,
            54.995798776047131
          ],
          [
            -1.4697414037483265,
            54.996328997607499
          ],
          [
            -1.4682647453787845,
            54.996691566764909
          ],
          [
            -1.4666311407410868,
            54.996578996965447
          ],
          [
            -1.4650775964957845,
            54.996330921625557
          ],
          [
            -1.4636752962748734,
            54.995881324797757
          ],
          [
            -1.461982796022844,
            54.995549842615567
          ],
          [
            -1.4605339632490015,
            54.995050159827379
          ],
          [
            -1.458976204275316,
            54.99493524065845
          ],
          [
            -1.4572553754263518,
            54.994394092843763
          ],
          [
            -1.4557391227382017,
            54.994263044589907
          ],
          [
            -1.4534993212991405,
            54.993638750798183
          ],
          [
            -1.4509716760033253,
            54.992709926527148
          ],
          [
            -1.4503696566068118,
            54.992183078611951
          ],
          [
            -0.89420704562151154,
            54.787425517428801
          ],
          [
            -0.8596766705766874,
            54.770792879559117
          ],
          [
            -0.82568062693122568,
            54.754173372991666
          ],
          [
            -0.79151514755507157,
            54.737792132679729
          ],
          [
            -0.75744667498340001,
            54.721433407150045
          ],
          [
            -0.72297674946991874,
            54.705506908850431
          ],
          [
            -0.68838111859504747,
            54.689636178706778
          ],
          [
            -0.65344256698692649,
            54.67351268330691
          ],
          [
            -0.61659248383083642,
            54.658702242374822
          ],
          [
            -0.58223199129717629,
            54.642476593583446
          ],
          [
            -0.27968661083994462,
            54.492012404561549
          ],
          [
            3.1189149799628892,
            52.772784659088927
          ],
          [
            3.1197826385381822,
            52.772015601139344
          ],
          [
            3.2262001454094484,
            52.724807404087514
          ],
          [
            3.2274159349032483,
            52.724278599267159
          ],
          [
            3.2286496266826799,
            52.723740273432959
          ],
          [
            3.2298839902836183,
            52.723203533237147
          ],
          [
            3.231123306396396,
            52.722660869536561
          ],
          [
            3.2323435541458703,
            52.722114282531535
          ],
          [
            3.2335332901558718,
            52.721536191819659
          ],
          [
            3.2347242253937205,
            52.720949037028838
          ],
          [
            3.2359212655951319,
            52.720353022340852
          ],
          [
            3.2371158656047241,
            52.719791680608459
          ],
          [
            3.2383615676308439,
            52.719276986460216
          ],
          [
            3.2396569934223653,
            52.718709167183327
          ],
          [
            3.2408710757143253,
            52.718180607490567
          ],
          [
            3.2421052122206313,
            52.717646943141702
          ],
          [
            3.2433021591810527,
            52.717103299985652
          ],
          [
            3.2445152449197634,
            52.716560504966303
          ],
          [
            3.2456785683653031,
            52.715991034590914
          ],
          [
            3.2468195966501403,
            52.715416898794892
          ],
          [
            3.2480080015052284,
            52.714850523984637
          ],
          [
            3.2492879080579304,
            52.71432697447576
          ],
          [
            3.2505145402217277,
            52.713794082501394
          ],
          [
            3.2517800906405707,
            52.713195685614664
          ],
          [
            3.2530367310145456,
            52.712601182796824
          ],
          [
            3.2542493423168586,
            52.711996166731289
          ],
          [
            3.2554901891026375,
            52.711471314526641
          ],
          [
            3.2562295258320524,
            52.711163366124978
          ],
          [
            3.2575097895922163,
            52.710614806116325
          ],
          [
            3.2587056270173509,
            52.710063287653966
          ],
          [
            3.2599353859023528,
            52.709532758780199
          ],
          [
            3.2611502852119925,
            52.708944208587404
          ],
          [
            3.2623698894779114,
            52.708400086124513
          ],
          [
            3.2636356685760091,
            52.707881324354943
          ],
          [
            3.2652628208006647,
            52.707158707596896
          ],
          [
            3.2664576233446851,
            52.706609527485895
          ],
          [
            3.2670478239822511,
            52.706331553266025
          ],
          [
            3.2676486259388842,
            52.706056506749931
          ],
          [
            3.2686418158024946,
            52.705505206290383
          ],
          [
            3.269919935319848,
            52.704965512581381
          ],
          [
            3.2713226213562567,
            52.704547335561664
          ],
          [
            3.344218002157453,
            52.671026490023728
          ],
          [
            3.3455009187489151,
            52.670468405029965
          ],
          [
            3.3473892202306046,
            52.669531099472891
          ],
          [
            3.3485206479322258,
            52.668951658263715
          ],
          [
            3.3498013382186511,
            52.668413978326242
          ],
          [
            3.3510861070162474,
            52.667883113022079
          ],
          [
            3.3523484515210153,
            52.667331996685157
          ],
          [
            3.353570564902109,
            52.666752372624074
          ],
          [
            3.3547586646254199,
            52.666208197410747
          ],
          [
            3.3560188175327483,
            52.665645156172438
          ],
          [
            3.3572803152122019,
            52.665088186443597
          ],
          [
            3.3585445521855339,
            52.66455004815613
          ],
          [
            3.3597328144461112,
            52.66397556516867
          ],
          [
            3.3609688483857303,
            52.663446179187432
          ],
          [
            3.3622048686670554,
            52.662923903216928
          ],
          [
            3.3634912924066578,
            52.662388850311579
          ],
          [
            3.3646962681680619,
            52.661854345722077
          ],
          [
            3.3658719685076748,
            52.661260377610532
          ],
          [
            3.3670814355774765,
            52.660676072396306
          ],
          [
            3.3683166613973055,
            52.660118517679457
          ],
          [
            3.3695590959756561,
            52.659505319317397
          ],
          [
            3.3708800918196009,
            52.658988402889079
          ],
          [
            3.3721261957890807,
            52.658452695867233
          ],
          [
            3.3733593818571341,
            52.657891247740494
          ],
          [
            3.3745321886291437,
            52.657315185337744
          ],
          [
            3.3756973832830037,
            52.656751788092848
          ],
          [
            3.3768938836760536,
            52.656187729761498
          ],
          [
            3.3780890470636269,
            52.655631747053754
          ],
          [
            3.3792864992929417,
            52.655090702311547
          ],
          [
            3.3804930854905062,
            52.654506262871287
          ],
          [
            3.3817125001412633,
            52.653940248108839
          ],
          [
            3.3829624238439227,
            52.653444045868021
          ],
          [
            3.3843116837168359,
            52.652920643594797
          ],
          [
            3.3855196726978258,
            52.65237179245117
          ],
          [
            3.386744391911872,
            52.651810055749856
          ],
          [
            3.387877196088493,
            52.65119910714867
          ],
          [
            3.3893335699975338,
            52.650438718362906
          ],
          [
            3.4200522028953038,
            52.636629809004042
          ],
          [
            3.4524712220557343,
            52.621860059059721
          ],
          [
            3.4626611304740629,
            52.61729738216021
          ],
          [
            3.5184754790459514,
            52.593351676956281
          ],
          [
            3.5193363762227658,
            52.59321321381772
          ],
          [
            3.5207903009802832,
            52.592846374336474
          ],
          [
            3.522303755428343,
            52.59257793576915
          ],
          [
            3.5240272484681814,
            52.592214283869261
          ],
          [
            3.5253028277533414,
            52.592041009525744
          ],
          [
            3.5268153636017834,
            52.591819335443802
          ],
          [
            3.5283326243327795,
            52.591579236724399
          ],
          [
            3.5297854981243093,
            52.591258016640168
          ],
          [
            3.5312411343737979,
            52.590951582642816
          ],
          [
            3.5329870410667068,
            52.590677459793561
          ],
          [
            3.5344911950502658,
            52.590469083965594
          ],
          [
            3.5359981380286514,
            52.5901799853048
          ],
          [
            3.5374452566519516,
            52.589859795804955
          ],
          [
            3.5389416954127424,
            52.589600068050821
          ],
          [
            3.5404066871194448,
            52.589308054223757
          ],
          [
            3.541937723336996,
            52.589089566335204
          ],
          [
            3.5434403639239092,
            52.588859115768429
          ],
          [
            3.5449417983693068,
            52.588604381447254
          ],
          [
            3.5464601425892903,
            52.588341115892852
          ],
          [
            3.5479636908548748,
            52.588089883592737
          ],
          [
            3.5494685791383378,
            52.587835172266836
          ],
          [
            3.5509765659949006,
            52.58755497406176
          ],
          [
            3.5524609976854098,
            52.587281324321935
          ],
          [
            3.5539620478317993,
            52.587011662193547
          ],
          [
            3.5554920123410367,
            52.586762881039839
          ],
          [
            3.5570077718153752,
            52.58653312042204
          ],
          [
            3.5585191148074093,
            52.586266583532229
          ],
          [
            3.5600454714441252,
            52.586008725708602
          ],
          [
            3.5616642752187442,
            52.58572252830708
          ],
          [
            3.5630422496484209,
            52.585469673079835
          ],
          [
            3.5645515401439818,
            52.585234810132889
          ],
          [
            3.5660324328509851,
            52.584960699493898
          ],
          [
            3.5675416350617004,
            52.584704589520982
          ],
          [
            3.5689681139444089,
            52.584386945387614
          ],
          [
            3.5704893039087584,
            52.584119888867889
          ],
          [
            3.5719928943207155,
            52.58384822896533
          ],
          [
            3.5734732532207496,
            52.583603480095768
          ],
          [
            3.5749077716106226,
            52.583294362392294
          ],
          [
            3.5764106937471221,
            52.58303884363449
          ],
          [
            3.5779184537148749,
            52.582777515734946
          ],
          [
            3.5794317527688189,
            52.582544110436643
          ],
          [
            3.5808778664443026,
            52.582226700540296
          ],
          [
            3.5823573782808689,
            52.581951444941474
          ],
          [
            3.5838441853143466,
            52.5817099422122
          ],
          [
            3.5853391660043301,
            52.581487029546942
          ],
          [
            3.5868534082284738,
            52.581294661797664
          ],
          [
            3.5883221828503795,
            52.58098648473036
          ],
          [
            3.5897971885601598,
            52.580703299899255
          ],
          [
            3.5912708424050992,
            52.580468127750038
          ],
          [
            3.5927178943728233,
            52.5802127718623
          ],
          [
            3.5942145420492553,
            52.579967235248773
          ],
          [
            3.5956650870935589,
            52.579690696632127
          ],
          [
            3.597115761554591,
            52.579382139817959
          ],
          [
            3.5987705407392268,
            52.579070356445719
          ],
          [
            3.6001831624069878,
            52.578862234625191
          ],
          [
            4.3320839536770759,
            52.50260615373606
          ],
          [
            4.332210916351694,
            52.502596274328212
          ],
          [
            4.3716725167615742,
            52.495224508726508
          ],
          [
            4.3730707815647785,
            52.495052837794091
          ],
          [
            4.3745923214558626,
            52.494876316024389
          ],
          [
            4.3760508253059838,
            52.494453901319751
          ],
          [
            4.3775872034338308,
            52.494285983503552
          ],
          [
            4.3789626046208738,
            52.493960728837152
          ],
          [
            4.3805393689364749,
            52.493883694850936
          ],
          [
            4.382003109163902,
            52.493681202499772
          ],
          [
            4.3833688038135392,
            52.493303040590128
          ],
          [
            4.3849000937723197,
            52.493240923580636
          ],
          [
            4.3864918518262597,
            52.493189596746575
          ],
          [
            4.387927726166291,
            52.49278734117798
          ],
          [
            4.4453967289052807,
            52.48111310803381
          ],
          [
            4.4522370732544703,
            52.479807960899137
          ],
          [
            4.4631096911822095,
            52.477941852075993
          ],
          [
            4.4729209355384176,
            52.476348103095106
          ],
          [
            4.4829972886879608,
            52.474460689312359
          ],
          [
            4.503614293848992,
            52.471346746281796
          ],
          [
            4.5075445827129208,
            52.470601423197074
          ],
          [
            4.5174686030485161,
            52.468978854991526
          ],
          [
            4.5189022199004647,
            52.468733746843562
          ],
          [
            4.5203331870137617,
            52.468513349535975
          ],
          [
            4.5218265143208694,
            52.468236312800727
          ],
          [
            4.5233109887465126,
            52.467982219406686
          ],
          [
            4.524793658110374,
            52.46771566744534
          ],
          [
            4.5263793409254376,
            52.467551639745281
          ],
          [
            4.5279150108447599,
            52.46746343158204
          ],
          [
            4.5293838404130149,
            52.467310357007648
          ],
          [
            4.5388800647592555,
            52.466151849422296
          ],
          [
            4.5484961024581247,
            52.465241596121807
          ],
          [
            4.5575372418988982,
            52.465146416183757
          ],
          [
            4.5637498817717157,
            52.458019251088359
          ],
          [
            4.5658090971567615,
            52.465474050316203
          ],
          [
            4.5737816782193814,
            52.4665586589689
          ],
          [
            4.5797062755079372,
            52.467817714977599
          ],
          [
            4.5830304426878294,
            52.462304280665279
          ],
          [
            4.5848085978404116,
            52.46272156371473
          ],
          [
            4.5833832747581127,
            52.463232634016123
          ],
          [
            4.5846163377163602,
            52.467726147135814
          ],
          [
            4.5851687504865835,
            52.46721412077688
          ],
          [
            4.5817367106709277,
            52.463199326469883
          ],
          [
            4.5855124323449896,
            52.462127237818663
          ],
          [
            4.5872381273206662,
            52.462265946712904
          ],
          [
            4.5836627511374992,
            52.463203518827434
          ],
          [
            4.5858426632901041,
            52.46321539496175
          ],
          [
            4.5882631644584864,
            52.461640770018576
          ],
          [
            4.6020691604145476,
            52.46340026261548
          ],
          [
            4.6042307666666673,
            52.463397883333336
          ],
          [
            4.6058505166666661,
            52.463244116666658
          ],
          [
            4.6081529666666663,
            52.463434766666666
          ],
          [
            4.6112923000000006,
            52.463470099999995
          ],
          [
            4.6145290499999998,
            52.463491933333337
          ],
          [
            4.6178134553734171,
            52.463532824520151
          ],
          [
            4.6208282129531657,
            52.463553403463401
          ],
          [
            4.6236885480284302,
            52.463572698788809
          ],
          [
            4.6264366901638194,
            52.463596126731296
          ],
          [
            4.6289008198881012,
            52.463557968831509
          ],
          [
            4.6308387926865997,
            52.462906024273423
          ],
          [
            4.6320245249243062,
            52.462228838197497
          ],
          [
            4.6335043486712086,
            52.462244537369422
          ],
          [
            4.6352092666666662,
            52.462370433333334
          ],
          [
            4.63729675,
            52.462329116666659
          ],
          [
            4.6392508432370434,
            52.462331825036259
          ],
          [
            4.6413658620138207,
            52.462342939453343
          ],
          [
            4.6432668878842449,
            52.462369958568694
          ],
          [
            4.6451121301674707,
            52.462060287352656
          ],
          [
            4.6461465999999998,
            52.461116233333328
          ],
          [
            4.6474733181394052,
            52.460098223880443
          ],
          [
            4.6488686226191467,
            52.459409323784378
          ],
          [
            4.6501852166666664,
            52.458756433333335
          ],
          [
            4.651484766666667,
            52.458169116666667
          ],
          [
            4.6537865500000004,
            52.457949300000003
          ],
          [
            4.6557561833333327,
            52.458226033333325
          ],
          [
            4.6571739999999995,
            52.457979133333339
          ],
          [
            4.6578339,
            52.45633513333334
          ],
          [
            4.6590256166666668,
            52.454512233333332
          ],
          [
            4.6594013333333333,
            52.452528966666655
          ],
          [
            4.6589967333333338,
            52.450994899999998
          ],
          [
            4.6599778333333335,
            52.448982533333343
          ],
          [
            4.6614439166666672,
            52.446950200000011
          ],
          [
            4.663125916666667,
            52.445219283333337
          ],
          [
            4.6659592500000002,
            52.443802699999999
          ],
          [
            4.6685255000000003,
            52.44255878333334
          ],
          [
            4.6700437166666671,
            52.440650133333335
          ],
          [
            4.6705239666666669,
            52.438785433333329
          ],
          [
            4.6719353833333335,
            52.436911766666661
          ],
          [
            4.6737730833333329,
            52.435033300000001
          ],
          [
            4.6757325666666665,
            52.433129216666671
          ],
          [
            4.6778998500000002,
            52.431040833333327
          ],
          [
            4.6800853,
            52.428939233333324
          ],
          [
            4.6824353833333339,
            52.42691108333333
          ],
          [
            4.6851418333333337,
            52.425053783333333
          ],
          [
            4.6881435833333329,
            52.42337586666666
          ],
          [
            4.6911863,
            52.421723933333332
          ],
          [
            4.6939551333333336,
            52.419883233333337
          ],
          [
            4.6960877833333337,
            52.418027266666662
          ],
          [
            4.697938933333333,
            52.415824016666669
          ],
          [
            4.6993462666666668,
            52.41349606666666
          ],
          [
            4.7005905000000006,
            52.41113368333334
          ],
          [
            4.7018302166666661,
            52.4087763
          ],
          [
            4.7030248833333328,
            52.406411599999998
          ],
          [
            4.7032354500000002,
            52.40597983333334
          ],
          [
            4.7040443999999999,
            52.404203750000001
          ],
          [
            4.704756033333334,
            52.402001133333329
          ],
          [
            4.7051474666666673,
            52.399935450000008
          ],
          [
            4.7055200000000008,
            52.397576783333335
          ],
          [
            4.7059263833333329,
            52.395020449999997
          ],
          [
            4.7063251333333334,
            52.392465683333334
          ],
          [
            4.7067327666666676,
            52.389906450000005
          ],
          [
            4.7070965166666667,
            52.387594716666669
          ],
          [
            4.7074993999999997,
            52.385085333333336
          ],
          [
            4.707844783333333,
            52.382861950000006
          ],
          [
            4.7082125499999989,
            52.380487633333331
          ],
          [
            4.7085882166666657,
            52.378086583333335
          ],
          [
            4.7089309166666666,
            52.375564950000005
          ],
          [
            4.7102227999999995,
            52.373144050000008
          ],
          [
            4.7132267666666667,
            52.371349733333339
          ],
          [
            4.7164111166666673,
            52.369688533333324
          ],
          [
            4.7195611666666668,
            52.367996300000009
          ],
          [
            4.7227046666666661,
            52.366312350000001
          ],
          [
            4.7258375166666671,
            52.364628083333344
          ],
          [
            4.7290135333333332,
            52.36293318333334
          ],
          [
            4.7321925,
            52.361230733333336
          ],
          [
            4.7352744333333332,
            52.359544450000008
          ],
          [
            4.7384120999999997,
            52.357831950000005
          ],
          [
            4.7413365000000001,
            52.356267966666671
          ],
          [
            4.7441742833333338,
            52.354781616666671
          ],
          [
            4.7468396666666672,
            52.353348533333339
          ],
          [
            4.7494160833333332,
            52.351966233333329
          ],
          [
            4.7519280333333338,
            52.350251383333337
          ],
          [
            4.752531733333333,
            52.34973303333333
          ],
          [
            4.753950566666667,
            52.348254799999992
          ],
          [
            4.7553809166666667,
            52.346053049999995
          ],
          [
            4.7561088500000004,
            52.343928400000003
          ],
          [
            4.7563559999999994,
            52.341595566666669
          ],
          [
            4.7568971666666666,
            52.33917546666666
          ],
          [
            4.7583553000000007,
            52.336855283333335
          ],
          [
            4.7606273833333335,
            52.334816583333335
          ],
          [
            4.7632287666666668,
            52.333286766666667
          ],
          [
            4.7662929666666667,
            52.331634333333341
          ],
          [
            4.7690883666666668,
            52.330125783333337
          ],
          [
            4.772177516666666,
            52.328599950000005
          ],
          [
            4.7753960333333332,
            52.327669616666661
          ],
          [
            4.7785806333333332,
            52.327329233333323
          ],
          [
            4.7819304000000002,
            52.327496116666659
          ],
          [
            4.7853149999999998,
            52.327861883333327
          ],
          [
            4.7887555333333331,
            52.327964349999995
          ],
          [
            4.7923380833333331,
            52.327710783333337
          ],
          [
            4.7958025499999994,
            52.327130850000003
          ],
          [
            4.7992553500000001,
            52.326057000000006
          ],
          [
            4.8020700666666674,
            52.324813416666665
          ],
          [
            4.80474085,
            52.323150366666667
          ],
          [
            4.8070235833333337,
            52.321127916666661
          ],
          [
            4.8090087499999994,
            52.318883000000007
          ],
          [
            4.8110351666666658,
            52.316633749999994
          ],
          [
            4.8131085333333337,
            52.314714016666663
          ],
          [
            4.8154339296249997,
            52.313068446573091
          ],
          [
            4.818164927308759,
            52.311406766982593
          ],
          [
            4.821322378790371,
            52.309858360841162
          ],
          [
            4.8225679848885044,
            52.309335609317628
          ],
          [
            4.8247517833333333,
            52.308523416666674
          ],
          [
            4.8281941838826832,
            52.307404230057216
          ],
          [
            4.8314851207567733,
            52.306543833696985
          ],
          [
            4.8347856625635295,
            52.305867024365931
          ],
          [
            4.8383214380140265,
            52.305251105878817
          ],
          [
            4.8416078687964301,
            52.304806580378155
          ],
          [
            4.8456923762955624,
            52.304286914901454
          ],
          [
            4.849186381647935,
            52.303564581315342
          ],
          [
            4.8524135239576616,
            52.30239771335539
          ],
          [
            4.8557546006165895,
            52.301149033943496
          ],
          [
            4.8595976711603228,
            52.300370735870594
          ],
          [
            4.8630235650386,
            52.299769098799317
          ],
          [
            4.8663542666666659,
            52.299202716666663
          ],
          [
            4.8694461023362638,
            52.29837167294464
          ],
          [
            4.872662032189143,
            52.297728375621681
          ],
          [
            4.8758844333333329,
            52.297262349999997
          ],
          [
            4.8790576999999997,
            52.296806516666663
          ],
          [
            4.8826036333333329,
            52.296346100000001
          ],
          [
            4.8864154000000006,
            52.29581138333333
          ],
          [
            4.8902672333333337,
            52.295046183333341
          ],
          [
            4.8939359166666661,
            52.293965750000005
          ],
          [
            4.8976816999999997,
            52.29270666666666
          ],
          [
            4.9017266333333334,
            52.291476700000011
          ],
          [
            4.9058705333333332,
            52.290362133333339
          ],
          [
            4.9102126999999998,
            52.289347299999996
          ],
          [
            4.9142676333333331,
            52.288543016666672
          ],
          [
            4.9187312499999996,
            52.287807766666674
          ],
          [
            4.9228020166666671,
            52.287254550000007
          ],
          [
            4.9256112999999999,
            52.286934683333328
          ],
          [
            4.9272032833333341,
            52.286774416666667
          ],
          [
            4.931160216666667,
            52.28642068333334
          ],
          [
            4.9349893833333329,
            52.286209233333331
          ],
          [
            4.9390101666666668,
            52.286086716666659
          ],
          [
            4.9427624166666666,
            52.286089633333333
          ],
          [
            4.9466443999999994,
            52.286021266666665
          ],
          [
            4.9499379499999998,
            52.286083049999995
          ],
          [
            4.9526466999999998,
            52.28543736666667
          ],
          [
            4.9521782833333337,
            52.28320313333333
          ],
          [
            4.9528017333333336,
            52.280788583333333
          ],
          [
            4.9544335166666666,
            52.278537166666673
          ],
          [
            4.9561059333333324,
            52.276436516666671
          ],
          [
            4.9576956833333332,
            52.27422511666667
          ],
          [
            4.9591068333333332,
            52.271872866666669
          ],
          [
            4.9601835833333334,
            52.269720266666674
          ],
          [
            4.9612237666666665,
            52.26749383333334
          ],
          [
            4.9626260666666671,
            52.265152166666667
          ],
          [
            4.9641707666666672,
            52.262765833333333
          ],
          [
            4.9653329500000005,
            52.260588683333324
          ],
          [
            4.9663493833333332,
            52.258153233333324
          ],
          [
            4.96728155,
            52.25567680000001
          ],
          [
            4.9682222166666667,
            52.253213450000004
          ],
          [
            4.9691815166666666,
            52.25070843333333
          ],
          [
            4.9700745500000005,
            52.248448350000004
          ],
          [
            4.9712195333333327,
            52.246105966666661
          ],
          [
            4.9725355666666662,
            52.243691949999992
          ],
          [
            4.9738355833333339,
            52.241280116666665
          ],
          [
            4.9752044499999997,
            52.238848766666656
          ],
          [
            4.9758192666666661,
            52.237730066666664
          ],
          [
            4.9765148333333329,
            52.236431766666662
          ],
          [
            4.9778685666666673,
            52.234129450000005
          ],
          [
            4.979386016666667,
            52.232000416666672
          ],
          [
            4.9812610666666659,
            52.229779416666666
          ],
          [
            4.9831463666666664,
            52.227844750000003
          ],
          [
            4.9849395666666672,
            52.225649733333334
          ],
          [
            4.9862560166666672,
            52.223273849999998
          ],
          [
            4.9870179333333331,
            52.220878466666669
          ],
          [
            4.9872452833333325,
            52.218653200000006
          ],
          [
            4.9870873333333332,
            52.216279716666669
          ],
          [
            4.9870379500000004,
            52.213759549999999
          ],
          [
            4.9870217166666659,
            52.211473383333335
          ],
          [
            4.986998166666667,
            52.209270233333342
          ],
          [
            4.9869730999999993,
            52.206979716666666
          ],
          [
            4.9869598000000002,
            52.204628450000001
          ],
          [
            4.9870417666666667,
            52.202536383333339
          ],
          [
            4.9870799500000009,
            52.200286800000008
          ],
          [
            4.9871210000000001,
            52.197764783333334
          ],
          [
            4.9871401333333338,
            52.195170066666662
          ],
          [
            4.9869779333333328,
            52.192580416666672
          ],
          [
            4.9869178333333339,
            52.19017436666666
          ],
          [
            4.9868351833333326,
            52.187606400000007
          ],
          [
            4.9867922333333334,
            52.185228000000002
          ],
          [
            4.9867238500000006,
            52.182714950000012
          ],
          [
            4.9868284000000003,
            52.180476733333336
          ],
          [
            4.9870220999999999,
            52.178097283333337
          ],
          [
            4.9872065499999998,
            52.175770716666669
          ],
          [
            4.9874110333333332,
            52.173395883333328
          ],
          [
            4.9875408999999999,
            52.171773416666667
          ],
          [
            4.9876116833333333,
            52.17083989999999
          ],
          [
            4.9877734,
            52.168268950000005
          ],
          [
            4.9883374333333341,
            52.165732183333326
          ],
          [
            4.9893567499999998,
            52.163504250000003
          ],
          [
            4.9907690666666671,
            52.161443016666666
          ],
          [
            4.9922376166666664,
            52.159428266666666
          ],
          [
            4.9936011166666665,
            52.157501383333326
          ],
          [
            4.9950856000000003,
            52.155349183333328
          ],
          [
            4.9966263666666659,
            52.15312243333333
          ],
          [
            4.9982044500000002,
            52.150849749999999
          ],
          [
            4.9997386666666674,
            52.148623433333327
          ],
          [
            5.0013682999999993,
            52.146274399999989
          ],
          [
            5.0029951000000006,
            52.143911666666661
          ],
          [
            5.0044867833333333,
            52.141748333333332
          ],
          [
            5.0061276333333335,
            52.139375850000008
          ],
          [
            5.0077100000000003,
            52.136988966666664
          ],
          [
            5.0093452333333337,
            52.134617433333339
          ],
          [
            5.0109925333333338,
            52.132256599999998
          ],
          [
            5.0131233833333324,
            52.130046499999992
          ],
          [
            5.0156894166666675,
            52.128021900000007
          ],
          [
            5.0186530833333345,
            52.126215450000004
          ],
          [
            5.0216353833333329,
            52.124417233333332
          ],
          [
            5.0246032166666668,
            52.122614666666671
          ],
          [
            5.027565383333334,
            52.120807216666662
          ],
          [
            5.0306834499999997,
            52.119097733333334
          ],
          [
            5.0341407,
            52.117653950000005
          ],
          [
            5.0372776999999997,
            52.11643071666667
          ],
          [
            5.0404551166666662,
            52.115154433333323
          ],
          [
            5.0422346166666667,
            52.11443933333333
          ],
          [
            5.0437453999999997,
            52.11383643333334
          ],
          [
            5.0467191000000007,
            52.112641116666659
          ],
          [
            5.0499679166666667,
            52.111323383333335
          ],
          [
            5.0531459500000002,
            52.109852416666676
          ],
          [
            5.0558911000000002,
            52.108385500000004
          ],
          [
            5.0583990333333331,
            52.10685505
          ],
          [
            5.0609389333333334,
            52.105080333333341
          ],
          [
            5.0632456333333336,
            52.103222066666667
          ],
          [
            5.0654148333333335,
            52.101207800000005
          ],
          [
            5.067229738491231,
            52.099317606435847
          ],
          [
            5.0689236115240908,
            52.097197192165588
          ],
          [
            5.0705911666666674,
            52.094981966666666
          ],
          [
            5.0721521833333334,
            52.092937250000006
          ],
          [
            5.0736613833333335,
            52.09090221666667
          ],
          [
            5.0748807833333336,
            52.088575066666664
          ],
          [
            5.0756675000000007,
            52.085993766666661
          ],
          [
            5.076009233333334,
            52.083582916666671
          ],
          [
            5.0759313999999991,
            52.081239933333336
          ],
          [
            5.0754323666666661,
            52.078920466666659
          ],
          [
            5.0746491666666671,
            52.076721683333332
          ],
          [
            5.0738055666666666,
            52.074716533333337
          ],
          [
            5.0729370499999993,
            52.072481833333327
          ],
          [
            5.0722662333333339,
            52.070091783333332
          ],
          [
            5.0726954166666669,
            52.067927300000001
          ],
          [
            5.0745659166666659,
            52.066017583333327
          ],
          [
            5.0774821333333335,
            52.064804416666661
          ],
          [
            5.0809723666666669,
            52.063811533333329
          ],
          [
            5.0839373000000005,
            52.062726900000001
          ],
          [
            5.0870959666666664,
            52.061969050000002
          ],
          [
            5.0880687,
            52.061842533333326
          ],
          [
            5.0903160833333336,
            52.061607283333331
          ],
          [
            5.0938256666666675,
            52.061282833333344
          ],
          [
            5.0974666333333332,
            52.060945350000004
          ],
          [
            5.1006874666666668,
            52.060650466666665
          ],
          [
            5.1040219999999996,
            52.060336633333328
          ],
          [
            5.1072446166666667,
            52.059925966666668
          ],
          [
            5.1102491333333333,
            52.059371799999994
          ],
          [
            5.1133779500000003,
            52.058716533333339
          ],
          [
            5.1162584000000004,
            52.058074366666673
          ],
          [
            5.1189046333333339,
            52.057481583333342
          ],
          [
            5.121835850000001,
            52.056857233333325
          ],
          [
            5.1246077833333334,
            52.056296499999995
          ],
          [
            5.1273333333333326,
            52.05580728333333
          ],
          [
            5.1300386333333332,
            52.05543973333333
          ],
          [
            5.1327126833333336,
            52.055289783333329
          ],
          [
            5.1359424666666662,
            52.055477766666669
          ],
          [
            5.1394530999999999,
            52.05568688333333
          ],
          [
            5.1429452666666666,
            52.055434766666664
          ],
          [
            5.1461465666666673,
            52.055873900000009
          ],
          [
            5.1494295333333344,
            52.056594583333329
          ],
          [
            5.1525389500000003,
            52.057509349999997
          ],
          [
            5.1555795833333331,
            52.058411700000008
          ],
          [
            5.159176566666666,
            52.05946886666667
          ],
          [
            5.162884533333334,
            52.060617183333342
          ],
          [
            5.1663500666666664,
            52.061553599999996
          ],
          [
            5.1700659333333334,
            52.062009466666666
          ],
          [
            5.1738636833333338,
            52.062180383333335
          ],
          [
            5.177631466666667,
            52.062315750000003
          ],
          [
            5.1817972333333335,
            52.062459533333339
          ],
          [
            5.1855747666666661,
            52.06258758333334
          ],
          [
            5.1893574666666673,
            52.062412216666672
          ],
          [
            5.1930895333333336,
            52.061990633333338
          ],
          [
            5.1971828833333324,
            52.061493116666661
          ],
          [
            5.2012810999999992,
            52.061019716666664
          ],
          [
            5.2050040500000003,
            52.060590966666666
          ],
          [
            5.2087446666666661,
            52.060206950000008
          ],
          [
            5.2128873333333328,
            52.059975633333337
          ],
          [
            5.2170578999999995,
            52.059782033333342
          ],
          [
            5.2208435500000006,
            52.059606899999999
          ],
          [
            5.2249797833333327,
            52.059359216666657
          ],
          [
            5.2291194666666669,
            52.059138216666661
          ],
          [
            5.2332663833333344,
            52.058950233333341
          ],
          [
            5.2370362333333329,
            52.058807033333338
          ],
          [
            5.2408205833333339,
            52.058636099999994
          ],
          [
            5.2449680000000001,
            52.058445133333329
          ],
          [
            5.2487709999999987,
            52.058238916666667
          ],
          [
            5.2529041000000003,
            52.058125366666673
          ],
          [
            5.2566670666666671,
            52.05837669999999
          ],
          [
            5.2602791000000009,
            52.059053466666661
          ],
          [
            5.2639738333333339,
            52.060226733333337
          ],
          [
            5.2671635833333328,
            52.061516466666667
          ],
          [
            5.2706698333333328,
            52.062892416666664
          ],
          [
            5.2743512833333339,
            52.064106250000002
          ],
          [
            5.2779608999999992,
            52.064840249999996
          ],
          [
            5.2820550500000012,
            52.065176533333336
          ],
          [
            5.2858559333333321,
            52.065213916666664
          ],
          [
            5.2896445833333345,
            52.065241766666666
          ],
          [
            5.2922957166666666,
            52.065264183333333
          ],
          [
            5.2937951666666665,
            52.065280333333341
          ],
          [
            5.2979751833333335,
            52.065314749999999
          ],
          [
            5.3021426666666667,
            52.065351366666661
          ],
          [
            5.3059415333333337,
            52.06538535
          ],
          [
            5.3101051833333344,
            52.06542051666667
          ],
          [
            5.3139161833333333,
            52.065452099999987
          ],
          [
            5.3180765500000016,
            52.065491666666674
          ],
          [
            5.3223608833333333,
            52.065526733333343
          ],
          [
            5.3262427833333339,
            52.065561716666657
          ],
          [
            5.3305137333333334,
            52.065536216666665
          ],
          [
            5.334362800000001,
            52.06553146666667
          ],
          [
            5.3385569499999992,
            52.065536466666664
          ],
          [
            5.3426813333333332,
            52.065554066666664
          ],
          [
            5.3464773000000001,
            52.06556186666667
          ],
          [
            5.3506494499999988,
            52.065609783333329
          ],
          [
            5.3548120500000005,
            52.065660333333341
          ],
          [
            5.358622266666667,
            52.065694083333334
          ],
          [
            5.362759033333333,
            52.065459966666666
          ],
          [
            5.3667988833333329,
            52.064826750000002
          ],
          [
            5.3706920333333334,
            52.063915049999999
          ],
          [
            5.3742269166666663,
            52.063063716666662
          ],
          [
            5.3781038666666667,
            52.062132599999991
          ],
          [
            5.3819910833333324,
            52.06120086666666
          ],
          [
            5.385799050000001,
            52.060151033333341
          ],
          [
            5.3895489666666654,
            52.059031583333336
          ],
          [
            5.3929692000000005,
            52.058011466666663
          ],
          [
            5.3963274666666665,
            52.056929249999996
          ],
          [
            5.4000059166666672,
            52.055729716666669
          ],
          [
            5.4031446999999995,
            52.054872200000005
          ],
          [
            5.4038569166666663,
            52.054700883333332
          ],
          [
            5.4078015499999994,
            52.053912766666656
          ],
          [
            5.4114755333333333,
            52.053347916666674
          ],
          [
            5.4152039333333333,
            52.052937900000011
          ],
          [
            5.4189636166666677,
            52.052654066666669
          ],
          [
            5.4231125499999999,
            52.05240946666666
          ],
          [
            5.4268954333333346,
            52.052255033333324
          ],
          [
            5.4306793000000004,
            52.052068133333329
          ],
          [
            5.4348339333333344,
            52.051891683333331
          ],
          [
            5.438989116666666,
            52.05172171666667
          ],
          [
            5.4427687333333328,
            52.051564716666654
          ],
          [
            5.4465608333333329,
            52.051410866666664
          ],
          [
            5.4507047166666664,
            52.051244033333326
          ],
          [
            5.4544890166666677,
            52.051118233333334
          ],
          [
            5.4582705166666656,
            52.050965533333333
          ],
          [
            5.4624301833333337,
            52.050795249999993
          ],
          [
            5.4665840166666664,
            52.050626716666663
          ],
          [
            5.4703669166666673,
            52.050400583333335
          ],
          [
            5.4744522999999994,
            52.049930916666668
          ],
          [
            5.4781772833333342,
            52.049500000000002
          ],
          [
            5.4819099999999992,
            52.049065750000004
          ],
          [
            5.4859935000000011,
            52.048597000000001
          ],
          [
            5.490132,
            52.048230266666664
          ],
          [
            5.493895199999999,
            52.047921500000001
          ],
          [
            5.4980158000000001,
            52.047575000000002
          ],
          [
            5.5021360833333324,
            52.047226866666669
          ],
          [
            5.5062671166666668,
            52.0468878
          ],
          [
            5.5103925333333335,
            52.046551249999993
          ],
          [
            5.5145118500000008,
            52.046210116666664
          ],
          [
            5.5156307000000009,
            52.046110533333334
          ],
          [
            5.5182362499999993,
            52.045804950000004
          ],
          [
            5.5222429999999996,
            52.045087683333328
          ],
          [
            5.5262301999999996,
            52.044315850000011
          ],
          [
            5.5302107666666656,
            52.043582916666672
          ],
          [
            5.5343067833333324,
            52.043115783333327
          ],
          [
            5.5380826166666663,
            52.042957166666675
          ],
          [
            5.5422357499999997,
            52.042859933333325
          ],
          [
            5.5464096000000005,
            52.042765766666662
          ],
          [
            5.5505530666666667,
            52.042655849999996
          ],
          [
            5.554745266666667,
            52.042611066666659
          ],
          [
            5.5585326166666675,
            52.042443883333334
          ],
          [
            5.5626278833333327,
            52.042046533333327
          ],
          [
            5.5662435666666665,
            52.041357616666666
          ],
          [
            5.5697626833333329,
            52.040466900000006
          ],
          [
            5.5735700500000007,
            52.039467049999999
          ],
          [
            5.5770581833333317,
            52.038551116666667
          ],
          [
            5.5808888333333337,
            52.037548466666671
          ],
          [
            5.5847006000000006,
            52.036533033333335
          ],
          [
            5.5884782666666677,
            52.03536616666667
          ],
          [
            5.5917852833333335,
            52.034161633333326
          ],
          [
            5.5949421166666653,
            52.032874266666674
          ],
          [
            5.5980389666666666,
            52.031612399999993
          ],
          [
            5.6014719999999993,
            52.030246416666657
          ],
          [
            5.60496675,
            52.028826049999999
          ],
          [
            5.6084700166666668,
            52.027356366666659
          ],
          [
            5.6120627833333332,
            52.025905883333344
          ],
          [
            5.6153516999999997,
            52.024601733333334
          ],
          [
            5.6185569000000006,
            52.023360883333332
          ],
          [
            5.6207854166666662,
            52.02252433333333
          ],
          [
            5.6220681333333324,
            52.022042399999989
          ],
          [
            5.6252242833333339,
            52.020873583333326
          ],
          [
            5.6286007000000007,
            52.019640700000004
          ],
          [
            5.6322152666666669,
            52.018404600000004
          ],
          [
            5.6356568500000002,
            52.017413066666663
          ],
          [
            5.6395425666666679,
            52.016485199999998
          ],
          [
            5.6435241666666665,
            52.015729766666659
          ],
          [
            5.6472151833333335,
            52.015194216666664
          ],
          [
            5.6509583333333335,
            52.014807966666666
          ],
          [
            5.6547046999999999,
            52.014460116666669
          ],
          [
            5.6584585833333332,
            52.014113583333334
          ],
          [
            5.6625624666666665,
            52.013731199999995
          ],
          [
            5.6663143833333338,
            52.013384616666663
          ],
          [
            5.6704458000000004,
            52.013002433333334
          ],
          [
            5.6745652499999997,
            52.012625616666675
          ],
          [
            5.6787071000000005,
            52.012464200000004
          ],
          [
            5.6824955000000008,
            52.012579583333341
          ],
          [
            5.6862735333333339,
            52.012724266666659
          ],
          [
            5.6904472833333326,
            52.012845399999996
          ],
          [
            5.6945755166666672,
            52.013179083333341
          ],
          [
            5.6985902500000005,
            52.01387883333333
          ],
          [
            5.7023871333333336,
            52.014928449999992
          ],
          [
            5.7058970666666671,
            52.016283583333347
          ],
          [
            5.7091887833333335,
            52.017862133333331
          ],
          [
            5.7125172999999991,
            52.019403016666665
          ],
          [
            5.7161472,
            52.020675566666661
          ],
          [
            5.7200159000000008,
            52.021606133333336
          ],
          [
            5.7240451666666674,
            52.022190433333328
          ],
          [
            5.7270419166666668,
            52.022422183333333
          ],
          [
            5.7281761166666669,
            52.022451950000004
          ],
          [
            5.73231935,
            52.022328916666659
          ],
          [
            5.7364707833333339,
            52.022106799999996
          ],
          [
            5.7402423666666662,
            52.021899666666663
          ],
          [
            5.7443900833333332,
            52.021696400000003
          ],
          [
            5.7485449666666666,
            52.021555833333331
          ],
          [
            5.7523610666666665,
            52.021475116666672
          ],
          [
            5.7565108,
            52.021472183333323
          ],
          [
            5.760665949999999,
            52.021525966666665
          ],
          [
            5.7648135333333341,
            52.021660000000004
          ],
          [
            5.7689813666666661,
            52.021862033333342
          ],
          [
            5.7731547999999995,
            52.022073716666668
          ],
          [
            5.7773235500000002,
            52.02221861666667
          ],
          [
            5.7814849499999994,
            52.022286283333337
          ],
          [
            5.785653683333333,
            52.02228019999999
          ],
          [
            5.7898174666666664,
            52.022226033333332
          ],
          [
            5.793971599999999,
            52.022218549999991
          ],
          [
            5.7977392000000005,
            52.022390866666669
          ],
          [
            5.8018446999999993,
            52.022779583333339
          ],
          [
            5.8059005333333324,
            52.023351766666671
          ],
          [
            5.8095909666666667,
            52.023893999999999
          ],
          [
            5.8136459166666663,
            52.024469016666671
          ],
          [
            5.8176855000000005,
            52.025070499999991
          ],
          [
            5.8213960333333334,
            52.025607916666665
          ],
          [
            5.825089433333333,
            52.026155516666662
          ],
          [
            5.8291430166666656,
            52.026756999999996
          ],
          [
            5.8329862166666659,
            52.027317266666657
          ],
          [
            5.8369581000000004,
            52.027903933333334
          ],
          [
            5.8391281166666662,
            52.028199183333328
          ],
          [
            5.8405525666666653,
            52.028361966666672
          ],
          [
            5.8446441833333322,
            52.028691766666661
          ],
          [
            5.8487982500000006,
            52.028838033333336
          ],
          [
            5.8525977333333321,
            52.028815249999994
          ],
          [
            5.8563680333333323,
            52.028644966666661
          ],
          [
            5.8601210000000004,
            52.028324750000003
          ],
          [
            5.8642037333333326,
            52.027805850000007
          ],
          [
            5.8678426333333329,
            52.027181133333336
          ],
          [
            5.8713189166666666,
            52.026431599999995
          ],
          [
            5.8750715666666657,
            52.025438350000002
          ],
          [
            5.8788610000000006,
            52.024378399999996
          ],
          [
            5.8826342166666654,
            52.023311200000002
          ],
          [
            5.8860245666666664,
            52.022352366666674
          ],
          [
            5.8897629166666663,
            52.021383083333333
          ],
          [
            5.8932644666666665,
            52.020639283333331
          ],
          [
            5.8966823499999999,
            52.020056750000002
          ],
          [
            5.9006434666666658,
            52.019419783333326
          ],
          [
            5.9046773333333329,
            52.018804883333324
          ],
          [
            5.9087212833333336,
            52.01820226666667
          ],
          [
            5.9127792666666661,
            52.017611883333338
          ],
          [
            5.9168350666666658,
            52.017002883333333
          ],
          [
            5.9208929499999998,
            52.016394866666658
          ],
          [
            5.9249514333333329,
            52.015792033333341
          ],
          [
            5.929008333333333,
            52.015180583333326
          ],
          [
            5.9329489666666673,
            52.014362449999993
          ],
          [
            5.9366603666666657,
            52.013202366666675
          ],
          [
            5.939776966666666,
            52.011882516666674
          ],
          [
            5.9428512666666657,
            52.010165066666666
          ],
          [
            5.9450294166666673,
            52.008554500000002
          ],
          [
            5.945474683333333,
            52.008177800000006
          ],
          [
            5.9476264999999993,
            52.005981300000002
          ],
          [
            5.9493170666666666,
            52.003632883333331
          ],
          [
            5.9505274500000009,
            52.001191100000007
          ],
          [
            5.9515663499999993,
            51.998937016666673
          ],
          [
            5.9526128500000013,
            51.996687166666668
          ],
          [
            5.9540091833333335,
            51.994272733333339
          ],
          [
            5.9557480166666661,
            51.992204449999988
          ],
          [
            5.9578775000000013,
            51.990286066666677
          ],
          [
            5.9606912666666672,
            51.98840151666667
          ],
          [
            5.9639468333333339,
            51.9867852
          ],
          [
            5.9671900499999992,
            51.985575433333331
          ],
          [
            5.9709292833333336,
            51.984451933333339
          ],
          [
            5.9746961166666663,
            51.983365866666659
          ],
          [
            5.9780286333333343,
            51.982256949999993
          ],
          [
            5.9811238000000007,
            51.980892899999994
          ],
          [
            5.9841440333333331,
            51.979137949999995
          ],
          [
            5.9867791833333346,
            51.977149449999999
          ],
          [
            5.989305766666666,
            51.975104233333333
          ],
          [
            5.9916161666666667,
            51.973236700000001
          ],
          [
            5.9939395000000006,
            51.971393783333333
          ],
          [
            5.9964514166666678,
            51.969648966666668
          ],
          [
            5.9994031833333334,
            51.968000099999998
          ],
          [
            6.0028349166666661,
            51.966534216666666
          ],
          [
            6.0066890500000003,
            51.965343566666661
          ],
          [
            6.0103014499999992,
            51.964380216666662
          ],
          [
            6.0137868500000007,
            51.963451733333343
          ],
          [
            6.0170257666666656,
            51.962585866666664
          ],
          [
            6.020292883333334,
            51.961714999999998
          ],
          [
            6.0215901833333323,
            51.96137195
          ],
          [
            6.0235005666666659,
            51.96086176666666
          ],
          [
            6.0269603499999995,
            51.959939466666675
          ],
          [
            6.0300910166666677,
            51.959103300000002
          ],
          [
            6.0333903833333329,
            51.958226100000005
          ],
          [
            6.0365177333333335,
            51.957390833333328
          ],
          [
            6.0399260333333347,
            51.956449566666663
          ],
          [
            6.0433681999999997,
            51.955433133333329
          ],
          [
            6.0465221166666669,
            51.954444916666674
          ],
          [
            6.0495239666666665,
            51.953498683333329
          ],
          [
            6.0525125333333341,
            51.952554516666666
          ],
          [
            6.0558111333333331,
            51.951511866666671
          ],
          [
            6.0588050666666673,
            51.950565900000008
          ],
          [
            6.0617049000000014,
            51.949646799999996
          ],
          [
            6.0650241666666656,
            51.948597616666667
          ],
          [
            6.0685622666666665,
            51.947480700000007
          ],
          [
            6.0720930333333341,
            51.946364633333324
          ],
          [
            6.0756353500000015,
            51.945232216666668
          ],
          [
            6.0790266666666657,
            51.943965716666661
          ],
          [
            6.0820011833333325,
            51.942662249999991
          ],
          [
            6.0848624166666658,
            51.94128349999999
          ],
          [
            6.0879879333333324,
            51.939775233333329
          ],
          [
            6.0911123499999986,
            51.938258250000004
          ],
          [
            6.0942610833333335,
            51.936739733333333
          ],
          [
            6.0973826666666655,
            51.935222850000009
          ],
          [
            6.1002396666666661,
            51.933840233333328
          ],
          [
            6.1030001166666672,
            51.932501083333335
          ],
          [
            6.1059690666666677,
            51.931031683333345
          ],
          [
            6.1087836666666675,
            51.929663783333339
          ],
          [
            6.1119196666666671,
            51.928158383333326
          ],
          [
            6.1148561666666676,
            51.926751550000006
          ],
          [
            6.1180832000000009,
            51.925232949999987
          ],
          [
            6.1209826753019261,
            51.923811296577199
          ],
          [
            6.1238914019371435,
            51.922403543934941
          ],
          [
            6.1268095666666662,
            51.9209952
          ],
          [
            6.1299850166666658,
            51.919445083333329
          ],
          [
            6.1330663666666663,
            51.917943799999996
          ],
          [
            6.1362751833333338,
            51.916421850000013
          ],
          [
            6.1396907333333335,
            51.914764016666666
          ],
          [
            6.1431206833333318,
            51.913097350000001
          ],
          [
            6.1462127666666673,
            51.911593199999999
          ],
          [
            6.1491160833333325,
            51.910176966666661
          ],
          [
            6.1518124333333333,
            51.908865383333321
          ],
          [
            6.154378416666666,
            51.907617433333336
          ],
          [
            6.1570828000000004,
            51.906168933333326
          ],
          [
            6.1592815499999993,
            51.904698116666673
          ],
          [
            6.1611877166666655,
            51.903103066666674
          ],
          [
            6.1631101166666671,
            51.901273383333333
          ],
          [
            6.1650359499999992,
            51.899445450000002
          ],
          [
            6.1670593833333331,
            51.897497699999995
          ],
          [
            6.1689313003044859,
            51.895623244429757
          ],
          [
            6.1706882666666667,
            51.893921116666661
          ],
          [
            6.1726412499999999,
            51.892031633333332
          ],
          [
            6.1748251833333336,
            51.889886116666666
          ],
          [
            6.1771687000000002,
            51.887603383333335
          ],
          [
            6.1792645999999989,
            51.885505566666673
          ],
          [
            6.1815783333333325,
            51.883475449999999
          ],
          [
            6.1840177000000001,
            51.881596533333337
          ],
          [
            6.1857953500000002,
            51.880296883333322
          ],
          [
            6.1868546166666665,
            51.879558033333332
          ],
          [
            6.1895927833333344,
            51.877772416666666
          ],
          [
            6.1927318499999995,
            51.875894699999996
          ],
          [
            6.1961070000000005,
            51.874177999999993
          ],
          [
            6.1992590999999999,
            51.872689666666666
          ],
          [
            6.2025405166666658,
            51.871301299999999
          ],
          [
            6.2062634499999998,
            51.869889949999994
          ],
          [
            6.2101062666666662,
            51.86861008333333
          ],
          [
            6.2137033499999994,
            51.867549866666671
          ],
          [
            6.2177468666666664,
            51.866521466666676
          ],
          [
            6.2218608,
            51.865631249999993
          ],
          [
            6.2260339333333334,
            51.864835416666665
          ],
          [
            6.2302950500000014,
            51.864222933333338
          ],
          [
            6.2345833833333337,
            51.86374940000001
          ],
          [
            6.2385273333333338,
            51.863446616666671
          ],
          [
            6.2424870333333331,
            51.863260116666666
          ],
          [
            6.2464017333333324,
            51.863113516666665
          ],
          [
            6.2505832833333335,
            51.862981616666673
          ],
          [
            6.2548325499999997,
            51.862832766666664
          ],
          [
            6.2591988833333332,
            51.862650500000001
          ],
          [
            6.2631561333333332,
            51.862352849999994
          ],
          [
            6.267381516666668,
            51.861697783333334
          ],
          [
            6.2714122166666657,
            51.860662599999998
          ],
          [
            6.2748262333333322,
            51.859401683333338
          ],
          [
            6.2783740666666663,
            51.857808666666671
          ],
          [
            6.2814398333333337,
            51.856371066666661
          ],
          [
            6.2841594500000006,
            51.855084883333326
          ],
          [
            6.2867496333333337,
            51.853859183333334
          ],
          [
            6.2898067166666678,
            51.852433349999998
          ],
          [
            6.2923932999999996,
            51.851225683333332
          ],
          [
            6.2959557166666666,
            51.849675783333339
          ],
          [
            6.2997278999999988,
            51.848321950000006
          ],
          [
            6.303345049999999,
            51.847301566666665
          ],
          [
            6.3074616333333324,
            51.846419499999996
          ],
          [
            6.3113196,
            51.845844366666675
          ],
          [
            6.3156361333333342,
            51.845447666666658
          ],
          [
            6.3199918000000013,
            51.845196916666659
          ],
          [
            6.3239507166666673,
            51.844981366666666
          ],
          [
            6.3283047833333343,
            51.844726183333322
          ],
          [
            6.332622849999999,
            51.844359366666673
          ],
          [
            6.3365013999999995,
            51.84381113333334
          ],
          [
            6.3406239666666675,
            51.84293816666667
          ],
          [
            6.3442287166666667,
            51.841914849999995
          ],
          [
            6.3476925166666662,
            51.840704433333336
          ],
          [
            6.3510669500000008,
            51.839422949999999
          ],
          [
            6.3547468333333335,
            51.837971849999995
          ],
          [
            6.3581290333333333,
            51.836682066666668
          ],
          [
            6.3618515000000002,
            51.835287550000004
          ],
          [
            6.3652534166666666,
            51.834008899999994
          ],
          [
            6.3689629999999999,
            51.83259206666667
          ],
          [
            6.3723525499999987,
            51.831303416666664
          ],
          [
            6.3757369000000006,
            51.830012783333331
          ],
          [
            6.3794669499999994,
            51.828594866666663
          ],
          [
            6.3832862166666668,
            51.827277833333333
          ],
          [
            6.3868906000000001,
            51.826242083333327
          ],
          [
            6.3909697833333325,
            51.825275383333341
          ],
          [
            6.3951373666666678,
            51.824513583333328
          ],
          [
            6.3974395833333331,
            51.82417408333334
          ],
          [
            6.3993760333333345,
            51.823936916666661
          ],
          [
            6.4036717666666672,
            51.823484466666663
          ],
          [
            6.4076154333333326,
            51.823067083333342
          ],
          [
            6.4119310166666672,
            51.822622233333341
          ],
          [
            6.416232916666667,
            51.822182250000004
          ],
          [
            6.4204991166666678,
            51.821670583333322
          ],
          [
            6.4247569499999999,
            51.821099249999996
          ],
          [
            6.4289540333333335,
            51.820378566666669
          ],
          [
            6.433067949999999,
            51.8194765
          ],
          [
            6.4370890999999988,
            51.818432116666663
          ],
          [
            6.4410024000000003,
            51.817232550000007
          ],
          [
            6.4445284999999997,
            51.816091200000002
          ],
          [
            6.4480411333333336,
            51.814944050000001
          ],
          [
            6.4515680166666654,
            51.813799733333319
          ],
          [
            6.4550727833333328,
            51.812653266666665
          ],
          [
            6.4589266333333342,
            51.811393633333331
          ],
          [
            6.4624412166666669,
            51.810247200000006
          ],
          [
            6.4659361666666673,
            51.809075216666663
          ],
          [
            6.4694358333333337,
            51.807919783333332
          ],
          [
            6.4729561000000011,
            51.80677175000001
          ],
          [
            6.4768047666666675,
            51.805511550000006
          ],
          [
            6.4803195499999999,
            51.804351933333329
          ],
          [
            6.4837411666666656,
            51.803094999999999
          ],
          [
            6.4868449333333329,
            51.801562533333332
          ],
          [
            6.489840533333334,
            51.799596966666662
          ],
          [
            6.4923266166666656,
            51.797375549999998
          ],
          [
            6.4941403499999995,
            51.795182866666664
          ],
          [
            6.4958717999999998,
            51.792700449999998
          ],
          [
            6.497429283333334,
            51.790432399999993
          ],
          [
            6.4977337999999998,
            51.789980783333334
          ],
          [
            6.4989469333333334,
            51.788165383333336
          ],
          [
            6.5007932000000004,
            51.785988033333325
          ],
          [
            6.5031360000000014,
            51.784006733333342
          ],
          [
            6.5062682499999998,
            51.782139600000001
          ],
          [
            6.5098407833333338,
            51.780598600000005
          ],
          [
            6.5133442166666669,
            51.779460733333323
          ],
          [
            6.5169096000000009,
            51.778370600000002
          ],
          [
            6.5208243000000001,
            51.777180549999997
          ],
          [
            6.5243839166666664,
            51.776081766666657
          ],
          [
            6.5282123666666658,
            51.77477613333334
          ],
          [
            6.5319377333333328,
            51.773353916666672
          ],
          [
            6.5352360499999991,
            51.771964949999997
          ],
          [
            6.5387060000000004,
            51.770331166666665
          ],
          [
            6.5420410666666671,
            51.768590250000003
          ],
          [
            6.5449515500000004,
            51.766923633333327
          ],
          [
            6.5477389499999994,
            51.765168933333342
          ],
          [
            6.5507565333333329,
            51.763217683333338
          ],
          [
            6.553505283333334,
            51.761432183333334
          ],
          [
            6.556506999999999,
            51.759475250000001
          ],
          [
            6.5592527333333326,
            51.757697966666669
          ],
          [
            6.5620690000000002,
            51.755966083333334
          ],
          [
            6.5650772499999999,
            51.754367416666668
          ],
          [
            6.5684353500000006,
            51.753054750000004
          ],
          [
            6.5720562833333345,
            51.75203663333334
          ],
          [
            6.5761527166666669,
            51.751162850000007
          ],
          [
            6.5802823833333344,
            51.750330266666666
          ],
          [
            6.5844194999999992,
            51.749503166666663
          ],
          [
            6.5881996333333328,
            51.748754283333326
          ],
          [
            6.5923490833333327,
            51.747923249999999
          ],
          [
            6.5964327000000011,
            51.746984449999999
          ],
          [
            6.6002358666666661,
            51.745662933333335
          ],
          [
            6.6036323999999995,
            51.743973499999996
          ],
          [
            6.6065264166666653,
            51.741951933333333
          ],
          [
            6.608842216666666,
            51.739660599999993
          ],
          [
            6.6105285999999994,
            51.737168416666655
          ],
          [
            6.6116050666666677,
            51.734804249999989
          ],
          [
            6.6126589666666664,
            51.732438400000007
          ],
          [
            6.6137082833333336,
            51.730061283333328
          ],
          [
            6.6148438333333335,
            51.727453600000011
          ],
          [
            6.6160564333333332,
            51.724851600000001
          ],
          [
            6.6171007999999993,
            51.722473283333329
          ],
          [
            6.6182518666666663,
            51.719859233333338
          ],
          [
            6.6193991666666667,
            51.71750256666666
          ],
          [
            6.6210437166666667,
            51.714997933333336
          ],
          [
            6.6232192833333325,
            51.712643533333328
          ],
          [
            6.6256132833333332,
            51.710684133333345
          ],
          [
            6.6286484166666657,
            51.708755583333343
          ],
          [
            6.6320827833333338,
            51.707099733333337
          ],
          [
            6.6354969000000006,
            51.705858233333323
          ],
          [
            6.6394995833333326,
            51.704796100000003
          ],
          [
            6.6432907833333328,
            51.704094233333343
          ],
          [
            6.6475109333333329,
            51.703422266666671
          ],
          [
            6.6517392333333323,
            51.70278356666666
          ],
          [
            6.6559213000000002,
            51.702063450000004
          ],
          [
            6.6599347666666677,
            51.701020616666661
          ],
          [
            6.6636751666666676,
            51.699636266666666
          ],
          [
            6.6669053666666667,
            51.697815466666668
          ],
          [
            6.6696974499999993,
            51.695720450000003
          ],
          [
            6.6722854666666667,
            51.693542616666676
          ],
          [
            6.6749999666666664,
            51.691431950000002
          ],
          [
            6.6780877166666661,
            51.68954058333334
          ],
          [
            6.6812737166666674,
            51.688088000000008
          ],
          [
            6.6850885333333343,
            51.686784100000004
          ],
          [
            6.6890279000000001,
            51.685622566666673
          ],
          [
            6.6926230833333324,
            51.684574466666668
          ],
          [
            6.6965643833333335,
            51.683429250000003
          ],
          [
            6.7000785333333344,
            51.682295899999993
          ],
          [
            6.7036706166666669,
            51.680791233333331
          ],
          [
            6.7068510333333338,
            51.678937949999998
          ],
          [
            6.7095821833333327,
            51.676830833333327
          ],
          [
            6.7117814166666685,
            51.674776516666661
          ],
          [
            6.7141691666666663,
            51.67250803333333
          ],
          [
            6.7165476999999987,
            51.670251350000001
          ],
          [
            6.7189379666666662,
            51.667982833333326
          ],
          [
            6.7211144166666683,
            51.665918416666663
          ],
          [
            6.7235027333333335,
            51.66364823333334
          ],
          [
            6.7258807500000009,
            51.661383333333333
          ],
          [
            6.7280077999999994,
            51.659304500000005
          ],
          [
            6.7302011833333317,
            51.657262216666673
          ],
          [
            6.7323932999999991,
            51.655252766666671
          ],
          [
            6.7347626333333341,
            51.652994016666661
          ],
          [
            6.7367226833333334,
            51.650848166666677
          ],
          [
            6.7383863999999996,
            51.648605283333332
          ],
          [
            6.7398410499999999,
            51.646312883333337
          ],
          [
            6.7414004364653799,
            51.643811729690952
          ],
          [
            6.7418403177778616,
            51.643114932618516
          ],
          [
            6.742842175473899,
            51.641518881071747
          ],
          [
            6.7444559166666682,
            51.638998966666669
          ],
          [
            6.7459017499999998,
            51.63667146666667
          ],
          [
            6.7474029333333325,
            51.634362933333321
          ],
          [
            6.7491356999999992,
            51.632135900000002
          ],
          [
            6.7514103333333333,
            51.629830899999995
          ],
          [
            6.7540290499999998,
            51.627669966666659
          ],
          [
            6.7564840666666672,
            51.625729133333337
          ],
          [
            6.7589385166666665,
            51.623790400000004
          ],
          [
            6.7613925499999992,
            51.621863083333331
          ],
          [
            6.7639572713021865,
            51.619941053750914
          ],
          [
            6.7663757833333333,
            51.618036833333328
          ],
          [
            6.7687733999999997,
            51.61611563333333
          ],
          [
            6.7714177000000007,
            51.614024033333337
          ],
          [
            6.7740622833333344,
            51.611885699999995
          ],
          [
            6.7767888833333343,
            51.609802516666662
          ],
          [
            6.7791937573675343,
            51.607533959360886
          ],
          [
            6.7807401582885189,
            51.605256100586573
          ],
          [
            6.7818382000000001,
            51.602625999999994
          ],
          [
            6.7822632,
            51.600163766666675
          ],
          [
            6.7823855499999999,
            51.597699749999997
          ],
          [
            6.7825497666666665,
            51.595229383333326
          ],
          [
            6.7828757499999996,
            51.592521933333337
          ],
          [
            6.7836816166666658,
            51.590115366666666
          ],
          [
            6.7852019166666668,
            51.587602933333329
          ],
          [
            6.7871296666666678,
            51.585496133333329
          ],
          [
            6.7895473333333332,
            51.58342729999999
          ],
          [
            6.7920320166666679,
            51.581377666666668
          ],
          [
            6.7944924333333327,
            51.579314699999998
          ],
          [
            6.7965761000000002,
            51.577415366666678
          ],
          [
            6.7986024166666672,
            51.575158833333333
          ],
          [
            6.8003776333333334,
            51.572717183333332
          ],
          [
            6.8020321666666668,
            51.570280249999996
          ],
          [
            6.8034197666666669,
            51.568020116666666
          ],
          [
            6.8046777333333335,
            51.565867966666666
          ],
          [
            6.8059063000000002,
            51.563745416666677
          ],
          [
            6.8071153499999992,
            51.561631616666666
          ],
          [
            6.8084251999999994,
            51.559361866666656
          ],
          [
            6.8098281166666679,
            51.557121766666661
          ],
          [
            6.8117068499999993,
            51.554881766666661
          ],
          [
            6.8138666999999993,
            51.552953266666663
          ],
          [
            6.8163492333333338,
            51.550939033333336
          ],
          [
            6.8188626833333332,
            51.548940666666674
          ],
          [
            6.8211491999999998,
            51.547070916666677
          ],
          [
            6.8236578666666681,
            51.54503536666666
          ],
          [
            6.8261785166666655,
            51.543007283333331
          ],
          [
            6.8285499500000002,
            51.541191300000008
          ],
          [
            6.8309557666666674,
            51.539517433333337
          ],
          [
            6.8332592333333331,
            51.538149700000005
          ],
          [
            6.8357087833333328,
            51.537464766666673
          ],
          [
            6.8328973,
            51.536728716666659
          ],
          [
            6.8299983666666666,
            51.535694666666664
          ],
          [
            6.8270808000000001,
            51.534411116666661
          ],
          [
            6.8243269333333325,
            51.532820133333338
          ],
          [
            6.8226959500000008,
            51.531740199999994
          ],
          [
            6.8220522166666662,
            51.531264449999995
          ],
          [
            6.8199840333333324,
            51.529502366666669
          ],
          [
            6.8182011166666676,
            51.527885499999996
          ],
          [
            6.8164182166666665,
            51.525971550000001
          ],
          [
            6.8151744166666672,
            51.523928966666666
          ],
          [
            6.8144705166666668,
            51.521547616666673
          ],
          [
            6.8146445000000009,
            51.519075133333338
          ],
          [
            6.8155158333333343,
            51.516819383333328
          ],
          [
            6.8168970833333331,
            51.514728666666663
          ],
          [
            6.8186015500000003,
            51.512563716666669
          ],
          [
            6.8203309166666672,
            51.510314883333329
          ],
          [
            6.8221227166666658,
            51.508010200000008
          ],
          [
            6.8230322499999998,
            51.505402833333328
          ],
          [
            6.8226104333333337,
            51.502964750000004
          ],
          [
            6.8215222333333339,
            51.500678566666657
          ],
          [
            6.8203057166666659,
            51.498181016666663
          ],
          [
            6.8191827833333347,
            51.495881883333332
          ],
          [
            6.8181256333333335,
            51.493722016666666
          ],
          [
            6.8171441833333333,
            51.491647399999991
          ],
          [
            6.8160230166666658,
            51.489347200000005
          ],
          [
            6.8146929499999995,
            51.486965416666671
          ],
          [
            6.8136795000000001,
            51.484705016666673
          ],
          [
            6.8132807166666662,
            51.48213968333333
          ],
          [
            6.8135602000000004,
            51.479826550000006
          ],
          [
            6.8144377000000009,
            51.477498266666665
          ],
          [
            6.8153977833333332,
            51.47516241666667
          ],
          [
            6.816217299999999,
            51.472723899999998
          ],
          [
            6.8165761999999992,
            51.470143133333337
          ],
          [
            6.8163160000000005,
            51.467418350000003
          ],
          [
            6.8163160000000005,
            51.467418350000003
          ],
          [
            6.8154989000000006,
            51.465017850000002
          ],
          [
            6.8139015333333344,
            51.462891083333339
          ],
          [
            6.8117759333333332,
            51.461244783333328
          ],
          [
            6.8093226833333329,
            51.460034716666662
          ],
          [
            6.8064689333333348,
            51.459053083333337
          ],
          [
            6.8038334666666662,
            51.457835583333328
          ],
          [
            6.8019222833333322,
            51.456474883333343
          ],
          [
            6.8003619333333329,
            51.454737783333329
          ],
          [
            6.7995826833333339,
            51.453120283333327
          ],
          [
            6.7992702000000005,
            51.451594266666675
          ],
          [
            6.7990822833333331,
            51.450172733333325
          ],
          [
            6.7989820166666677,
            51.448718933333339
          ],
          [
            6.7989901538215562,
            51.447394056315488
          ],
          [
            6.7991494608173673,
            51.446340254185714
          ],
          [
            6.7994698244069811,
            51.445402700542473
          ],
          [
            6.7999383016292771,
            51.444545308517007
          ],
          [
            6.8005532073617241,
            51.44371743356448
          ],
          [
            6.8013436691354414,
            51.442950697370343
          ],
          [
            6.8022957833333333,
            51.442258549999991
          ],
          [
            6.8040258499999995,
            51.441104250000002
          ],
          [
            6.8060039999999997,
            51.439669116666657
          ],
          [
            6.8074087500000005,
            51.438132750000001
          ],
          [
            6.8081918333333329,
            51.436757833333331
          ],
          [
            6.8086431000000003,
            51.435052866666666
          ],
          [
            6.8085821333333341,
            51.433422400000005
          ],
          [
            6.8079684666666669,
            51.431697383333329
          ],
          [
            6.8075799666666663,
            51.431095783333326
          ],
          [
            6.8068094166666659,
            51.430100366666665
          ],
          [
            6.805076616666665,
            51.428520033333342
          ],
          [
            6.8030829666666666,
            51.426902583333337
          ],
          [
            6.800988900000001,
            51.425177699999992
          ],
          [
            6.798857383333333,
            51.423354000000003
          ],
          [
            6.7973789666666677,
            51.421109099999995
          ],
          [
            6.7970914166666656,
            51.418781599999996
          ],
          [
            6.7978900500000012,
            51.416396016666674
          ],
          [
            6.7988453,
            51.414083216666661
          ],
          [
            6.7998331666666676,
            51.411662583333325
          ],
          [
            6.8008204999999995,
            51.409393166666668
          ],
          [
            6.802318183333333,
            51.407237516666662
          ],
          [
            6.8044366333333333,
            51.4050455
          ],
          [
            6.8070212500000009,
            51.403048133333336
          ],
          [
            6.8096928500000011,
            51.401089833333323
          ],
          [
            6.8124006166666673,
            51.39911656666667
          ],
          [
            6.8148604499999994,
            51.397071016666658
          ],
          [
            6.816779416666666,
            51.394806683333343
          ],
          [
            6.8180167999999997,
            51.392582916666669
          ],
          [
            6.8187900833333321,
            51.390079116666662
          ],
          [
            6.8194493833333336,
            51.387621116666665
          ],
          [
            6.8201216166666674,
            51.38502363333334
          ],
          [
            6.8207508333333333,
            51.382502099999996
          ],
          [
            6.8213983000000011,
            51.379946199999992
          ],
          [
            6.8220360500000012,
            51.377414600000009
          ],
          [
            6.8227050499999997,
            51.374881366666663
          ],
          [
            6.8236659166666653,
            51.37260426666667
          ],
          [
            6.8247294333333324,
            51.37084891666666
          ],
          [
            6.8251278333333323,
            51.370191066666663
          ],
          [
            6.8266044333333333,
            51.367791000000004
          ],
          [
            6.8281165333333336,
            51.365414516666668
          ],
          [
            6.8297209000000008,
            51.363011266666668
          ],
          [
            6.8316392166666668,
            51.360914950000009
          ],
          [
            6.8341300741476125,
            51.358922432758646
          ],
          [
            6.8371034500000007,
            51.357128016666671
          ],
          [
            6.8404796000000001,
            51.355633950000005
          ],
          [
            6.8439786666666675,
            51.354338449999993
          ],
          [
            6.8475557166666672,
            51.353033450000005
          ],
          [
            6.851123966666667,
            51.351714466666664
          ],
          [
            6.854700433333333,
            51.350387916666662
          ],
          [
            6.8582804666666677,
            51.349082016666671
          ],
          [
            6.8613830500000006,
            51.34776766666667
          ],
          [
            6.8644129500000002,
            51.34602868333333
          ],
          [
            6.8670166333333329,
            51.344059966666656
          ],
          [
            6.8695767666666665,
            51.342030433333342
          ],
          [
            6.8722709333333336,
            51.339942833333332
          ],
          [
            6.8749750666666669,
            51.337871933333325
          ],
          [
            6.8774053666666664,
            51.336014833333337
          ],
          [
            6.8797760333333331,
            51.334180283333332
          ],
          [
            6.8823698000000002,
            51.332171683333335
          ],
          [
            6.8849570500000006,
            51.330164866666671
          ],
          [
            6.8873121833333331,
            51.328345616666667
          ],
          [
            6.8899534499999993,
            51.326312499999993
          ],
          [
            6.8924716833333344,
            51.324381133333326
          ],
          [
            6.8947375833333338,
            51.322431900000012
          ],
          [
            6.896485366666667,
            51.320534916666674
          ],
          [
            6.8975041999999993,
            51.319030249999997
          ],
          [
            6.8978297499999996,
            51.318437250000002
          ],
          [
            6.8987818333333335,
            51.316076666666675
          ],
          [
            6.8992172333333333,
            51.313625433333328
          ],
          [
            6.8991021166666675,
            51.31116466666667
          ],
          [
            6.8985667833333322,
            51.308974500000005
          ],
          [
            6.8978843999999997,
            51.306729433333338
          ],
          [
            6.8971889666666657,
            51.304443800000008
          ],
          [
            6.8965261,
            51.301994016666676
          ],
          [
            6.8963326333333326,
            51.299730683333337
          ],
          [
            6.896581216666668,
            51.29757695
          ],
          [
            6.8972188333333326,
            51.295306116666673
          ],
          [
            6.8979281666666665,
            51.292967016666672
          ],
          [
            6.8986437,
            51.290653200000001
          ],
          [
            6.8994214999999999,
            51.288158350000003
          ],
          [
            6.9002053999999999,
            51.28565978333333
          ],
          [
            6.9012976333333338,
            51.283242199999997
          ],
          [
            6.902949883333334,
            51.280900450000004
          ],
          [
            6.9049078333333345,
            51.278594549999994
          ],
          [
            6.9066970333333346,
            51.276523783333339
          ],
          [
            6.9086295,
            51.274273216666671
          ],
          [
            6.9105697833333339,
            51.272018750000008
          ],
          [
            6.91247305,
            51.26975680000001
          ],
          [
            6.9139683333333339,
            51.267361399999999
          ],
          [
            6.9148956166666657,
            51.264880566666669
          ],
          [
            6.9152531833333342,
            51.262304583333332
          ],
          [
            6.9150317833333341,
            51.259728300000006
          ],
          [
            6.9144295500000004,
            51.257174383333329
          ],
          [
            6.9138308999999998,
            51.254633466666668
          ],
          [
            6.9136168333333332,
            51.2537077
          ],
          [
            6.9132926333333327,
            51.252320383333334
          ],
          [
            6.9127000833333332,
            51.249778633333335
          ],
          [
            6.9121017833333322,
            51.247233266666669
          ],
          [
            6.9115097166666661,
            51.244687066666664
          ],
          [
            6.9109133333333332,
            51.242143183333333
          ],
          [
            6.9103674166666655,
            51.239587016666668
          ],
          [
            6.9102650666666667,
            51.237033383333326
          ],
          [
            6.910662416666665,
            51.234721416666659
          ],
          [
            6.9116488666666669,
            51.232184599999997
          ],
          [
            6.9132549666666669,
            51.229751266666668
          ],
          [
            6.9151831166666664,
            51.227393699999986
          ],
          [
            6.9171783666666666,
            51.22498563333334
          ],
          [
            6.9192033999999998,
            51.222538283333343
          ],
          [
            6.9211353666666664,
            51.220205566666671
          ],
          [
            6.9228799333333333,
            51.218086633333328
          ],
          [
            6.9247591333333336,
            51.215834899999997
          ],
          [
            6.9265946333333339,
            51.213653216666671
          ],
          [
            6.9284482500000006,
            51.211422083333339
          ],
          [
            6.9302655666666659,
            51.209222100000005
          ],
          [
            6.9320907166666661,
            51.207046933333338
          ],
          [
            6.9337131333333328,
            51.204861966666677
          ],
          [
            6.9349452500000011,
            51.202864233333337
          ],
          [
            6.9360236333333338,
            51.200926033333324
          ],
          [
            6.9370760666666662,
            51.199109733333337
          ],
          [
            6.9380216333333333,
            51.197427166666671
          ],
          [
            6.9390403499999991,
            51.195509716666663
          ],
          [
            6.9401346666666672,
            51.193535633333347
          ],
          [
            6.9414131999999995,
            51.191240416666673
          ],
          [
            6.9417735166666654,
            51.190600616666671
          ],
          [
            6.9427159166666659,
            51.18891716666667
          ],
          [
            6.944004333333333,
            51.186599016666669
          ],
          [
            6.9453161666666672,
            51.184153583333334
          ],
          [
            6.9466764499999991,
            51.181706533333326
          ],
          [
            6.9480573499999991,
            51.17923776666666
          ],
          [
            6.94928335,
            51.177038800000012
          ],
          [
            6.9505552333333336,
            51.174735016666666
          ],
          [
            6.9517357166666667,
            51.172656599999996
          ],
          [
            6.9533483500000006,
            51.170433100000011
          ],
          [
            6.9548757000000005,
            51.168415533333338
          ],
          [
            6.9565283499999993,
            51.166222466666675
          ],
          [
            6.9580199999999985,
            51.164256083333335
          ],
          [
            6.959492533333334,
            51.162292533333328
          ],
          [
            6.9611260499999998,
            51.160131450000002
          ],
          [
            6.962648849999999,
            51.158116333333325
          ],
          [
            6.9642285499999987,
            51.155940049999998
          ],
          [
            6.9657324999999997,
            51.153655049999998
          ],
          [
            6.9667723833333337,
            51.151269166666665
          ],
          [
            6.9677383833333328,
            51.148719883333321
          ],
          [
            6.9687073499999999,
            51.146057466666662
          ],
          [
            6.96965945,
            51.143443183333325
          ],
          [
            6.9706251833333335,
            51.14084101666667
          ],
          [
            6.9715338833333327,
            51.13845263333333
          ],
          [
            6.9724217166666653,
            51.136152133333326
          ],
          [
            6.9733099666666671,
            51.133792933333339
          ],
          [
            6.9741943666666675,
            51.131408466666663
          ],
          [
            6.9750939166666672,
            51.128969933333337
          ],
          [
            6.9762909166666667,
            51.126470249999997
          ],
          [
            6.9767125666666674,
            51.125820699999998
          ],
          [
            6.9779582500000004,
            51.124230583333336
          ],
          [
            6.9797207666666656,
            51.12239151666666
          ],
          [
            6.981653249999999,
            51.120430766666672
          ],
          [
            6.9836783666666671,
            51.118347433333334
          ],
          [
            6.9855167333333332,
            51.116190383333333
          ],
          [
            6.9868120166666658,
            51.113946066666664
          ],
          [
            6.9876262999999996,
            51.11155673333333
          ],
          [
            6.9879020166666672,
            51.109180233333333
          ],
          [
            6.9880366666666669,
            51.106877216666668
          ],
          [
            6.9881418833333333,
            51.104476733333335
          ],
          [
            6.9882371333333335,
            51.102104066666669
          ],
          [
            6.9883371333333324,
            51.099665933333334
          ],
          [
            6.988448833333333,
            51.097006516666667
          ],
          [
            6.9885562999999991,
            51.094302233333337
          ],
          [
            6.9886631333333336,
            51.091585666666667
          ],
          [
            6.98875855,
            51.089145233333326
          ],
          [
            6.9887392833333335,
            51.086583966666666
          ],
          [
            6.9885862166666657,
            51.084135516666656
          ],
          [
            6.9884819999999994,
            51.08177383333333
          ],
          [
            6.9883978999999989,
            51.079264549999998
          ],
          [
            6.988253799999999,
            51.076712700000009
          ],
          [
            6.988176066666667,
            51.074471283333331
          ],
          [
            6.988088583333333,
            51.072215499999999
          ],
          [
            6.9879812166666664,
            51.070115533333336
          ],
          [
            6.987876833333333,
            51.068125800000004
          ],
          [
            6.9878689333333348,
            51.066002949999998
          ],
          [
            6.9882984166666668,
            51.0637805
          ],
          [
            6.9889549000000004,
            51.061759366666664
          ],
          [
            6.9892040333333343,
            51.060986433333333
          ],
          [
            6.9896652666666661,
            51.059655183333341
          ],
          [
            6.9905605000000008,
            51.057773849999997
          ],
          [
            6.9919202833333332,
            51.055823283333332
          ],
          [
            6.9936500666666666,
            51.054000466666672
          ],
          [
            6.9954999000000004,
            51.052444049999998
          ],
          [
            6.9977737666666666,
            51.050903633333341
          ],
          [
            7.0001173833333326,
            51.049345099999996
          ],
          [
            7.002390833333334,
            51.047798683333333
          ],
          [
            7.0042171166666662,
            51.046267033333336
          ],
          [
            7.0057583333333335,
            51.044681566666668
          ],
          [
            7.0072458500000003,
            51.043418549999998
          ],
          [
            7.0101322499999998,
            51.043104683333333
          ],
          [
            7.0137607000000006,
            51.044327049999993
          ],
          [
            7.017581933333334,
            51.045578049999989
          ],
          [
            7.0211286666666677,
            51.046726683333326
          ],
          [
            7.0251104166666662,
            51.047805850000003
          ],
          [
            7.0288776999999998,
            51.048491500000004
          ],
          [
            7.0326243499999999,
            51.049183766666658
          ],
          [
            7.0366893499999996,
            51.050069733333345
          ],
          [
            7.0401984000000004,
            51.051173533333333
          ],
          [
            7.0439437333333332,
            51.052509999999998
          ],
          [
            7.0473555833333323,
            51.053724500000001
          ],
          [
            7.0507708500000001,
            51.054916300000002
          ],
          [
            7.0546366666666662,
            51.056122533333337
          ],
          [
            7.0581248333333333,
            51.057256366666664
          ],
          [
            7.0613664166666679,
            51.058609800000006
          ],
          [
            7.0644493499999994,
            51.060114750000004
          ],
          [
            7.0675331666666672,
            51.061628533333334
          ],
          [
            7.0700025166666665,
            51.06284256666666
          ],
          [
            7.0706187666666667,
            51.063146016666657
          ],
          [
            7.0739864166666653,
            51.064815116666658
          ],
          [
            7.0770116166666659,
            51.066300683333338
          ],
          [
            7.0805662333333332,
            51.067851966666666
          ],
          [
            7.0844608499999993,
            51.069042499999995
          ],
          [
            7.0881869333333327,
            51.069804349999998
          ],
          [
            7.0921801166666665,
            51.070487799999995
          ],
          [
            7.0956819666666666,
            51.071058233333332
          ],
          [
            7.0990487333333325,
            51.071601916666673
          ],
          [
            7.1025602499999989,
            51.072159116666668
          ],
          [
            7.1060854500000001,
            51.072671533333342
          ],
          [
            7.1095359,
            51.073482749999989
          ],
          [
            7.1126207833333339,
            51.074282183333331
          ],
          [
            7.1160225500000012,
            51.075127833333333
          ],
          [
            7.1194807000000004,
            51.075996633333332
          ],
          [
            7.1231717225390199,
            51.077162041718644
          ],
          [
            7.1262244734962872,
            51.07874041526005
          ],
          [
            7.1287144020553894,
            51.080602807837515
          ],
          [
            7.1306552771966896,
            51.082745116798307
          ],
          [
            7.1321305253059988,
            51.084880064603205
          ],
          [
            7.133520254760727,
            51.086932607785982
          ],
          [
            7.1350296522001848,
            51.08910980518543
          ],
          [
            7.136531887137652,
            51.091308135146733
          ],
          [
            7.13809018116911,
            51.093585975796053
          ],
          [
            7.1396478418093583,
            51.095864195268049
          ],
          [
            7.141018442094869,
            51.098069873823455
          ],
          [
            7.1416956348837806,
            51.100364626174354
          ],
          [
            7.1416092010138055,
            51.102743927137404
          ],
          [
            7.1415435166666672,
            51.104033133333324
          ],
          [
            7.1416095333333338,
            51.105050416666671
          ],
          [
            7.1423405500000001,
            51.107340600000001
          ],
          [
            7.1437551000000008,
            51.10937761666667
          ],
          [
            7.145574466666667,
            51.11127436666667
          ],
          [
            7.1477068333333325,
            51.113305883333339
          ],
          [
            7.1499233833333333,
            51.115314266666665
          ],
          [
            7.1521793666666671,
            51.117007633333337
          ],
          [
            7.1547604333333332,
            51.118490516666668
          ],
          [
            7.1578448999999997,
            51.119853333333339
          ],
          [
            7.1609075166666658,
            51.120902616666669
          ],
          [
            7.1644272333333339,
            51.121899600000006
          ],
          [
            7.1677232499999999,
            51.122754950000008
          ],
          [
            7.170960766666667,
            51.123589883333331
          ],
          [
            7.1741187833333333,
            51.124397016666677
          ],
          [
            7.1773359333333335,
            51.125253900000011
          ],
          [
            7.1804973847068219,
            51.126375514429206
          ],
          [
            7.1831777000000008,
            51.127749066666667
          ],
          [
            7.1853940500000002,
            51.129357783333333
          ],
          [
            7.187255883333334,
            51.131155400000004
          ],
          [
            7.1887528499999984,
            51.133364766666666
          ],
          [
            7.1896405166666666,
            51.135746850000004
          ],
          [
            7.1905279166666674,
            51.137922283333332
          ],
          [
            7.1923220166666662,
            51.139871733333329
          ],
          [
            7.1948607166666667,
            51.141332533333326
          ],
          [
            7.1978981666666657,
            51.142792133333323
          ],
          [
            7.200445283333333,
            51.144340116666669
          ],
          [
            7.2024746166666658,
            51.146433733333332
          ],
          [
            7.2039028666666649,
            51.148484800000006
          ],
          [
            7.2058108833333332,
            51.150615850000001
          ],
          [
            7.2076777499999993,
            51.151634216666658
          ],
          [
            7.2089336166666662,
            51.152057783333341
          ],
          [
            7.2121617499999999,
            51.152909783333342
          ],
          [
            7.215333450000001,
            51.153701849999997
          ],
          [
            7.2184057999999993,
            51.154472550000008
          ],
          [
            7.2213237166666655,
            51.155202883333338
          ],
          [
            7.2243204166666661,
            51.156096866666665
          ],
          [
            7.2268066333333323,
            51.157367283333329
          ],
          [
            7.2286123333333325,
            51.158936750000009
          ],
          [
            7.2301947833333333,
            51.160836683333343
          ],
          [
            7.2317634999999996,
            51.162744350000004
          ],
          [
            7.2333266833333338,
            51.164632266666665
          ],
          [
            7.234863916666666,
            51.166539233333332
          ],
          [
            7.2364553666666671,
            51.16866258333333
          ],
          [
            7.2377467436115417,
            51.171007832941818
          ],
          [
            7.2382490666666666,
            51.173371033333325
          ],
          [
            7.2379912666666675,
            51.175771216666668
          ],
          [
            7.2376280166666671,
            51.178053583333337
          ],
          [
            7.2372958666666669,
            51.180276050000003
          ],
          [
            7.237010166666666,
            51.181983833333334
          ],
          [
            7.235946020579088,
            51.182728943722658
          ],
          [
            7.2357083924793733,
            51.181414027005658
          ],
          [
            7.2372889166666674,
            51.180637099999998
          ],
          [
            7.2392609666666656,
            51.180639266666667
          ],
          [
            7.2408385500000003,
            51.18066125
          ],
          [
            7.2428446666666675,
            51.180667533333327
          ],
          [
            7.2444345666666665,
            51.180686899999998
          ],
          [
            7.2473688995408496,
            51.180754028468094
          ],
          [
            7.2489297466085238,
            51.181032021500883
          ],
          [
            7.2541262499999997,
            51.182443416666672
          ],
          [
            7.2541362666666656,
            51.181507616666671
          ],
          [
            7.2545253687006443,
            51.180571804939738
          ],
          [
            7.2544062,
            51.17942541666666
          ],
          [
            7.2545201166666669,
            51.178514199999995
          ],
          [
            7.2555497753448259,
            51.177731750650587
          ],
          [
            7.257505973175375,
            51.178098322506465
          ],
          [
            7.2590285397557324,
            51.178357774982672
          ],
          [
            7.2606993453087902,
            51.178859805406752
          ],
          [
            7.2619210181370217,
            51.179622239933849
          ],
          [
            7.2627250078657779,
            51.180753265795197
          ],
          [
            7.2636959468341731,
            51.181715650430526
          ],
          [
            7.2649330000000001,
            51.182547966666675
          ],
          [
            7.2660074522422233,
            51.183356307476593
          ],
          [
            7.2673229225492904,
            51.183797905143443
          ],
          [
            7.2686216560706285,
            51.184217080335799
          ],
          [
            7.2701360057128728,
            51.184452054419907
          ],
          [
            7.2716601833333332,
            51.18456505000001
          ],
          [
            7.2787531473555802,
            51.185099592957883
          ]
        ],
        "type" : "LineString"
      },
      "type" : "Feature",
      "properties" : {
        "type" : "route",
        "end" : "2026-09-10T22:59:59Z",
        "device" : "B9E47AEB-E54C-4563-96B6-06995DD4BC56 (iPhone 16 Pro)",
        "start" : "2026-09-08T23:00:00Z",
        "source" : "Geory 5.3.2"
      }
    }
  ]
}